scenarioId,totalQuestions,correctAnswers,totalErrors,accuracyPct,patternTag,patternCount,patternRatioOfQuestions,patternRatioOfErrors,sessions,days,sameSessionOnly,crossSession,crossDay,observedPatternLevel,evidenceStrength,taxonomyId,classificationState,patternLayer,engineDecision,engineDecisionAuthority,adcAction,blockPatternClaim,patternKey,patternLabel,parentSafeLabelHe,enrichApplied,parentFacingText,badge,visualVariant,cardColorHint,category,clearWeak,detectedPattern,appearsRegular,appearsDetailed,appearsShort
q1_w0_allSame,1,1,0,100,mt:calculation_off_by_one,0,0,0,1,1,true,false,false,none,small_sample,,unclassified_no_de2_unit,,insufficient_data,insufficient_data,collect_more_evidence,true,,,טעות חישוב של סטייה ב-1,false,"בנושא audit_topic יש כרגע מעט נתונים. ככל שיצטבר תרגול נוסף, נוכל להציג תמונה מדויקת יותר.",מעט שאלות - עדיין אין מספיק נתונים,neutral,bg-slate-500/10 border border-slate-400/35,A_insufficient_info,false,,true,true,true
q1_w1_allSame,1,0,1,0,mt:calculation_off_by_one,1,0,0,1,1,true,false,false,none,small_sample,,unclassified_no_de2_unit,,insufficient_data,insufficient_data,collect_more_evidence,true,,,טעות חישוב של סטייה ב-1,false,"בנושא audit_topic יש כרגע מעט נתונים. ככל שיצטבר תרגול נוסף, נוכל להציג תמונה מדויקת יותר.",מעט שאלות - עדיין אין מספיק נתונים,neutral,bg-slate-500/10 border border-slate-400/35,A_insufficient_info,false,,true,true,true
q2_w0_allSame,2,2,0,100,mt:calculation_off_by_one,0,0,0,1,1,true,false,false,none,small_sample,,unclassified_no_de2_unit,,insufficient_data,insufficient_data,collect_more_evidence,true,,,טעות חישוב של סטייה ב-1,false,בנושא audit_topic נפתרו 2 שאלות. עדיין מוקדם לקבוע אם קיים דפוס שחוזר בנושא.,מעט שאלות - עדיין אין מספיק נתונים,neutral,bg-slate-500/10 border border-slate-400/35,A_insufficient_info,false,,true,true,true
q2_w1_allSame,2,1,1,50,mt:calculation_off_by_one,1,0,0,1,1,true,false,false,none,small_sample,,unclassified_no_de2_unit,,insufficient_data,insufficient_data,collect_more_evidence,true,,,טעות חישוב של סטייה ב-1,false,בנושא audit_topic נפתרו 2 שאלות. עדיין מוקדם לקבוע אם קיים דפוס שחוזר בנושא.,מעט שאלות - עדיין אין מספיק נתונים,neutral,bg-slate-500/10 border border-slate-400/35,A_insufficient_info,false,,true,true,true
q2_w2_allSame,2,0,2,0,mt:calculation_off_by_one,2,1,1,1,1,true,false,false,observed,small_sample,,unclassified_no_de2_unit,,insufficient_data,insufficient_data,collect_more_evidence,true,mt:calculation_off_by_one,טעות חישוב של סטייה ב-1,טעות חישוב של סטייה ב-1,false,בנושא audit_topic נפתרו 2 שאלות. עדיין מוקדם לקבוע אם קיים דפוס שחוזר בנושא.,מעט שאלות - עדיין אין מספיק נתונים,neutral,bg-slate-500/10 border border-slate-400/35,A_insufficient_info,false,,true,true,true
q3_w0_allSame,3,3,0,100,mt:calculation_off_by_one,0,0,0,1,1,true,false,false,none,small_sample,,unclassified_no_de2_unit,,insufficient_data,insufficient_data,collect_more_evidence,true,,,טעות חישוב של סטייה ב-1,false,בנושא audit_topic יש 3 שאלות. עדיין מוקדם להסיק מסקנה ברורה.,מעט שאלות - עדיין אין מספיק נתונים,neutral,bg-slate-500/10 border border-slate-400/35,A_insufficient_info,false,,true,true,true
q3_w1_allSame,3,2,1,67,mt:calculation_off_by_one,1,0,0,1,1,true,false,false,none,small_sample,,unclassified_no_de2_unit,,insufficient_data,insufficient_data,collect_more_evidence,true,,,טעות חישוב של סטייה ב-1,false,בנושא audit_topic נרשמו כמה טעויות בשאלות שנפתרו. כדאי לעבור על הטעויות ולתרגל שוב את החלקים שבהם הופיע קושי. מבוסס על 3 שאלות שנפתרו בנושא.,מעט שאלות - עדיין אין מספיק נתונים,neutral,bg-slate-500/10 border border-slate-400/35,A_insufficient_info,false,,true,true,true
q3_w2_allSame,3,1,2,33,mt:calculation_off_by_one,2,0.6667,1,1,1,true,false,false,observed,small_sample,,unclassified_no_de2_unit,,insufficient_data,insufficient_data,collect_more_evidence,true,mt:calculation_off_by_one,טעות חישוב של סטייה ב-1,טעות חישוב של סטייה ב-1,false,"בנושא audit_topic, מבוסס על 3 שאלות שנפתרו בנושא, נראה דפוס מוקדם של טעויות.",מעט שאלות - עדיין אין מספיק נתונים,neutral,bg-slate-500/10 border border-slate-400/35,A_insufficient_info,false,,true,true,true
q3_w3_allSame,3,0,3,0,mt:calculation_off_by_one,3,1,1,1,1,true,false,false,observed,small_sample,,unclassified_no_de2_unit,,insufficient_data,insufficient_data,collect_more_evidence,true,mt:calculation_off_by_one,טעות חישוב של סטייה ב-1,טעות חישוב של סטייה ב-1,false,"בנושא audit_topic, מבוסס על 3 שאלות שנפתרו בנושא, נראה דפוס מוקדם של טעויות.",מעט שאלות - עדיין אין מספיק נתונים,neutral,bg-slate-500/10 border border-slate-400/35,A_insufficient_info,false,,true,true,true
q4_w0_allSame,4,4,0,100,mt:calculation_off_by_one,0,0,0,1,1,true,false,false,none,small_sample,,unclassified_no_de2_unit,,insufficient_data,insufficient_data,collect_more_evidence,true,,,טעות חישוב של סטייה ב-1,false,בנושא audit_topic יש 4 שאלות. עדיין מוקדם להסיק מסקנה ברורה.,מעט שאלות - עדיין אין מספיק נתונים,neutral,bg-slate-500/10 border border-slate-400/35,A_insufficient_info,false,,true,true,true
q4_w1_allSame,4,3,1,75,mt:calculation_off_by_one,1,0,0,1,1,true,false,false,none,small_sample,,unclassified_no_de2_unit,,insufficient_data,insufficient_data,collect_more_evidence,true,,,טעות חישוב של סטייה ב-1,false,בנושא audit_topic יש 4 שאלות. עדיין מוקדם להסיק מסקנה ברורה.,מעט שאלות - עדיין אין מספיק נתונים,neutral,bg-slate-500/10 border border-slate-400/35,A_insufficient_info,false,,true,true,true
q4_w2_allSame,4,2,2,50,mt:calculation_off_by_one,2,0.5,1,1,1,true,false,false,observed,small_sample,,unclassified_no_de2_unit,,insufficient_data,insufficient_data,collect_more_evidence,true,mt:calculation_off_by_one,טעות חישוב של סטייה ב-1,טעות חישוב של סטייה ב-1,false,"בנושא audit_topic, מבוסס על 4 שאלות שנפתרו בנושא, נראה דפוס מוקדם של טעויות.",מעט שאלות - עדיין אין מספיק נתונים,neutral,bg-slate-500/10 border border-slate-400/35,A_insufficient_info,false,,true,true,true
q4_w3_allSame,4,1,3,25,mt:calculation_off_by_one,3,0.75,1,1,1,true,false,false,observed,small_sample,,unclassified_no_de2_unit,,insufficient_data,insufficient_data,collect_more_evidence,true,mt:calculation_off_by_one,טעות חישוב של סטייה ב-1,טעות חישוב של סטייה ב-1,false,"בנושא audit_topic, מבוסס על 4 שאלות שנפתרו בנושא, נראה דפוס מוקדם של טעויות.",מעט שאלות - עדיין אין מספיק נתונים,neutral,bg-slate-500/10 border border-slate-400/35,A_insufficient_info,false,,true,true,true
q4_w4_allSame,4,0,4,0,mt:calculation_off_by_one,4,1,1,1,1,true,false,false,observed,small_sample,,unclassified_no_de2_unit,,insufficient_data,insufficient_data,collect_more_evidence,true,mt:calculation_off_by_one,טעות חישוב של סטייה ב-1,טעות חישוב של סטייה ב-1,false,"בנושא audit_topic, מבוסס על 4 שאלות שנפתרו בנושא, נראה דפוס מוקדם של טעויות.",מעט שאלות - עדיין אין מספיק נתונים,neutral,bg-slate-500/10 border border-slate-400/35,A_insufficient_info,false,,true,true,true
q5_w0_allSame,5,5,0,100,mt:calculation_off_by_one,0,0,0,1,1,true,false,false,none,emerging,,unclassified_no_de2_unit,,early_direction_only,early_direction_only,collect_more_evidence,true,,,טעות חישוב של סטייה ב-1,false,בנושא audit_topic נראית הצלחה טובה בשאלות שנפתרו עד עכשיו. מבוסס על 5 שאלות שנפתרו בנושא.,מעט שאלות - עדיין אין מספיק נתונים,neutral,bg-slate-500/10 border border-slate-400/35,B_early_direction,false,,true,true,true
q5_w1_allSame,5,4,1,80,mt:calculation_off_by_one,1,0,0,1,1,true,false,false,none,emerging,,unclassified_no_de2_unit,,early_direction_only,early_direction_only,collect_more_evidence,true,,,טעות חישוב של סטייה ב-1,false,בנושא audit_topic נראית הצלחה טובה בשאלות שנפתרו עד עכשיו. מבוסס על 5 שאלות שנפתרו בנושא.,מעט שאלות - עדיין אין מספיק נתונים,neutral,bg-slate-500/10 border border-slate-400/35,B_early_direction,false,,true,true,true
q5_w2_allSame,5,3,2,60,mt:calculation_off_by_one,2,0.4,1,1,1,true,false,false,repeated,emerging,,unclassified_no_de2_unit,,topic_needs_strengthening,topic_needs_strengthening,collect_more_evidence,true,mt:calculation_off_by_one,טעות חישוב של סטייה ב-1,טעות חישוב של סטייה ב-1,false,"בנושא audit_topic יש חלק שדורש חיזוק (5 שאלות, 60% דיוק). כדאי חיזוק ממוקד. מבוסס על 5 שאלות שנפתרו בנושא.",כדאי לחזק,remediate,bg-amber-500/12 border border-amber-400/40,D_topic_difficulty,true,,true,true,true
q5_w3_allSame,5,2,3,40,mt:calculation_off_by_one,3,0.6,1,1,1,true,false,false,repeated,emerging,,unclassified_no_de2_unit,,clear_topic_gap,clear_topic_gap,collect_more_evidence,true,mt:calculation_off_by_one,טעות חישוב של סטייה ב-1,טעות חישוב של סטייה ב-1,false,בנושא audit_topic נראה קושי ברור. 3 שגיאות מתוך 5 שאלות (40% דיוק). כדאי לחזור ולתרגל את הנושא לפני שממשיכים. מבוסס על 5 שאלות שנפתרו בנושא.,כדאי לתרגל עוד,remediate,bg-yellow-500/15 border border-yellow-400/45,D_topic_difficulty,true,,true,true,true
q5_w4_allSame,5,1,4,20,mt:calculation_off_by_one,4,0.8,1,1,1,true,false,false,repeated,emerging,,unclassified_no_de2_unit,,clear_topic_gap,clear_topic_gap,collect_more_evidence,true,mt:calculation_off_by_one,טעות חישוב של סטייה ב-1,טעות חישוב של סטייה ב-1,false,בנושא audit_topic נראה קושי ברור. 4 שגיאות מתוך 5 שאלות (20% דיוק). כדאי לחזור ולתרגל את הנושא לפני שממשיכים. מבוסס על 5 שאלות שנפתרו בנושא.,כדאי לתרגל עוד,remediate,bg-yellow-500/15 border border-yellow-400/45,D_topic_difficulty,true,,true,true,true
q5_w5_allSame,5,0,5,0,mt:calculation_off_by_one,5,1,1,1,1,true,false,false,repeated,emerging,,unclassified_no_de2_unit,,clear_topic_gap,clear_topic_gap,collect_more_evidence,true,mt:calculation_off_by_one,טעות חישוב של סטייה ב-1,טעות חישוב של סטייה ב-1,false,בנושא audit_topic נראה קושי ברור. 5 שגיאות מתוך 5 שאלות (0% דיוק). כדאי לחזור ולתרגל את הנושא לפני שממשיכים. מבוסס על 5 שאלות שנפתרו בנושא.,כדאי לתרגל עוד,remediate,bg-yellow-500/15 border border-yellow-400/45,D_topic_difficulty,true,,true,true,true
q6_w0_allSame,6,6,0,100,mt:calculation_off_by_one,0,0,0,1,1,true,false,false,none,emerging,,unclassified_no_de2_unit,,early_direction_only,early_direction_only,collect_more_evidence,true,,,טעות חישוב של סטייה ב-1,false,בנושא audit_topic נראית הצלחה טובה בשאלות שנפתרו עד עכשיו. מבוסס על 6 שאלות שנפתרו בנושא.,מעט שאלות - עדיין אין מספיק נתונים,neutral,bg-slate-500/10 border border-slate-400/35,B_early_direction,false,,true,true,true
q6_w1_allSame,6,5,1,83,mt:calculation_off_by_one,1,0,0,1,1,true,false,false,none,emerging,,unclassified_no_de2_unit,,early_direction_only,early_direction_only,collect_more_evidence,true,,,טעות חישוב של סטייה ב-1,false,בנושא audit_topic נראית הצלחה טובה בשאלות שנפתרו עד עכשיו. מבוסס על 6 שאלות שנפתרו בנושא.,מעט שאלות - עדיין אין מספיק נתונים,neutral,bg-slate-500/10 border border-slate-400/35,B_early_direction,false,,true,true,true
q6_w2_allSame,6,4,2,67,mt:calculation_off_by_one,2,0.3333,1,1,1,true,false,false,repeated,emerging,,unclassified_no_de2_unit,,topic_needs_strengthening,topic_needs_strengthening,collect_more_evidence,true,mt:calculation_off_by_one,טעות חישוב של סטייה ב-1,טעות חישוב של סטייה ב-1,false,"בנושא audit_topic יש חלק שדורש חיזוק (6 שאלות, 67% דיוק). כדאי חיזוק ממוקד. מבוסס על 6 שאלות שנפתרו בנושא.",כדאי לחזק,remediate,bg-amber-500/12 border border-amber-400/40,D_topic_difficulty,true,,true,true,true
q6_w3_allSame,6,3,3,50,mt:calculation_off_by_one,3,0.5,1,1,1,true,false,false,repeated,emerging,,unclassified_no_de2_unit,,topic_needs_strengthening,topic_needs_strengthening,collect_more_evidence,true,mt:calculation_off_by_one,טעות חישוב של סטייה ב-1,טעות חישוב של סטייה ב-1,false,"בנושא audit_topic יש חלק שדורש חיזוק (6 שאלות, 50% דיוק). כדאי חיזוק ממוקד. מבוסס על 6 שאלות שנפתרו בנושא.",כדאי לחזק,remediate,bg-amber-500/12 border border-amber-400/40,D_topic_difficulty,true,,true,true,true
q6_w4_allSame,6,2,4,33,mt:calculation_off_by_one,4,0.6667,1,1,1,true,false,false,repeated,emerging,,unclassified_no_de2_unit,,clear_topic_gap,clear_topic_gap,collect_more_evidence,true,mt:calculation_off_by_one,טעות חישוב של סטייה ב-1,טעות חישוב של סטייה ב-1,false,בנושא audit_topic נראה קושי ברור. 4 שגיאות מתוך 6 שאלות (33% דיוק). כדאי לחזור ולתרגל את הנושא לפני שממשיכים. מבוסס על 6 שאלות שנפתרו בנושא.,כדאי לתרגל עוד,remediate,bg-yellow-500/15 border border-yellow-400/45,D_topic_difficulty,true,,true,true,true
q6_w5_allSame,6,1,5,17,mt:calculation_off_by_one,5,0.8333,1,1,1,true,false,false,repeated,emerging,,unclassified_no_de2_unit,,clear_topic_gap,clear_topic_gap,collect_more_evidence,true,mt:calculation_off_by_one,טעות חישוב של סטייה ב-1,טעות חישוב של סטייה ב-1,false,בנושא audit_topic נראה קושי ברור. 5 שגיאות מתוך 6 שאלות (17% דיוק). כדאי לחזור ולתרגל את הנושא לפני שממשיכים. מבוסס על 6 שאלות שנפתרו בנושא.,כדאי לתרגל עוד,remediate,bg-yellow-500/15 border border-yellow-400/45,D_topic_difficulty,true,,true,true,true
q6_w6_allSame,6,0,6,0,mt:calculation_off_by_one,6,1,1,1,1,true,false,false,repeated,emerging,,unclassified_no_de2_unit,,clear_topic_gap,clear_topic_gap,collect_more_evidence,true,mt:calculation_off_by_one,טעות חישוב של סטייה ב-1,טעות חישוב של סטייה ב-1,false,בנושא audit_topic נראה קושי ברור. 6 שגיאות מתוך 6 שאלות (0% דיוק). כדאי לחזור ולתרגל את הנושא לפני שממשיכים. מבוסס על 6 שאלות שנפתרו בנושא.,כדאי לתרגל עוד,remediate,bg-yellow-500/15 border border-yellow-400/45,D_topic_difficulty,true,,true,true,true
q8_w0_allSame,8,8,0,100,mt:calculation_off_by_one,0,0,0,1,1,true,false,false,none,supported,,unclassified_no_de2_unit,,early_direction_only,early_direction_only,collect_more_evidence,true,,,טעות חישוב של סטייה ב-1,false,בנושא audit_topic נראית הצלחה יציבה בשאלות שנפתרו. מבוסס על 8 שאלות שנפתרו בנושא.,מעט שאלות - עדיין אין מספיק נתונים,neutral,bg-slate-500/10 border border-slate-400/35,B_early_direction,false,,true,true,true
q8_w1_allSame,8,7,1,88,mt:calculation_off_by_one,1,0,0,1,1,true,false,false,none,supported,,unclassified_no_de2_unit,,early_direction_only,early_direction_only,collect_more_evidence,true,,,טעות חישוב של סטייה ב-1,false,בנושא audit_topic נראית הצלחה יציבה בשאלות שנפתרו. מבוסס על 8 שאלות שנפתרו בנושא.,מעט שאלות - עדיין אין מספיק נתונים,neutral,bg-slate-500/10 border border-slate-400/35,B_early_direction,false,,true,true,true
q8_w2_allSame,8,6,2,75,mt:calculation_off_by_one,2,0.25,1,1,1,true,false,false,repeated,supported,,unclassified_no_de2_unit,,early_direction_only,early_direction_only,collect_more_evidence,true,mt:calculation_off_by_one,טעות חישוב של סטייה ב-1,טעות חישוב של סטייה ב-1,false,בנושא audit_topic נראית הצלחה טובה בשאלות שנפתרו עד עכשיו. מבוסס על 8 שאלות שנפתרו בנושא.,מעט שאלות - עדיין אין מספיק נתונים,neutral,bg-slate-500/10 border border-slate-400/35,B_early_direction,false,,true,true,true
q8_w3_allSame,8,5,3,63,mt:calculation_off_by_one,3,0.375,1,1,1,true,false,false,repeated,supported,,unclassified_no_de2_unit,,topic_needs_strengthening,topic_needs_strengthening,collect_more_evidence,true,mt:calculation_off_by_one,טעות חישוב של סטייה ב-1,טעות חישוב של סטייה ב-1,false,"בנושא audit_topic יש חלק שדורש חיזוק (8 שאלות, 63% דיוק). כדאי חיזוק ממוקד. מבוסס על 8 שאלות שנפתרו בנושא.",כדאי לחזק,remediate,bg-amber-500/12 border border-amber-400/40,D_topic_difficulty,true,,true,true,true
q8_w4_allSame,8,4,4,50,mt:calculation_off_by_one,4,0.5,1,1,1,true,false,false,repeated,supported,,unclassified_no_de2_unit,,topic_needs_strengthening,topic_needs_strengthening,collect_more_evidence,true,mt:calculation_off_by_one,טעות חישוב של סטייה ב-1,טעות חישוב של סטייה ב-1,false,"בנושא audit_topic יש חלק שדורש חיזוק (8 שאלות, 50% דיוק). כדאי חיזוק ממוקד. מבוסס על 8 שאלות שנפתרו בנושא.",כדאי לחזק,remediate,bg-amber-500/12 border border-amber-400/40,D_topic_difficulty,true,,true,true,true
q8_w5_allSame,8,3,5,38,mt:calculation_off_by_one,5,0.625,1,1,1,true,false,false,repeated,supported,,unclassified_no_de2_unit,,clear_topic_gap,clear_topic_gap,collect_more_evidence,true,mt:calculation_off_by_one,טעות חישוב של סטייה ב-1,טעות חישוב של סטייה ב-1,false,בנושא audit_topic נראה קושי ברור. 5 שגיאות מתוך 8 שאלות (38% דיוק). כדאי לחזור ולתרגל את הנושא לפני שממשיכים. מבוסס על 8 שאלות שנפתרו בנושא.,כדאי לתרגל עוד,remediate,bg-yellow-500/15 border border-yellow-400/45,D_topic_difficulty,true,,true,true,true
q8_w6_allSame,8,2,6,25,mt:calculation_off_by_one,6,0.75,1,1,1,true,false,false,repeated,supported,,unclassified_no_de2_unit,,clear_topic_gap,clear_topic_gap,collect_more_evidence,true,mt:calculation_off_by_one,טעות חישוב של סטייה ב-1,טעות חישוב של סטייה ב-1,false,בנושא audit_topic נראה קושי ברור. 6 שגיאות מתוך 8 שאלות (25% דיוק). כדאי לחזור ולתרגל את הנושא לפני שממשיכים. מבוסס על 8 שאלות שנפתרו בנושא.,כדאי לתרגל עוד,remediate,bg-yellow-500/15 border border-yellow-400/45,D_topic_difficulty,true,,true,true,true
q10_w0_allSame,10,10,0,100,mt:calculation_off_by_one,0,0,0,1,1,true,false,false,none,supported,,unclassified_no_de2_unit,,mastery_stable,mastery_stable,collect_more_evidence,true,,,טעות חישוב של סטייה ב-1,false,"בנושא audit_topic נראית הצלחה טובה ויציבה (10 שאלות, 100% דיוק). מבוסס על 10 שאלות שנפתרו בנושא.",מצוין,advance,bg-emerald-500/15 border border-emerald-400/45,E_strength_or_mastery,false,,true,true,true
q10_w1_allSame,10,9,1,90,mt:calculation_off_by_one,1,0,0,1,1,true,false,false,none,supported,,unclassified_no_de2_unit,,mastery_stable,mastery_stable,collect_more_evidence,true,,,טעות חישוב של סטייה ב-1,false,"בנושא audit_topic נראית הצלחה טובה ויציבה (10 שאלות, 90% דיוק). מבוסס על 10 שאלות שנפתרו בנושא.",מצוין,advance,bg-emerald-500/15 border border-emerald-400/45,E_strength_or_mastery,false,,true,true,true
q10_w2_allSame,10,8,2,80,mt:calculation_off_by_one,2,0.2,1,1,1,true,false,false,repeated,supported,,unclassified_no_de2_unit,,partial_stable,partial_stable,collect_more_evidence,true,mt:calculation_off_by_one,טעות חישוב של סטייה ב-1,טעות חישוב של סטייה ב-1,false,"בנושא audit_topic יש הבנה חלקית (80% דיוק), אבל עדיין צריך חיזוק כדי להגיע ליציבות. מבוסס על 10 שאלות שנפתרו בנושא.",במעקב,maintain,bg-sky-500/10 border border-sky-400/35,E_strength_or_mastery,false,,true,true,true
q10_w3_allSame,10,7,3,70,mt:calculation_off_by_one,3,0.3,1,1,1,true,false,false,repeated,supported,,unclassified_no_de2_unit,,partial_stable,partial_stable,collect_more_evidence,true,mt:calculation_off_by_one,טעות חישוב של סטייה ב-1,טעות חישוב של סטייה ב-1,false,"בנושא audit_topic יש הבנה חלקית (70% דיוק), אבל עדיין צריך חיזוק כדי להגיע ליציבות. מבוסס על 10 שאלות שנפתרו בנושא.",במעקב,maintain,bg-sky-500/10 border border-sky-400/35,E_strength_or_mastery,false,,true,true,true
q10_w4_allSame,10,6,4,60,mt:calculation_off_by_one,4,0.4,1,1,1,true,false,false,repeated,supported,,unclassified_no_de2_unit,,topic_needs_strengthening,topic_needs_strengthening,collect_more_evidence,true,mt:calculation_off_by_one,טעות חישוב של סטייה ב-1,טעות חישוב של סטייה ב-1,false,"בנושא audit_topic יש חלק שדורש חיזוק (10 שאלות, 60% דיוק). כדאי חיזוק ממוקד. מבוסס על 10 שאלות שנפתרו בנושא.",כדאי לחזק,remediate,bg-amber-500/12 border border-amber-400/40,D_topic_difficulty,true,,true,true,true
q10_w5_allSame,10,5,5,50,mt:calculation_off_by_one,5,0.5,1,1,1,true,false,false,repeated,supported,,unclassified_no_de2_unit,,topic_needs_strengthening,topic_needs_strengthening,collect_more_evidence,true,mt:calculation_off_by_one,טעות חישוב של סטייה ב-1,טעות חישוב של סטייה ב-1,false,"בנושא audit_topic יש חלק שדורש חיזוק (10 שאלות, 50% דיוק). כדאי חיזוק ממוקד. מבוסס על 10 שאלות שנפתרו בנושא.",כדאי לחזק,remediate,bg-amber-500/12 border border-amber-400/40,D_topic_difficulty,true,,true,true,true
q10_w6_allSame,10,4,6,40,mt:calculation_off_by_one,6,0.6,1,1,1,true,false,false,repeated,supported,,unclassified_no_de2_unit,,clear_topic_gap,clear_topic_gap,collect_more_evidence,true,mt:calculation_off_by_one,טעות חישוב של סטייה ב-1,טעות חישוב של סטייה ב-1,false,בנושא audit_topic נראה קושי ברור. 6 שגיאות מתוך 10 שאלות (40% דיוק). כדאי לחזור ולתרגל את הנושא לפני שממשיכים. מבוסס על 10 שאלות שנפתרו בנושא.,כדאי לתרגל עוד,remediate,bg-yellow-500/15 border border-yellow-400/45,D_topic_difficulty,true,,true,true,true
q11_w0_allSame,11,11,0,100,mt:calculation_off_by_one,0,0,0,1,1,true,false,false,none,supported,,unclassified_no_de2_unit,,mastery_stable,mastery_stable,collect_more_evidence,true,,,טעות חישוב של סטייה ב-1,false,"בנושא audit_topic נראית הצלחה טובה ויציבה (11 שאלות, 100% דיוק). מבוסס על 11 שאלות שנפתרו בנושא.",מצוין,advance,bg-emerald-500/15 border border-emerald-400/45,E_strength_or_mastery,false,,true,true,true
q11_w1_allSame,11,10,1,91,mt:calculation_off_by_one,1,0,0,1,1,true,false,false,none,supported,,unclassified_no_de2_unit,,mastery_stable,mastery_stable,collect_more_evidence,true,,,טעות חישוב של סטייה ב-1,false,"בנושא audit_topic נראית הצלחה טובה ויציבה (11 שאלות, 91% דיוק). מבוסס על 11 שאלות שנפתרו בנושא.",מצוין,advance,bg-emerald-500/15 border border-emerald-400/45,E_strength_or_mastery,false,,true,true,true
q11_w2_allSame,11,9,2,82,mt:calculation_off_by_one,2,0.1818,1,1,1,true,false,false,repeated,supported,,unclassified_no_de2_unit,,partial_stable,partial_stable,collect_more_evidence,true,mt:calculation_off_by_one,טעות חישוב של סטייה ב-1,טעות חישוב של סטייה ב-1,false,"בנושא audit_topic יש הבנה חלקית (82% דיוק), אבל עדיין צריך חיזוק כדי להגיע ליציבות. מבוסס על 11 שאלות שנפתרו בנושא.",במעקב,maintain,bg-sky-500/10 border border-sky-400/35,E_strength_or_mastery,false,,true,true,true
q11_w3_allSame,11,8,3,73,mt:calculation_off_by_one,3,0.2727,1,1,1,true,false,false,repeated,supported,,unclassified_no_de2_unit,,partial_stable,partial_stable,collect_more_evidence,true,mt:calculation_off_by_one,טעות חישוב של סטייה ב-1,טעות חישוב של סטייה ב-1,false,"בנושא audit_topic יש הבנה חלקית (73% דיוק), אבל עדיין צריך חיזוק כדי להגיע ליציבות. מבוסס על 11 שאלות שנפתרו בנושא.",במעקב,maintain,bg-sky-500/10 border border-sky-400/35,E_strength_or_mastery,false,,true,true,true
q11_w4_allSame,11,7,4,64,mt:calculation_off_by_one,4,0.3636,1,1,1,true,false,false,repeated,supported,,unclassified_no_de2_unit,,topic_needs_strengthening,topic_needs_strengthening,collect_more_evidence,true,mt:calculation_off_by_one,טעות חישוב של סטייה ב-1,טעות חישוב של סטייה ב-1,false,"בנושא audit_topic יש חלק שדורש חיזוק (11 שאלות, 64% דיוק). כדאי חיזוק ממוקד. מבוסס על 11 שאלות שנפתרו בנושא.",כדאי לחזק,remediate,bg-amber-500/12 border border-amber-400/40,D_topic_difficulty,true,,true,true,true
q11_w5_allSame,11,6,5,55,mt:calculation_off_by_one,5,0.4545,1,1,1,true,false,false,repeated,supported,,unclassified_no_de2_unit,,topic_needs_strengthening,topic_needs_strengthening,collect_more_evidence,true,mt:calculation_off_by_one,טעות חישוב של סטייה ב-1,טעות חישוב של סטייה ב-1,false,"בנושא audit_topic יש חלק שדורש חיזוק (11 שאלות, 55% דיוק). כדאי חיזוק ממוקד. מבוסס על 11 שאלות שנפתרו בנושא.",כדאי לחזק,remediate,bg-amber-500/12 border border-amber-400/40,D_topic_difficulty,true,,true,true,true
q11_w6_allSame,11,5,6,45,mt:calculation_off_by_one,6,0.5455,1,1,1,true,false,false,repeated,supported,,unclassified_no_de2_unit,,clear_topic_gap,clear_topic_gap,collect_more_evidence,true,mt:calculation_off_by_one,טעות חישוב של סטייה ב-1,טעות חישוב של סטייה ב-1,false,בנושא audit_topic נראה קושי ברור. 6 שגיאות מתוך 11 שאלות (45% דיוק). כדאי לחזור ולתרגל את הנושא לפני שממשיכים. מבוסס על 11 שאלות שנפתרו בנושא.,כדאי לתרגל עוד,remediate,bg-yellow-500/15 border border-yellow-400/45,D_topic_difficulty,true,,true,true,true
q12_w0_allSame,12,12,0,100,mt:calculation_off_by_one,0,0,0,1,1,true,false,false,none,strong,,unclassified_no_de2_unit,,mastery_stable,mastery_stable,collect_more_evidence,true,,,טעות חישוב של סטייה ב-1,false,"בנושא audit_topic נראית הצלחה טובה ויציבה (12 שאלות, 100% דיוק). מבוסס על 12 שאלות שנפתרו בנושא.",מצוין,advance,bg-emerald-500/15 border border-emerald-400/45,E_strength_or_mastery,false,,true,true,true
q12_w1_allSame,12,11,1,92,mt:calculation_off_by_one,1,0,0,1,1,true,false,false,none,strong,,unclassified_no_de2_unit,,mastery_stable,mastery_stable,collect_more_evidence,true,,,טעות חישוב של סטייה ב-1,false,"בנושא audit_topic נראית הצלחה טובה ויציבה (12 שאלות, 92% דיוק). מבוסס על 12 שאלות שנפתרו בנושא.",מצוין,advance,bg-emerald-500/15 border border-emerald-400/45,E_strength_or_mastery,false,,true,true,true
q12_w2_allSame,12,10,2,83,mt:calculation_off_by_one,2,0.1667,1,1,1,true,false,false,consistent,strong,,unclassified_no_de2_unit,,partial_stable,partial_stable,collect_more_evidence,true,mt:calculation_off_by_one,טעות חישוב של סטייה ב-1,טעות חישוב של סטייה ב-1,false,"בנושא audit_topic יש הבנה חלקית (83% דיוק), אבל עדיין צריך חיזוק כדי להגיע ליציבות. מבוסס על 12 שאלות שנפתרו בנושא.",במעקב,maintain,bg-sky-500/10 border border-sky-400/35,E_strength_or_mastery,false,,true,true,true
q12_w3_allSame,12,9,3,75,mt:calculation_off_by_one,3,0.25,1,1,1,true,false,false,consistent,strong,,unclassified_no_de2_unit,,partial_stable,partial_stable,collect_more_evidence,true,mt:calculation_off_by_one,טעות חישוב של סטייה ב-1,טעות חישוב של סטייה ב-1,false,"בנושא audit_topic יש הבנה חלקית (75% דיוק), אבל עדיין צריך חיזוק כדי להגיע ליציבות. מבוסס על 12 שאלות שנפתרו בנושא.",במעקב,maintain,bg-sky-500/10 border border-sky-400/35,E_strength_or_mastery,false,,true,true,true
q12_w4_allSame,12,8,4,67,mt:calculation_off_by_one,4,0.3333,1,1,1,true,false,false,consistent,strong,,unclassified_no_de2_unit,,topic_needs_strengthening,topic_needs_strengthening,collect_more_evidence,true,mt:calculation_off_by_one,טעות חישוב של סטייה ב-1,טעות חישוב של סטייה ב-1,true,בנושא audit_topic יש חלק שדורש חיזוק. ב-4 תשובות חזרה טעות חישוב של סטייה ב-1. מבוסס על 12 שאלות שנפתרו בנושא.,כדאי לחזק,remediate,bg-amber-500/12 border border-amber-400/40,C_factual_repeated_pattern,true,,true,true,true
q12_w5_allSame,12,7,5,58,mt:calculation_off_by_one,5,0.4167,1,1,1,true,false,false,consistent,strong,,unclassified_no_de2_unit,,topic_needs_strengthening,topic_needs_strengthening,collect_more_evidence,true,mt:calculation_off_by_one,טעות חישוב של סטייה ב-1,טעות חישוב של סטייה ב-1,true,בנושא audit_topic יש חלק שדורש חיזוק. ב-5 תשובות חזרה טעות חישוב של סטייה ב-1. מבוסס על 12 שאלות שנפתרו בנושא.,כדאי לחזק,remediate,bg-amber-500/12 border border-amber-400/40,C_factual_repeated_pattern,true,,true,true,true
q12_w6_allSame,12,6,6,50,mt:calculation_off_by_one,6,0.5,1,1,1,true,false,false,consistent,strong,,unclassified_no_de2_unit,,topic_needs_strengthening,topic_needs_strengthening,collect_more_evidence,true,mt:calculation_off_by_one,טעות חישוב של סטייה ב-1,טעות חישוב של סטייה ב-1,true,בנושא audit_topic יש חלק שדורש חיזוק. ב-6 תשובות חזרה טעות חישוב של סטייה ב-1. מבוסס על 12 שאלות שנפתרו בנושא.,כדאי לחזק,remediate,bg-amber-500/12 border border-amber-400/40,C_factual_repeated_pattern,true,,true,true,true
q15_w0_allSame,15,15,0,100,mt:calculation_off_by_one,0,0,0,1,1,true,false,false,none,strong,,unclassified_no_de2_unit,,mastery_stable,mastery_stable,collect_more_evidence,true,,,טעות חישוב של סטייה ב-1,false,"בנושא audit_topic נראית הצלחה טובה ויציבה (15 שאלות, 100% דיוק). מבוסס על 15 שאלות שנפתרו בנושא.",מצוין,advance,bg-emerald-500/15 border border-emerald-400/45,E_strength_or_mastery,false,,true,true,true
q15_w1_allSame,15,14,1,93,mt:calculation_off_by_one,1,0,0,1,1,true,false,false,none,strong,,unclassified_no_de2_unit,,mastery_stable,mastery_stable,collect_more_evidence,true,,,טעות חישוב של סטייה ב-1,false,"בנושא audit_topic נראית הצלחה טובה ויציבה (15 שאלות, 93% דיוק). מבוסס על 15 שאלות שנפתרו בנושא.",מצוין,advance,bg-emerald-500/15 border border-emerald-400/45,E_strength_or_mastery,false,,true,true,true
q15_w2_allSame,15,13,2,87,mt:calculation_off_by_one,2,0.1333,1,1,1,true,false,false,consistent,strong,,unclassified_no_de2_unit,,partial_stable,partial_stable,collect_more_evidence,true,mt:calculation_off_by_one,טעות חישוב של סטייה ב-1,טעות חישוב של סטייה ב-1,false,"בנושא audit_topic יש הבנה חלקית (87% דיוק), אבל עדיין צריך חיזוק כדי להגיע ליציבות. מבוסס על 15 שאלות שנפתרו בנושא.",במעקב,maintain,bg-sky-500/10 border border-sky-400/35,E_strength_or_mastery,false,,true,true,true
q15_w3_allSame,15,12,3,80,mt:calculation_off_by_one,3,0.2,1,1,1,true,false,false,consistent,strong,,unclassified_no_de2_unit,,partial_stable,partial_stable,collect_more_evidence,true,mt:calculation_off_by_one,טעות חישוב של סטייה ב-1,טעות חישוב של סטייה ב-1,false,"בנושא audit_topic יש הבנה חלקית (80% דיוק), אבל עדיין צריך חיזוק כדי להגיע ליציבות. מבוסס על 15 שאלות שנפתרו בנושא.",במעקב,maintain,bg-sky-500/10 border border-sky-400/35,E_strength_or_mastery,false,,true,true,true
q15_w4_allSame,15,11,4,73,mt:calculation_off_by_one,4,0.2667,1,1,1,true,false,false,consistent,strong,,unclassified_no_de2_unit,,partial_stable,partial_stable,collect_more_evidence,true,mt:calculation_off_by_one,טעות חישוב של סטייה ב-1,טעות חישוב של סטייה ב-1,false,"בנושא audit_topic יש הבנה חלקית (73% דיוק), אבל עדיין צריך חיזוק כדי להגיע ליציבות. מבוסס על 15 שאלות שנפתרו בנושא.",במעקב,maintain,bg-sky-500/10 border border-sky-400/35,E_strength_or_mastery,false,,true,true,true
q15_w5_allSame,15,10,5,67,mt:calculation_off_by_one,5,0.3333,1,1,1,true,false,false,consistent,strong,,unclassified_no_de2_unit,,topic_needs_strengthening,topic_needs_strengthening,collect_more_evidence,true,mt:calculation_off_by_one,טעות חישוב של סטייה ב-1,טעות חישוב של סטייה ב-1,true,בנושא audit_topic יש חלק שדורש חיזוק. ב-5 תשובות חזרה טעות חישוב של סטייה ב-1. מבוסס על 15 שאלות שנפתרו בנושא.,כדאי לחזק,remediate,bg-amber-500/12 border border-amber-400/40,C_factual_repeated_pattern,true,,true,true,true
q15_w6_allSame,15,9,6,60,mt:calculation_off_by_one,6,0.4,1,1,1,true,false,false,consistent,strong,,unclassified_no_de2_unit,,topic_needs_strengthening,topic_needs_strengthening,collect_more_evidence,true,mt:calculation_off_by_one,טעות חישוב של סטייה ב-1,טעות חישוב של סטייה ב-1,true,בנושא audit_topic יש חלק שדורש חיזוק. ב-6 תשובות חזרה טעות חישוב של סטייה ב-1. מבוסס על 15 שאלות שנפתרו בנושא.,כדאי לחזק,remediate,bg-amber-500/12 border border-amber-400/40,C_factual_repeated_pattern,true,,true,true,true
q16_w0_allSame,16,16,0,100,mt:calculation_off_by_one,0,0,0,1,1,true,false,false,none,strong,,unclassified_no_de2_unit,,mastery_stable,mastery_stable,collect_more_evidence,true,,,טעות חישוב של סטייה ב-1,false,"בנושא audit_topic נראית הצלחה טובה ויציבה (16 שאלות, 100% דיוק). מבוסס על 16 שאלות שנפתרו בנושא.",מצוין,advance,bg-emerald-500/15 border border-emerald-400/45,E_strength_or_mastery,false,,true,true,true
q16_w1_allSame,16,15,1,94,mt:calculation_off_by_one,1,0,0,1,1,true,false,false,none,strong,,unclassified_no_de2_unit,,mastery_stable,mastery_stable,collect_more_evidence,true,,,טעות חישוב של סטייה ב-1,false,"בנושא audit_topic נראית הצלחה טובה ויציבה (16 שאלות, 94% דיוק). מבוסס על 16 שאלות שנפתרו בנושא.",מצוין,advance,bg-emerald-500/15 border border-emerald-400/45,E_strength_or_mastery,false,,true,true,true
q16_w2_allSame,16,14,2,88,mt:calculation_off_by_one,2,0.125,1,1,1,true,false,false,consistent,strong,,unclassified_no_de2_unit,,partial_stable,partial_stable,collect_more_evidence,true,mt:calculation_off_by_one,טעות חישוב של סטייה ב-1,טעות חישוב של סטייה ב-1,false,"בנושא audit_topic יש הבנה חלקית (88% דיוק), אבל עדיין צריך חיזוק כדי להגיע ליציבות. מבוסס על 16 שאלות שנפתרו בנושא.",במעקב,maintain,bg-sky-500/10 border border-sky-400/35,E_strength_or_mastery,false,,true,true,true
q16_w3_allSame,16,13,3,81,mt:calculation_off_by_one,3,0.1875,1,1,1,true,false,false,consistent,strong,,unclassified_no_de2_unit,,partial_stable,partial_stable,collect_more_evidence,true,mt:calculation_off_by_one,טעות חישוב של סטייה ב-1,טעות חישוב של סטייה ב-1,false,"בנושא audit_topic יש הבנה חלקית (81% דיוק), אבל עדיין צריך חיזוק כדי להגיע ליציבות. מבוסס על 16 שאלות שנפתרו בנושא.",במעקב,maintain,bg-sky-500/10 border border-sky-400/35,E_strength_or_mastery,false,,true,true,true
q16_w4_allSame,16,12,4,75,mt:calculation_off_by_one,4,0.25,1,1,1,true,false,false,consistent,strong,,unclassified_no_de2_unit,,partial_stable,partial_stable,collect_more_evidence,true,mt:calculation_off_by_one,טעות חישוב של סטייה ב-1,טעות חישוב של סטייה ב-1,false,"בנושא audit_topic יש הבנה חלקית (75% דיוק), אבל עדיין צריך חיזוק כדי להגיע ליציבות. מבוסס על 16 שאלות שנפתרו בנושא.",במעקב,maintain,bg-sky-500/10 border border-sky-400/35,E_strength_or_mastery,false,,true,true,true
q16_w5_allSame,16,11,5,69,mt:calculation_off_by_one,5,0.3125,1,1,1,true,false,false,consistent,strong,,unclassified_no_de2_unit,,topic_needs_strengthening,topic_needs_strengthening,collect_more_evidence,true,mt:calculation_off_by_one,טעות חישוב של סטייה ב-1,טעות חישוב של סטייה ב-1,true,בנושא audit_topic יש חלק שדורש חיזוק. ב-5 תשובות חזרה טעות חישוב של סטייה ב-1. מבוסס על 16 שאלות שנפתרו בנושא.,כדאי לחזק,remediate,bg-amber-500/12 border border-amber-400/40,C_factual_repeated_pattern,true,,true,true,true
q16_w6_allSame,16,10,6,63,mt:calculation_off_by_one,6,0.375,1,1,1,true,false,false,consistent,strong,,unclassified_no_de2_unit,,topic_needs_strengthening,topic_needs_strengthening,collect_more_evidence,true,mt:calculation_off_by_one,טעות חישוב של סטייה ב-1,טעות חישוב של סטייה ב-1,true,בנושא audit_topic יש חלק שדורש חיזוק. ב-6 תשובות חזרה טעות חישוב של סטייה ב-1. מבוסס על 16 שאלות שנפתרו בנושא.,כדאי לחזק,remediate,bg-amber-500/12 border border-amber-400/40,C_factual_repeated_pattern,true,,true,true,true
q20_w0_allSame,20,20,0,100,mt:calculation_off_by_one,0,0,0,1,1,true,false,false,none,strong,,unclassified_no_de2_unit,,mastery_stable,mastery_stable,collect_more_evidence,true,,,טעות חישוב של סטייה ב-1,false,"בנושא audit_topic נראית הצלחה טובה ויציבה (20 שאלות, 100% דיוק). מבוסס על 20 שאלות שנפתרו בנושא.",מצוין,advance,bg-emerald-500/15 border border-emerald-400/45,E_strength_or_mastery,false,,true,true,true
q20_w1_allSame,20,19,1,95,mt:calculation_off_by_one,1,0,0,1,1,true,false,false,none,strong,,unclassified_no_de2_unit,,mastery_stable,mastery_stable,collect_more_evidence,true,,,טעות חישוב של סטייה ב-1,false,"בנושא audit_topic נראית הצלחה טובה ויציבה (20 שאלות, 95% דיוק). מבוסס על 20 שאלות שנפתרו בנושא.",מצוין,advance,bg-emerald-500/15 border border-emerald-400/45,E_strength_or_mastery,false,,true,true,true
q20_w2_allSame,20,18,2,90,mt:calculation_off_by_one,2,0.1,1,1,1,true,false,false,consistent,strong,,unclassified_no_de2_unit,,mastery_stable,mastery_stable,collect_more_evidence,true,mt:calculation_off_by_one,טעות חישוב של סטייה ב-1,טעות חישוב של סטייה ב-1,false,"בנושא audit_topic נראית הצלחה טובה ויציבה (20 שאלות, 90% דיוק). מבוסס על 20 שאלות שנפתרו בנושא.",מצוין,advance,bg-emerald-500/15 border border-emerald-400/45,E_strength_or_mastery,false,,true,true,true
q20_w3_allSame,20,17,3,85,mt:calculation_off_by_one,3,0.15,1,1,1,true,false,false,consistent,strong,,unclassified_no_de2_unit,,partial_stable,partial_stable,collect_more_evidence,true,mt:calculation_off_by_one,טעות חישוב של סטייה ב-1,טעות חישוב של סטייה ב-1,false,"בנושא audit_topic יש הבנה חלקית (85% דיוק), אבל עדיין צריך חיזוק כדי להגיע ליציבות. מבוסס על 20 שאלות שנפתרו בנושא.",במעקב,maintain,bg-sky-500/10 border border-sky-400/35,E_strength_or_mastery,false,,true,true,true
q20_w4_allSame,20,16,4,80,mt:calculation_off_by_one,4,0.2,1,1,1,true,false,false,consistent,strong,,unclassified_no_de2_unit,,partial_stable,partial_stable,collect_more_evidence,true,mt:calculation_off_by_one,טעות חישוב של סטייה ב-1,טעות חישוב של סטייה ב-1,false,"בנושא audit_topic יש הבנה חלקית (80% דיוק), אבל עדיין צריך חיזוק כדי להגיע ליציבות. מבוסס על 20 שאלות שנפתרו בנושא.",במעקב,maintain,bg-sky-500/10 border border-sky-400/35,E_strength_or_mastery,false,,true,true,true
q20_w5_allSame,20,15,5,75,mt:calculation_off_by_one,5,0.25,1,1,1,true,false,false,consistent,strong,,unclassified_no_de2_unit,,partial_stable,partial_stable,collect_more_evidence,true,mt:calculation_off_by_one,טעות חישוב של סטייה ב-1,טעות חישוב של סטייה ב-1,false,"בנושא audit_topic יש הבנה חלקית (75% דיוק), אבל עדיין צריך חיזוק כדי להגיע ליציבות. מבוסס על 20 שאלות שנפתרו בנושא.",במעקב,maintain,bg-sky-500/10 border border-sky-400/35,E_strength_or_mastery,false,,true,true,true
q20_w6_allSame,20,14,6,70,mt:calculation_off_by_one,6,0.3,1,1,1,true,false,false,consistent,strong,,unclassified_no_de2_unit,,partial_stable,partial_stable,collect_more_evidence,true,mt:calculation_off_by_one,טעות חישוב של סטייה ב-1,טעות חישוב של סטייה ב-1,false,"בנושא audit_topic יש הבנה חלקית (70% דיוק), אבל עדיין צריך חיזוק כדי להגיע ליציבות. מבוסס על 20 שאלות שנפתרו בנושא.",במעקב,maintain,bg-sky-500/10 border border-sky-400/35,E_strength_or_mastery,false,,true,true,true
q25_w0_allSame,25,25,0,100,mt:calculation_off_by_one,0,0,0,1,1,true,false,false,none,strong,,unclassified_no_de2_unit,,mastery_stable,mastery_stable,collect_more_evidence,true,,,טעות חישוב של סטייה ב-1,false,"בנושא audit_topic נראית הצלחה טובה ויציבה (25 שאלות, 100% דיוק). מבוסס על 25 שאלות שנפתרו בנושא.",מצוין,advance,bg-emerald-500/15 border border-emerald-400/45,E_strength_or_mastery,false,,true,true,true
q25_w1_allSame,25,24,1,96,mt:calculation_off_by_one,1,0,0,1,1,true,false,false,none,strong,,unclassified_no_de2_unit,,mastery_stable,mastery_stable,collect_more_evidence,true,,,טעות חישוב של סטייה ב-1,false,"בנושא audit_topic נראית הצלחה טובה ויציבה (25 שאלות, 96% דיוק). מבוסס על 25 שאלות שנפתרו בנושא.",מצוין,advance,bg-emerald-500/15 border border-emerald-400/45,E_strength_or_mastery,false,,true,true,true
q25_w2_allSame,25,23,2,92,mt:calculation_off_by_one,2,0.08,1,1,1,true,false,false,consistent,strong,,unclassified_no_de2_unit,,mastery_stable,mastery_stable,collect_more_evidence,true,mt:calculation_off_by_one,טעות חישוב של סטייה ב-1,טעות חישוב של סטייה ב-1,false,"בנושא audit_topic נראית הצלחה טובה ויציבה (25 שאלות, 92% דיוק). מבוסס על 25 שאלות שנפתרו בנושא.",מצוין,advance,bg-emerald-500/15 border border-emerald-400/45,E_strength_or_mastery,false,,true,true,true
q25_w3_allSame,25,22,3,88,mt:calculation_off_by_one,3,0.12,1,1,1,true,false,false,consistent,strong,,unclassified_no_de2_unit,,partial_stable,partial_stable,collect_more_evidence,true,mt:calculation_off_by_one,טעות חישוב של סטייה ב-1,טעות חישוב של סטייה ב-1,false,"בנושא audit_topic יש הבנה חלקית (88% דיוק), אבל עדיין צריך חיזוק כדי להגיע ליציבות. מבוסס על 25 שאלות שנפתרו בנושא.",במעקב,maintain,bg-sky-500/10 border border-sky-400/35,E_strength_or_mastery,false,,true,true,true
q25_w4_allSame,25,21,4,84,mt:calculation_off_by_one,4,0.16,1,1,1,true,false,false,consistent,strong,,unclassified_no_de2_unit,,partial_stable,partial_stable,collect_more_evidence,true,mt:calculation_off_by_one,טעות חישוב של סטייה ב-1,טעות חישוב של סטייה ב-1,false,"בנושא audit_topic יש הבנה חלקית (84% דיוק), אבל עדיין צריך חיזוק כדי להגיע ליציבות. מבוסס על 25 שאלות שנפתרו בנושא.",במעקב,maintain,bg-sky-500/10 border border-sky-400/35,E_strength_or_mastery,false,,true,true,true
q25_w5_allSame,25,20,5,80,mt:calculation_off_by_one,5,0.2,1,1,1,true,false,false,consistent,strong,,unclassified_no_de2_unit,,partial_stable,partial_stable,collect_more_evidence,true,mt:calculation_off_by_one,טעות חישוב של סטייה ב-1,טעות חישוב של סטייה ב-1,false,"בנושא audit_topic יש הבנה חלקית (80% דיוק), אבל עדיין צריך חיזוק כדי להגיע ליציבות. מבוסס על 25 שאלות שנפתרו בנושא.",במעקב,maintain,bg-sky-500/10 border border-sky-400/35,E_strength_or_mastery,false,,true,true,true
q25_w6_allSame,25,19,6,76,mt:calculation_off_by_one,6,0.24,1,1,1,true,false,false,consistent,strong,,unclassified_no_de2_unit,,partial_stable,partial_stable,collect_more_evidence,true,mt:calculation_off_by_one,טעות חישוב של סטייה ב-1,טעות חישוב של סטייה ב-1,false,"בנושא audit_topic יש הבנה חלקית (76% דיוק), אבל עדיין צריך חיזוק כדי להגיע ליציבות. מבוסס על 25 שאלות שנפתרו בנושא.",במעקב,maintain,bg-sky-500/10 border border-sky-400/35,E_strength_or_mastery,false,,true,true,true
q26_w0_allSame,26,26,0,100,mt:calculation_off_by_one,0,0,0,1,1,true,false,false,none,strong,,unclassified_no_de2_unit,,mastery_stable,mastery_stable,collect_more_evidence,true,,,טעות חישוב של סטייה ב-1,false,"בנושא audit_topic נראית הצלחה טובה ויציבה (26 שאלות, 100% דיוק). מבוסס על 26 שאלות שנפתרו בנושא.",מצוין,advance,bg-emerald-500/15 border border-emerald-400/45,E_strength_or_mastery,false,,true,true,true
q26_w1_allSame,26,25,1,96,mt:calculation_off_by_one,1,0,0,1,1,true,false,false,none,strong,,unclassified_no_de2_unit,,mastery_stable,mastery_stable,collect_more_evidence,true,,,טעות חישוב של סטייה ב-1,false,"בנושא audit_topic נראית הצלחה טובה ויציבה (26 שאלות, 96% דיוק). מבוסס על 26 שאלות שנפתרו בנושא.",מצוין,advance,bg-emerald-500/15 border border-emerald-400/45,E_strength_or_mastery,false,,true,true,true
q26_w2_allSame,26,24,2,92,mt:calculation_off_by_one,2,0.0769,1,1,1,true,false,false,consistent,strong,,unclassified_no_de2_unit,,mastery_stable,mastery_stable,collect_more_evidence,true,mt:calculation_off_by_one,טעות חישוב של סטייה ב-1,טעות חישוב של סטייה ב-1,false,"בנושא audit_topic נראית הצלחה טובה ויציבה (26 שאלות, 92% דיוק). מבוסס על 26 שאלות שנפתרו בנושא.",מצוין,advance,bg-emerald-500/15 border border-emerald-400/45,E_strength_or_mastery,false,,true,true,true
q26_w3_allSame,26,23,3,88,mt:calculation_off_by_one,3,0.1154,1,1,1,true,false,false,consistent,strong,,unclassified_no_de2_unit,,partial_stable,partial_stable,collect_more_evidence,true,mt:calculation_off_by_one,טעות חישוב של סטייה ב-1,טעות חישוב של סטייה ב-1,false,"בנושא audit_topic יש הבנה חלקית (88% דיוק), אבל עדיין צריך חיזוק כדי להגיע ליציבות. מבוסס על 26 שאלות שנפתרו בנושא.",במעקב,maintain,bg-sky-500/10 border border-sky-400/35,E_strength_or_mastery,false,,true,true,true
q26_w4_allSame,26,22,4,85,mt:calculation_off_by_one,4,0.1538,1,1,1,true,false,false,consistent,strong,,unclassified_no_de2_unit,,partial_stable,partial_stable,collect_more_evidence,true,mt:calculation_off_by_one,טעות חישוב של סטייה ב-1,טעות חישוב של סטייה ב-1,false,"בנושא audit_topic יש הבנה חלקית (85% דיוק), אבל עדיין צריך חיזוק כדי להגיע ליציבות. מבוסס על 26 שאלות שנפתרו בנושא.",במעקב,maintain,bg-sky-500/10 border border-sky-400/35,E_strength_or_mastery,false,,true,true,true
q26_w5_allSame,26,21,5,81,mt:calculation_off_by_one,5,0.1923,1,1,1,true,false,false,consistent,strong,,unclassified_no_de2_unit,,partial_stable,partial_stable,collect_more_evidence,true,mt:calculation_off_by_one,טעות חישוב של סטייה ב-1,טעות חישוב של סטייה ב-1,false,"בנושא audit_topic יש הבנה חלקית (81% דיוק), אבל עדיין צריך חיזוק כדי להגיע ליציבות. מבוסס על 26 שאלות שנפתרו בנושא.",במעקב,maintain,bg-sky-500/10 border border-sky-400/35,E_strength_or_mastery,false,,true,true,true
q26_w6_allSame,26,20,6,77,mt:calculation_off_by_one,6,0.2308,1,1,1,true,false,false,consistent,strong,,unclassified_no_de2_unit,,partial_stable,partial_stable,collect_more_evidence,true,mt:calculation_off_by_one,טעות חישוב של סטייה ב-1,טעות חישוב של סטייה ב-1,false,"בנושא audit_topic יש הבנה חלקית (77% דיוק), אבל עדיין צריך חיזוק כדי להגיע ליציבות. מבוסס על 26 שאלות שנפתרו בנושא.",במעקב,maintain,bg-sky-500/10 border border-sky-400/35,E_strength_or_mastery,false,,true,true,true
q30_w0_allSame,30,30,0,100,mt:calculation_off_by_one,0,0,0,1,1,true,false,false,none,strong,,unclassified_no_de2_unit,,mastery_stable,mastery_stable,collect_more_evidence,true,,,טעות חישוב של סטייה ב-1,false,"בנושא audit_topic נראית הצלחה טובה ויציבה (30 שאלות, 100% דיוק). מבוסס על 30 שאלות שנפתרו בנושא.",מצוין,advance,bg-emerald-500/15 border border-emerald-400/45,E_strength_or_mastery,false,,true,true,true
q30_w1_allSame,30,29,1,97,mt:calculation_off_by_one,1,0,0,1,1,true,false,false,none,strong,,unclassified_no_de2_unit,,mastery_stable,mastery_stable,collect_more_evidence,true,,,טעות חישוב של סטייה ב-1,false,"בנושא audit_topic נראית הצלחה טובה ויציבה (30 שאלות, 97% דיוק). מבוסס על 30 שאלות שנפתרו בנושא.",מצוין,advance,bg-emerald-500/15 border border-emerald-400/45,E_strength_or_mastery,false,,true,true,true
q30_w2_allSame,30,28,2,93,mt:calculation_off_by_one,2,0.0667,1,1,1,true,false,false,consistent,strong,,unclassified_no_de2_unit,,mastery_stable,mastery_stable,collect_more_evidence,true,mt:calculation_off_by_one,טעות חישוב של סטייה ב-1,טעות חישוב של סטייה ב-1,false,"בנושא audit_topic נראית הצלחה טובה ויציבה (30 שאלות, 93% דיוק). מבוסס על 30 שאלות שנפתרו בנושא.",מצוין,advance,bg-emerald-500/15 border border-emerald-400/45,E_strength_or_mastery,false,,true,true,true
q30_w3_allSame,30,27,3,90,mt:calculation_off_by_one,3,0.1,1,1,1,true,false,false,consistent,strong,,unclassified_no_de2_unit,,mastery_stable,mastery_stable,collect_more_evidence,true,mt:calculation_off_by_one,טעות חישוב של סטייה ב-1,טעות חישוב של סטייה ב-1,false,"בנושא audit_topic נראית הצלחה טובה ויציבה (30 שאלות, 90% דיוק). מבוסס על 30 שאלות שנפתרו בנושא.",מצוין,advance,bg-emerald-500/15 border border-emerald-400/45,E_strength_or_mastery,false,,true,true,true
q30_w4_allSame,30,26,4,87,mt:calculation_off_by_one,4,0.1333,1,1,1,true,false,false,consistent,strong,,unclassified_no_de2_unit,,partial_stable,partial_stable,collect_more_evidence,true,mt:calculation_off_by_one,טעות חישוב של סטייה ב-1,טעות חישוב של סטייה ב-1,false,"בנושא audit_topic יש הבנה חלקית (87% דיוק), אבל עדיין צריך חיזוק כדי להגיע ליציבות. מבוסס על 30 שאלות שנפתרו בנושא.",במעקב,maintain,bg-sky-500/10 border border-sky-400/35,E_strength_or_mastery,false,,true,true,true
q30_w5_allSame,30,25,5,83,mt:calculation_off_by_one,5,0.1667,1,1,1,true,false,false,consistent,strong,,unclassified_no_de2_unit,,partial_stable,partial_stable,collect_more_evidence,true,mt:calculation_off_by_one,טעות חישוב של סטייה ב-1,טעות חישוב של סטייה ב-1,false,"בנושא audit_topic יש הבנה חלקית (83% דיוק), אבל עדיין צריך חיזוק כדי להגיע ליציבות. מבוסס על 30 שאלות שנפתרו בנושא.",במעקב,maintain,bg-sky-500/10 border border-sky-400/35,E_strength_or_mastery,false,,true,true,true
q30_w6_allSame,30,24,6,80,mt:calculation_off_by_one,6,0.2,1,1,1,true,false,false,consistent,strong,,unclassified_no_de2_unit,,partial_stable,partial_stable,collect_more_evidence,true,mt:calculation_off_by_one,טעות חישוב של סטייה ב-1,טעות חישוב של סטייה ב-1,false,"בנושא audit_topic יש הבנה חלקית (80% דיוק), אבל עדיין צריך חיזוק כדי להגיע ליציבות. מבוסס על 30 שאלות שנפתרו בנושא.",במעקב,maintain,bg-sky-500/10 border border-sky-400/35,E_strength_or_mastery,false,,true,true,true
q40_w0_allSame,40,40,0,100,mt:calculation_off_by_one,0,0,0,1,1,true,false,false,none,strong,,unclassified_no_de2_unit,,mastery_stable,mastery_stable,collect_more_evidence,true,,,טעות חישוב של סטייה ב-1,false,"בנושא audit_topic נראית הצלחה טובה ויציבה (40 שאלות, 100% דיוק). מבוסס על 40 שאלות שנפתרו בנושא.",מצוין,advance,bg-emerald-500/15 border border-emerald-400/45,E_strength_or_mastery,false,,true,true,true
q40_w1_allSame,40,39,1,98,mt:calculation_off_by_one,1,0,0,1,1,true,false,false,none,strong,,unclassified_no_de2_unit,,mastery_stable,mastery_stable,collect_more_evidence,true,,,טעות חישוב של סטייה ב-1,false,"בנושא audit_topic נראית הצלחה טובה ויציבה (40 שאלות, 98% דיוק). מבוסס על 40 שאלות שנפתרו בנושא.",מצוין,advance,bg-emerald-500/15 border border-emerald-400/45,E_strength_or_mastery,false,,true,true,true
q40_w2_allSame,40,38,2,95,mt:calculation_off_by_one,2,0.05,1,1,1,true,false,false,strong,strong,,unclassified_no_de2_unit,,mastery_stable,mastery_stable,collect_more_evidence,true,mt:calculation_off_by_one,טעות חישוב של סטייה ב-1,טעות חישוב של סטייה ב-1,false,"בנושא audit_topic נראית הצלחה טובה ויציבה (40 שאלות, 95% דיוק). מבוסס על 40 שאלות שנפתרו בנושא.",מצוין,advance,bg-emerald-500/15 border border-emerald-400/45,E_strength_or_mastery,false,,true,true,true
q40_w3_allSame,40,37,3,93,mt:calculation_off_by_one,3,0.075,1,1,1,true,false,false,strong,strong,,unclassified_no_de2_unit,,mastery_stable,mastery_stable,collect_more_evidence,true,mt:calculation_off_by_one,טעות חישוב של סטייה ב-1,טעות חישוב של סטייה ב-1,false,"בנושא audit_topic נראית הצלחה טובה ויציבה (40 שאלות, 93% דיוק). מבוסס על 40 שאלות שנפתרו בנושא.",מצוין,advance,bg-emerald-500/15 border border-emerald-400/45,E_strength_or_mastery,false,,true,true,true
q40_w4_allSame,40,36,4,90,mt:calculation_off_by_one,4,0.1,1,1,1,true,false,false,strong,strong,,unclassified_no_de2_unit,,mastery_stable,mastery_stable,collect_more_evidence,true,mt:calculation_off_by_one,טעות חישוב של סטייה ב-1,טעות חישוב של סטייה ב-1,false,"בנושא audit_topic נראית הצלחה טובה ויציבה (40 שאלות, 90% דיוק). מבוסס על 40 שאלות שנפתרו בנושא.",מצוין,advance,bg-emerald-500/15 border border-emerald-400/45,E_strength_or_mastery,false,,true,true,true
q40_w5_allSame,40,35,5,88,mt:calculation_off_by_one,5,0.125,1,1,1,true,false,false,strong,strong,,unclassified_no_de2_unit,,partial_stable,partial_stable,collect_more_evidence,true,mt:calculation_off_by_one,טעות חישוב של סטייה ב-1,טעות חישוב של סטייה ב-1,false,"בנושא audit_topic יש הבנה חלקית (88% דיוק), אבל עדיין צריך חיזוק כדי להגיע ליציבות. מבוסס על 40 שאלות שנפתרו בנושא.",במעקב,maintain,bg-sky-500/10 border border-sky-400/35,E_strength_or_mastery,false,,true,true,true
q40_w6_allSame,40,34,6,85,mt:calculation_off_by_one,6,0.15,1,1,1,true,false,false,strong,strong,,unclassified_no_de2_unit,,partial_stable,partial_stable,collect_more_evidence,true,mt:calculation_off_by_one,טעות חישוב של סטייה ב-1,טעות חישוב של סטייה ב-1,false,"בנושא audit_topic יש הבנה חלקית (85% דיוק), אבל עדיין צריך חיזוק כדי להגיע ליציבות. מבוסס על 40 שאלות שנפתרו בנושא.",במעקב,maintain,bg-sky-500/10 border border-sky-400/35,E_strength_or_mastery,false,,true,true,true
q8_errRate0.25,8,6,2,75,mt:calculation_off_by_one,2,0.25,1,1,1,true,false,false,repeated,supported,,unclassified_no_de2_unit,,early_direction_only,early_direction_only,collect_more_evidence,true,mt:calculation_off_by_one,טעות חישוב של סטייה ב-1,טעות חישוב של סטייה ב-1,false,בנושא audit_topic נראית הצלחה טובה בשאלות שנפתרו עד עכשיו. מבוסס על 8 שאלות שנפתרו בנושא.,מעט שאלות - עדיין אין מספיק נתונים,neutral,bg-slate-500/10 border border-slate-400/35,B_early_direction,false,,true,true,true
q8_errRate0.33,8,5,3,63,mt:calculation_off_by_one,3,0.375,1,1,1,true,false,false,repeated,supported,,unclassified_no_de2_unit,,topic_needs_strengthening,topic_needs_strengthening,collect_more_evidence,true,mt:calculation_off_by_one,טעות חישוב של סטייה ב-1,טעות חישוב של סטייה ב-1,false,"בנושא audit_topic יש חלק שדורש חיזוק (8 שאלות, 63% דיוק). כדאי חיזוק ממוקד. מבוסס על 8 שאלות שנפתרו בנושא.",כדאי לחזק,remediate,bg-amber-500/12 border border-amber-400/40,D_topic_difficulty,true,,true,true,true
q8_errRate0.4,8,5,3,63,mt:calculation_off_by_one,3,0.375,1,1,1,true,false,false,repeated,supported,,unclassified_no_de2_unit,,topic_needs_strengthening,topic_needs_strengthening,collect_more_evidence,true,mt:calculation_off_by_one,טעות חישוב של סטייה ב-1,טעות חישוב של סטייה ב-1,false,"בנושא audit_topic יש חלק שדורש חיזוק (8 שאלות, 63% דיוק). כדאי חיזוק ממוקד. מבוסס על 8 שאלות שנפתרו בנושא.",כדאי לחזק,remediate,bg-amber-500/12 border border-amber-400/40,D_topic_difficulty,true,,true,true,true
q8_errRate0.5,8,4,4,50,mt:calculation_off_by_one,4,0.5,1,1,1,true,false,false,repeated,supported,,unclassified_no_de2_unit,,topic_needs_strengthening,topic_needs_strengthening,collect_more_evidence,true,mt:calculation_off_by_one,טעות חישוב של סטייה ב-1,טעות חישוב של סטייה ב-1,false,"בנושא audit_topic יש חלק שדורש חיזוק (8 שאלות, 50% דיוק). כדאי חיזוק ממוקד. מבוסס על 8 שאלות שנפתרו בנושא.",כדאי לחזק,remediate,bg-amber-500/12 border border-amber-400/40,D_topic_difficulty,true,,true,true,true
q8_errRate0.6,8,3,5,38,mt:calculation_off_by_one,5,0.625,1,1,1,true,false,false,repeated,supported,,unclassified_no_de2_unit,,clear_topic_gap,clear_topic_gap,collect_more_evidence,true,mt:calculation_off_by_one,טעות חישוב של סטייה ב-1,טעות חישוב של סטייה ב-1,false,בנושא audit_topic נראה קושי ברור. 5 שגיאות מתוך 8 שאלות (38% דיוק). כדאי לחזור ולתרגל את הנושא לפני שממשיכים. מבוסס על 8 שאלות שנפתרו בנושא.,כדאי לתרגל עוד,remediate,bg-yellow-500/15 border border-yellow-400/45,D_topic_difficulty,true,,true,true,true
q8_errRate0.75,8,2,6,25,mt:calculation_off_by_one,6,0.75,1,1,1,true,false,false,repeated,supported,,unclassified_no_de2_unit,,clear_topic_gap,clear_topic_gap,collect_more_evidence,true,mt:calculation_off_by_one,טעות חישוב של סטייה ב-1,טעות חישוב של סטייה ב-1,false,בנושא audit_topic נראה קושי ברור. 6 שגיאות מתוך 8 שאלות (25% דיוק). כדאי לחזור ולתרגל את הנושא לפני שממשיכים. מבוסס על 8 שאלות שנפתרו בנושא.,כדאי לתרגל עוד,remediate,bg-yellow-500/15 border border-yellow-400/45,D_topic_difficulty,true,,true,true,true
q12_errRate0.25,12,9,3,75,mt:calculation_off_by_one,3,0.25,1,1,1,true,false,false,consistent,strong,,unclassified_no_de2_unit,,partial_stable,partial_stable,collect_more_evidence,true,mt:calculation_off_by_one,טעות חישוב של סטייה ב-1,טעות חישוב של סטייה ב-1,false,"בנושא audit_topic יש הבנה חלקית (75% דיוק), אבל עדיין צריך חיזוק כדי להגיע ליציבות. מבוסס על 12 שאלות שנפתרו בנושא.",במעקב,maintain,bg-sky-500/10 border border-sky-400/35,E_strength_or_mastery,false,,true,true,true
q12_errRate0.33,12,8,4,67,mt:calculation_off_by_one,4,0.3333,1,1,1,true,false,false,consistent,strong,,unclassified_no_de2_unit,,topic_needs_strengthening,topic_needs_strengthening,collect_more_evidence,true,mt:calculation_off_by_one,טעות חישוב של סטייה ב-1,טעות חישוב של סטייה ב-1,true,בנושא audit_topic יש חלק שדורש חיזוק. ב-4 תשובות חזרה טעות חישוב של סטייה ב-1. מבוסס על 12 שאלות שנפתרו בנושא.,כדאי לחזק,remediate,bg-amber-500/12 border border-amber-400/40,C_factual_repeated_pattern,true,,true,true,true
q12_errRate0.4,12,7,5,58,mt:calculation_off_by_one,5,0.4167,1,1,1,true,false,false,consistent,strong,,unclassified_no_de2_unit,,topic_needs_strengthening,topic_needs_strengthening,collect_more_evidence,true,mt:calculation_off_by_one,טעות חישוב של סטייה ב-1,טעות חישוב של סטייה ב-1,true,בנושא audit_topic יש חלק שדורש חיזוק. ב-5 תשובות חזרה טעות חישוב של סטייה ב-1. מבוסס על 12 שאלות שנפתרו בנושא.,כדאי לחזק,remediate,bg-amber-500/12 border border-amber-400/40,C_factual_repeated_pattern,true,,true,true,true
q12_errRate0.5,12,6,6,50,mt:calculation_off_by_one,6,0.5,1,1,1,true,false,false,consistent,strong,,unclassified_no_de2_unit,,topic_needs_strengthening,topic_needs_strengthening,collect_more_evidence,true,mt:calculation_off_by_one,טעות חישוב של סטייה ב-1,טעות חישוב של סטייה ב-1,true,בנושא audit_topic יש חלק שדורש חיזוק. ב-6 תשובות חזרה טעות חישוב של סטייה ב-1. מבוסס על 12 שאלות שנפתרו בנושא.,כדאי לחזק,remediate,bg-amber-500/12 border border-amber-400/40,C_factual_repeated_pattern,true,,true,true,true
q12_errRate0.6,12,5,7,42,mt:calculation_off_by_one,7,0.5833,1,1,1,true,false,false,consistent,strong,,unclassified_no_de2_unit,,clear_topic_gap,clear_topic_gap,collect_more_evidence,true,mt:calculation_off_by_one,טעות חישוב של סטייה ב-1,טעות חישוב של סטייה ב-1,true,בנושא audit_topic נראה קושי ברור. ב-7 תשובות חזרה טעות חישוב של סטייה ב-1. מבוסס על 12 שאלות שנפתרו בנושא.,כדאי לתרגל עוד,remediate,bg-yellow-500/15 border border-yellow-400/45,C_factual_repeated_pattern,true,,true,true,true
q12_errRate0.75,12,3,9,25,mt:calculation_off_by_one,9,0.75,1,1,1,true,false,false,consistent,strong,,unclassified_no_de2_unit,,clear_topic_gap,clear_topic_gap,collect_more_evidence,true,mt:calculation_off_by_one,טעות חישוב של סטייה ב-1,טעות חישוב של סטייה ב-1,true,בנושא audit_topic נראה קושי ברור. ב-9 תשובות חזרה טעות חישוב של סטייה ב-1. מבוסס על 12 שאלות שנפתרו בנושא.,כדאי לתרגל עוד,remediate,bg-yellow-500/15 border border-yellow-400/45,C_factual_repeated_pattern,true,,true,true,true
q16_errRate0.25,16,12,4,75,mt:calculation_off_by_one,4,0.25,1,1,1,true,false,false,consistent,strong,,unclassified_no_de2_unit,,partial_stable,partial_stable,collect_more_evidence,true,mt:calculation_off_by_one,טעות חישוב של סטייה ב-1,טעות חישוב של סטייה ב-1,false,"בנושא audit_topic יש הבנה חלקית (75% דיוק), אבל עדיין צריך חיזוק כדי להגיע ליציבות. מבוסס על 16 שאלות שנפתרו בנושא.",במעקב,maintain,bg-sky-500/10 border border-sky-400/35,E_strength_or_mastery,false,,true,true,true
q16_errRate0.33,16,11,5,69,mt:calculation_off_by_one,5,0.3125,1,1,1,true,false,false,consistent,strong,,unclassified_no_de2_unit,,topic_needs_strengthening,topic_needs_strengthening,collect_more_evidence,true,mt:calculation_off_by_one,טעות חישוב של סטייה ב-1,טעות חישוב של סטייה ב-1,true,בנושא audit_topic יש חלק שדורש חיזוק. ב-5 תשובות חזרה טעות חישוב של סטייה ב-1. מבוסס על 16 שאלות שנפתרו בנושא.,כדאי לחזק,remediate,bg-amber-500/12 border border-amber-400/40,C_factual_repeated_pattern,true,,true,true,true
q16_errRate0.4,16,10,6,63,mt:calculation_off_by_one,6,0.375,1,1,1,true,false,false,consistent,strong,,unclassified_no_de2_unit,,topic_needs_strengthening,topic_needs_strengthening,collect_more_evidence,true,mt:calculation_off_by_one,טעות חישוב של סטייה ב-1,טעות חישוב של סטייה ב-1,true,בנושא audit_topic יש חלק שדורש חיזוק. ב-6 תשובות חזרה טעות חישוב של סטייה ב-1. מבוסס על 16 שאלות שנפתרו בנושא.,כדאי לחזק,remediate,bg-amber-500/12 border border-amber-400/40,C_factual_repeated_pattern,true,,true,true,true
q16_errRate0.5,16,8,8,50,mt:calculation_off_by_one,8,0.5,1,1,1,true,false,false,consistent,strong,,unclassified_no_de2_unit,,topic_needs_strengthening,topic_needs_strengthening,collect_more_evidence,true,mt:calculation_off_by_one,טעות חישוב של סטייה ב-1,טעות חישוב של סטייה ב-1,true,בנושא audit_topic יש חלק שדורש חיזוק. ב-8 תשובות חזרה טעות חישוב של סטייה ב-1. מבוסס על 16 שאלות שנפתרו בנושא.,כדאי לחזק,remediate,bg-amber-500/12 border border-amber-400/40,C_factual_repeated_pattern,true,,true,true,true
q16_errRate0.6,16,6,10,38,mt:calculation_off_by_one,10,0.625,1,1,1,true,false,false,consistent,strong,,unclassified_no_de2_unit,,clear_topic_gap,clear_topic_gap,collect_more_evidence,true,mt:calculation_off_by_one,טעות חישוב של סטייה ב-1,טעות חישוב של סטייה ב-1,true,בנושא audit_topic נראה קושי ברור. ב-10 תשובות חזרה טעות חישוב של סטייה ב-1. מבוסס על 16 שאלות שנפתרו בנושא.,כדאי לתרגל עוד,remediate,bg-yellow-500/15 border border-yellow-400/45,C_factual_repeated_pattern,true,,true,true,true
q16_errRate0.75,16,4,12,25,mt:calculation_off_by_one,12,0.75,1,1,1,true,false,false,consistent,strong,,unclassified_no_de2_unit,,clear_topic_gap,clear_topic_gap,collect_more_evidence,true,mt:calculation_off_by_one,טעות חישוב של סטייה ב-1,טעות חישוב של סטייה ב-1,true,בנושא audit_topic נראה קושי ברור. ב-12 תשובות חזרה טעות חישוב של סטייה ב-1. מבוסס על 16 שאלות שנפתרו בנושא.,כדאי לתרגל עוד,remediate,bg-yellow-500/15 border border-yellow-400/45,C_factual_repeated_pattern,true,,true,true,true
q20_errRate0.25,20,15,5,75,mt:calculation_off_by_one,5,0.25,1,1,1,true,false,false,consistent,strong,,unclassified_no_de2_unit,,partial_stable,partial_stable,collect_more_evidence,true,mt:calculation_off_by_one,טעות חישוב של סטייה ב-1,טעות חישוב של סטייה ב-1,false,"בנושא audit_topic יש הבנה חלקית (75% דיוק), אבל עדיין צריך חיזוק כדי להגיע ליציבות. מבוסס על 20 שאלות שנפתרו בנושא.",במעקב,maintain,bg-sky-500/10 border border-sky-400/35,E_strength_or_mastery,false,,true,true,true
q20_errRate0.33,20,13,7,65,mt:calculation_off_by_one,7,0.35,1,1,1,true,false,false,consistent,strong,,unclassified_no_de2_unit,,topic_needs_strengthening,topic_needs_strengthening,collect_more_evidence,true,mt:calculation_off_by_one,טעות חישוב של סטייה ב-1,טעות חישוב של סטייה ב-1,true,בנושא audit_topic יש חלק שדורש חיזוק. ב-7 תשובות חזרה טעות חישוב של סטייה ב-1. מבוסס על 20 שאלות שנפתרו בנושא.,כדאי לחזק,remediate,bg-amber-500/12 border border-amber-400/40,C_factual_repeated_pattern,true,,true,true,true
q20_errRate0.4,20,12,8,60,mt:calculation_off_by_one,8,0.4,1,1,1,true,false,false,consistent,strong,,unclassified_no_de2_unit,,topic_needs_strengthening,topic_needs_strengthening,collect_more_evidence,true,mt:calculation_off_by_one,טעות חישוב של סטייה ב-1,טעות חישוב של סטייה ב-1,true,בנושא audit_topic יש חלק שדורש חיזוק. ב-8 תשובות חזרה טעות חישוב של סטייה ב-1. מבוסס על 20 שאלות שנפתרו בנושא.,כדאי לחזק,remediate,bg-amber-500/12 border border-amber-400/40,C_factual_repeated_pattern,true,,true,true,true
q20_errRate0.5,20,10,10,50,mt:calculation_off_by_one,10,0.5,1,1,1,true,false,false,consistent,strong,,unclassified_no_de2_unit,,topic_needs_strengthening,topic_needs_strengthening,collect_more_evidence,true,mt:calculation_off_by_one,טעות חישוב של סטייה ב-1,טעות חישוב של סטייה ב-1,true,בנושא audit_topic יש חלק שדורש חיזוק. ב-10 תשובות חזרה טעות חישוב של סטייה ב-1. מבוסס על 20 שאלות שנפתרו בנושא.,כדאי לחזק,remediate,bg-amber-500/12 border border-amber-400/40,C_factual_repeated_pattern,true,,true,true,true
q20_errRate0.6,20,8,12,40,mt:calculation_off_by_one,12,0.6,1,1,1,true,false,false,consistent,strong,,unclassified_no_de2_unit,,clear_topic_gap,clear_topic_gap,collect_more_evidence,true,mt:calculation_off_by_one,טעות חישוב של סטייה ב-1,טעות חישוב של סטייה ב-1,true,בנושא audit_topic נראה קושי ברור. ב-12 תשובות חזרה טעות חישוב של סטייה ב-1. מבוסס על 20 שאלות שנפתרו בנושא.,כדאי לתרגל עוד,remediate,bg-yellow-500/15 border border-yellow-400/45,C_factual_repeated_pattern,true,,true,true,true
q20_errRate0.75,20,5,15,25,mt:calculation_off_by_one,15,0.75,1,1,1,true,false,false,consistent,strong,,unclassified_no_de2_unit,,clear_topic_gap,clear_topic_gap,collect_more_evidence,true,mt:calculation_off_by_one,טעות חישוב של סטייה ב-1,טעות חישוב של סטייה ב-1,true,בנושא audit_topic נראה קושי ברור. ב-15 תשובות חזרה טעות חישוב של סטייה ב-1. מבוסס על 20 שאלות שנפתרו בנושא.,כדאי לתרגל עוד,remediate,bg-yellow-500/15 border border-yellow-400/45,C_factual_repeated_pattern,true,,true,true,true
q25_errRate0.25,25,19,6,76,mt:calculation_off_by_one,6,0.24,1,1,1,true,false,false,consistent,strong,,unclassified_no_de2_unit,,partial_stable,partial_stable,collect_more_evidence,true,mt:calculation_off_by_one,טעות חישוב של סטייה ב-1,טעות חישוב של סטייה ב-1,false,"בנושא audit_topic יש הבנה חלקית (76% דיוק), אבל עדיין צריך חיזוק כדי להגיע ליציבות. מבוסס על 25 שאלות שנפתרו בנושא.",במעקב,maintain,bg-sky-500/10 border border-sky-400/35,E_strength_or_mastery,false,,true,true,true
q25_errRate0.33,25,17,8,68,mt:calculation_off_by_one,8,0.32,1,1,1,true,false,false,consistent,strong,,unclassified_no_de2_unit,,topic_needs_strengthening,topic_needs_strengthening,collect_more_evidence,true,mt:calculation_off_by_one,טעות חישוב של סטייה ב-1,טעות חישוב של סטייה ב-1,true,בנושא audit_topic יש חלק שדורש חיזוק. ב-8 תשובות חזרה טעות חישוב של סטייה ב-1. מבוסס על 25 שאלות שנפתרו בנושא.,כדאי לחזק,remediate,bg-amber-500/12 border border-amber-400/40,C_factual_repeated_pattern,true,,true,true,true
q25_errRate0.4,25,15,10,60,mt:calculation_off_by_one,10,0.4,1,1,1,true,false,false,consistent,strong,,unclassified_no_de2_unit,,topic_needs_strengthening,topic_needs_strengthening,collect_more_evidence,true,mt:calculation_off_by_one,טעות חישוב של סטייה ב-1,טעות חישוב של סטייה ב-1,true,בנושא audit_topic יש חלק שדורש חיזוק. ב-10 תשובות חזרה טעות חישוב של סטייה ב-1. מבוסס על 25 שאלות שנפתרו בנושא.,כדאי לחזק,remediate,bg-amber-500/12 border border-amber-400/40,C_factual_repeated_pattern,true,,true,true,true
q25_errRate0.5,25,12,13,48,mt:calculation_off_by_one,13,0.52,1,1,1,true,false,false,consistent,strong,,unclassified_no_de2_unit,,clear_topic_gap,clear_topic_gap,collect_more_evidence,true,mt:calculation_off_by_one,טעות חישוב של סטייה ב-1,טעות חישוב של סטייה ב-1,true,בנושא audit_topic נראה קושי ברור. ב-13 תשובות חזרה טעות חישוב של סטייה ב-1. מבוסס על 25 שאלות שנפתרו בנושא.,כדאי לתרגל עוד,remediate,bg-yellow-500/15 border border-yellow-400/45,C_factual_repeated_pattern,true,,true,true,true
q25_errRate0.6,25,10,15,40,mt:calculation_off_by_one,15,0.6,1,1,1,true,false,false,consistent,strong,,unclassified_no_de2_unit,,clear_topic_gap,clear_topic_gap,collect_more_evidence,true,mt:calculation_off_by_one,טעות חישוב של סטייה ב-1,טעות חישוב של סטייה ב-1,true,בנושא audit_topic נראה קושי ברור. ב-15 תשובות חזרה טעות חישוב של סטייה ב-1. מבוסס על 25 שאלות שנפתרו בנושא.,כדאי לתרגל עוד,remediate,bg-yellow-500/15 border border-yellow-400/45,C_factual_repeated_pattern,true,,true,true,true
q25_errRate0.75,25,6,19,24,mt:calculation_off_by_one,19,0.76,1,1,1,true,false,false,consistent,strong,,unclassified_no_de2_unit,,clear_topic_gap,clear_topic_gap,collect_more_evidence,true,mt:calculation_off_by_one,טעות חישוב של סטייה ב-1,טעות חישוב של סטייה ב-1,true,בנושא audit_topic נראה קושי ברור. ב-19 תשובות חזרה טעות חישוב של סטייה ב-1. מבוסס על 25 שאלות שנפתרו בנושא.,כדאי לתרגל עוד,remediate,bg-yellow-500/15 border border-yellow-400/45,C_factual_repeated_pattern,true,,true,true,true
q40_errRate0.25,40,30,10,75,mt:calculation_off_by_one,10,0.25,1,1,1,true,false,false,strong,strong,,unclassified_no_de2_unit,,partial_stable,partial_stable,collect_more_evidence,true,mt:calculation_off_by_one,טעות חישוב של סטייה ב-1,טעות חישוב של סטייה ב-1,false,"בנושא audit_topic יש הבנה חלקית (75% דיוק), אבל עדיין צריך חיזוק כדי להגיע ליציבות. מבוסס על 40 שאלות שנפתרו בנושא.",במעקב,maintain,bg-sky-500/10 border border-sky-400/35,E_strength_or_mastery,false,,true,true,true
q40_errRate0.33,40,27,13,68,mt:calculation_off_by_one,13,0.325,1,1,1,true,false,false,strong,strong,,unclassified_no_de2_unit,,topic_needs_strengthening,topic_needs_strengthening,collect_more_evidence,true,mt:calculation_off_by_one,טעות חישוב של סטייה ב-1,טעות חישוב של סטייה ב-1,true,בנושא audit_topic יש חלק שדורש חיזוק. ב-13 תשובות חזרה טעות חישוב של סטייה ב-1. מבוסס על 40 שאלות שנפתרו בנושא.,כדאי לחזק,remediate,bg-amber-500/12 border border-amber-400/40,C_factual_repeated_pattern,true,,true,true,true
q40_errRate0.4,40,24,16,60,mt:calculation_off_by_one,16,0.4,1,1,1,true,false,false,strong,strong,,unclassified_no_de2_unit,,topic_needs_strengthening,topic_needs_strengthening,collect_more_evidence,true,mt:calculation_off_by_one,טעות חישוב של סטייה ב-1,טעות חישוב של סטייה ב-1,true,בנושא audit_topic יש חלק שדורש חיזוק. ב-16 תשובות חזרה טעות חישוב של סטייה ב-1. מבוסס על 40 שאלות שנפתרו בנושא.,כדאי לחזק,remediate,bg-amber-500/12 border border-amber-400/40,C_factual_repeated_pattern,true,,true,true,true
q40_errRate0.5,40,20,20,50,mt:calculation_off_by_one,20,0.5,1,1,1,true,false,false,strong,strong,,unclassified_no_de2_unit,,topic_needs_strengthening,topic_needs_strengthening,collect_more_evidence,true,mt:calculation_off_by_one,טעות חישוב של סטייה ב-1,טעות חישוב של סטייה ב-1,true,בנושא audit_topic יש חלק שדורש חיזוק. ב-20 תשובות חזרה טעות חישוב של סטייה ב-1. מבוסס על 40 שאלות שנפתרו בנושא.,כדאי לחזק,remediate,bg-amber-500/12 border border-amber-400/40,C_factual_repeated_pattern,true,,true,true,true
q40_errRate0.6,40,16,24,40,mt:calculation_off_by_one,24,0.6,1,1,1,true,false,false,strong,strong,,unclassified_no_de2_unit,,clear_topic_gap,clear_topic_gap,collect_more_evidence,true,mt:calculation_off_by_one,טעות חישוב של סטייה ב-1,טעות חישוב של סטייה ב-1,true,בנושא audit_topic נראה קושי ברור. ב-24 תשובות חזרה טעות חישוב של סטייה ב-1. מבוסס על 40 שאלות שנפתרו בנושא.,כדאי לתרגל עוד,remediate,bg-yellow-500/15 border border-yellow-400/45,C_factual_repeated_pattern,true,,true,true,true
q40_errRate0.75,40,10,30,25,mt:calculation_off_by_one,30,0.75,1,1,1,true,false,false,strong,strong,,unclassified_no_de2_unit,,clear_topic_gap,clear_topic_gap,collect_more_evidence,true,mt:calculation_off_by_one,טעות חישוב של סטייה ב-1,טעות חישוב של סטייה ב-1,true,בנושא audit_topic נראה קושי ברור. ב-30 תשובות חזרה טעות חישוב של סטייה ב-1. מבוסס על 40 שאלות שנפתרו בנושא.,כדאי לתרגל עוד,remediate,bg-yellow-500/15 border border-yellow-400/45,C_factual_repeated_pattern,true,,true,true,true
q12_w6_share0.2,12,6,6,50,mt:calculation_off_by_one,1,0,0,1,1,true,false,false,none,strong,,unclassified_no_de2_unit,,topic_needs_strengthening,topic_needs_strengthening,collect_more_evidence,true,,,טעות חישוב של סטייה ב-1,false,"בנושא audit_topic יש חלק שדורש חיזוק (12 שאלות, 50% דיוק). כדאי חיזוק ממוקד. מבוסס על 12 שאלות שנפתרו בנושא.",כדאי לחזק,remediate,bg-amber-500/12 border border-amber-400/40,D_topic_difficulty,true,,true,true,true
q12_w6_share0.25,12,6,6,50,mt:calculation_off_by_one,2,0,0,1,1,true,false,false,none,strong,,unclassified_no_de2_unit,,topic_needs_strengthening,topic_needs_strengthening,collect_more_evidence,true,,,טעות חישוב של סטייה ב-1,false,"בנושא audit_topic יש חלק שדורש חיזוק (12 שאלות, 50% דיוק). כדאי חיזוק ממוקד. מבוסס על 12 שאלות שנפתרו בנושא.",כדאי לחזק,remediate,bg-amber-500/12 border border-amber-400/40,D_topic_difficulty,true,,true,true,true
q12_w6_share0.33,12,6,6,50,mt:calculation_off_by_one,2,0,0,1,1,true,false,false,none,strong,,unclassified_no_de2_unit,,topic_needs_strengthening,topic_needs_strengthening,collect_more_evidence,true,,,טעות חישוב של סטייה ב-1,false,"בנושא audit_topic יש חלק שדורש חיזוק (12 שאלות, 50% דיוק). כדאי חיזוק ממוקד. מבוסס על 12 שאלות שנפתרו בנושא.",כדאי לחזק,remediate,bg-amber-500/12 border border-amber-400/40,D_topic_difficulty,true,,true,true,true
q12_w6_share0.4,12,6,6,50,mt:calculation_off_by_one,2,0,0,1,1,true,false,false,none,strong,,unclassified_no_de2_unit,,topic_needs_strengthening,topic_needs_strengthening,collect_more_evidence,true,,,טעות חישוב של סטייה ב-1,false,"בנושא audit_topic יש חלק שדורש חיזוק (12 שאלות, 50% דיוק). כדאי חיזוק ממוקד. מבוסס על 12 שאלות שנפתרו בנושא.",כדאי לחזק,remediate,bg-amber-500/12 border border-amber-400/40,D_topic_difficulty,true,,true,true,true
q12_w6_share0.5,12,6,6,50,mt:calculation_off_by_one,3,0.25,0.5,1,1,true,false,false,consistent,strong,,unclassified_no_de2_unit,,topic_needs_strengthening,topic_needs_strengthening,collect_more_evidence,true,mt:calculation_off_by_one,טעות חישוב של סטייה ב-1,טעות חישוב של סטייה ב-1,true,בנושא audit_topic יש חלק שדורש חיזוק. ב-3 תשובות חזרה טעות חישוב של סטייה ב-1. מבוסס על 12 שאלות שנפתרו בנושא.,כדאי לחזק,remediate,bg-amber-500/12 border border-amber-400/40,C_factual_repeated_pattern,true,,true,true,true
q12_w6_share0.6,12,6,6,50,mt:calculation_off_by_one,4,0.3333,0.6667,1,1,true,false,false,consistent,strong,,unclassified_no_de2_unit,,topic_needs_strengthening,topic_needs_strengthening,collect_more_evidence,true,mt:calculation_off_by_one,טעות חישוב של סטייה ב-1,טעות חישוב של סטייה ב-1,true,בנושא audit_topic יש חלק שדורש חיזוק. ב-4 תשובות חזרה טעות חישוב של סטייה ב-1. מבוסס על 12 שאלות שנפתרו בנושא.,כדאי לחזק,remediate,bg-amber-500/12 border border-amber-400/40,C_factual_repeated_pattern,true,,true,true,true
q12_w6_share0.75,12,6,6,50,mt:calculation_off_by_one,5,0.4167,0.8333,1,1,true,false,false,consistent,strong,,unclassified_no_de2_unit,,topic_needs_strengthening,topic_needs_strengthening,collect_more_evidence,true,mt:calculation_off_by_one,טעות חישוב של סטייה ב-1,טעות חישוב של סטייה ב-1,true,בנושא audit_topic יש חלק שדורש חיזוק. ב-5 תשובות חזרה טעות חישוב של סטייה ב-1. מבוסס על 12 שאלות שנפתרו בנושא.,כדאי לחזק,remediate,bg-amber-500/12 border border-amber-400/40,C_factual_repeated_pattern,true,,true,true,true
q12_w6_share1,12,6,6,50,mt:calculation_off_by_one,6,0.5,1,1,1,true,false,false,consistent,strong,,unclassified_no_de2_unit,,topic_needs_strengthening,topic_needs_strengthening,collect_more_evidence,true,mt:calculation_off_by_one,טעות חישוב של סטייה ב-1,טעות חישוב של סטייה ב-1,true,בנושא audit_topic יש חלק שדורש חיזוק. ב-6 תשובות חזרה טעות חישוב של סטייה ב-1. מבוסס על 12 שאלות שנפתרו בנושא.,כדאי לחזק,remediate,bg-amber-500/12 border border-amber-400/40,C_factual_repeated_pattern,true,,true,true,true
q12_w7_share0.2,12,5,7,42,mt:calculation_off_by_one,1,0,0,1,1,true,false,false,none,strong,,unclassified_no_de2_unit,,clear_topic_gap,clear_topic_gap,collect_more_evidence,true,,,טעות חישוב של סטייה ב-1,false,בנושא audit_topic נראה קושי ברור. 7 שגיאות מתוך 12 שאלות (42% דיוק). כדאי לחזור ולתרגל את הנושא לפני שממשיכים. מבוסס על 12 שאלות שנפתרו בנושא.,כדאי לתרגל עוד,remediate,bg-yellow-500/15 border border-yellow-400/45,D_topic_difficulty,true,,true,true,true
q12_w7_share0.25,12,5,7,42,mt:calculation_off_by_one,2,0,0,1,1,true,false,false,none,strong,,unclassified_no_de2_unit,,clear_topic_gap,clear_topic_gap,collect_more_evidence,true,,,טעות חישוב של סטייה ב-1,false,בנושא audit_topic נראה קושי ברור. 7 שגיאות מתוך 12 שאלות (42% דיוק). כדאי לחזור ולתרגל את הנושא לפני שממשיכים. מבוסס על 12 שאלות שנפתרו בנושא.,כדאי לתרגל עוד,remediate,bg-yellow-500/15 border border-yellow-400/45,D_topic_difficulty,true,,true,true,true
q12_w7_share0.33,12,5,7,42,mt:calculation_off_by_one,2,0,0,1,1,true,false,false,none,strong,,unclassified_no_de2_unit,,clear_topic_gap,clear_topic_gap,collect_more_evidence,true,,,טעות חישוב של סטייה ב-1,false,בנושא audit_topic נראה קושי ברור. 7 שגיאות מתוך 12 שאלות (42% דיוק). כדאי לחזור ולתרגל את הנושא לפני שממשיכים. מבוסס על 12 שאלות שנפתרו בנושא.,כדאי לתרגל עוד,remediate,bg-yellow-500/15 border border-yellow-400/45,D_topic_difficulty,true,,true,true,true
q12_w7_share0.4,12,5,7,42,mt:calculation_off_by_one,3,0.25,0.4286,1,1,true,false,false,consistent,strong,,unclassified_no_de2_unit,,clear_topic_gap,clear_topic_gap,collect_more_evidence,true,mt:calculation_off_by_one,טעות חישוב של סטייה ב-1,טעות חישוב של סטייה ב-1,true,בנושא audit_topic נראה קושי ברור. ב-3 תשובות חזרה טעות חישוב של סטייה ב-1. מבוסס על 12 שאלות שנפתרו בנושא.,כדאי לתרגל עוד,remediate,bg-yellow-500/15 border border-yellow-400/45,C_factual_repeated_pattern,true,,true,true,true
q12_w7_share0.5,12,5,7,42,mt:calculation_off_by_one,4,0.3333,0.5714,1,1,true,false,false,consistent,strong,,unclassified_no_de2_unit,,clear_topic_gap,clear_topic_gap,collect_more_evidence,true,mt:calculation_off_by_one,טעות חישוב של סטייה ב-1,טעות חישוב של סטייה ב-1,true,בנושא audit_topic נראה קושי ברור. ב-4 תשובות חזרה טעות חישוב של סטייה ב-1. מבוסס על 12 שאלות שנפתרו בנושא.,כדאי לתרגל עוד,remediate,bg-yellow-500/15 border border-yellow-400/45,C_factual_repeated_pattern,true,,true,true,true
q12_w7_share0.6,12,5,7,42,mt:calculation_off_by_one,4,0.3333,0.5714,1,1,true,false,false,consistent,strong,,unclassified_no_de2_unit,,clear_topic_gap,clear_topic_gap,collect_more_evidence,true,mt:calculation_off_by_one,טעות חישוב של סטייה ב-1,טעות חישוב של סטייה ב-1,true,בנושא audit_topic נראה קושי ברור. ב-4 תשובות חזרה טעות חישוב של סטייה ב-1. מבוסס על 12 שאלות שנפתרו בנושא.,כדאי לתרגל עוד,remediate,bg-yellow-500/15 border border-yellow-400/45,C_factual_repeated_pattern,true,,true,true,true
q12_w7_share0.75,12,5,7,42,mt:calculation_off_by_one,5,0.4167,0.7143,1,1,true,false,false,consistent,strong,,unclassified_no_de2_unit,,clear_topic_gap,clear_topic_gap,collect_more_evidence,true,mt:calculation_off_by_one,טעות חישוב של סטייה ב-1,טעות חישוב של סטייה ב-1,true,בנושא audit_topic נראה קושי ברור. ב-5 תשובות חזרה טעות חישוב של סטייה ב-1. מבוסס על 12 שאלות שנפתרו בנושא.,כדאי לתרגל עוד,remediate,bg-yellow-500/15 border border-yellow-400/45,C_factual_repeated_pattern,true,,true,true,true
q12_w7_share1,12,5,7,42,mt:calculation_off_by_one,7,0.5833,1,1,1,true,false,false,consistent,strong,,unclassified_no_de2_unit,,clear_topic_gap,clear_topic_gap,collect_more_evidence,true,mt:calculation_off_by_one,טעות חישוב של סטייה ב-1,טעות חישוב של סטייה ב-1,true,בנושא audit_topic נראה קושי ברור. ב-7 תשובות חזרה טעות חישוב של סטייה ב-1. מבוסס על 12 שאלות שנפתרו בנושא.,כדאי לתרגל עוד,remediate,bg-yellow-500/15 border border-yellow-400/45,C_factual_repeated_pattern,true,,true,true,true
q20_w10_share0.2,20,10,10,50,mt:calculation_off_by_one,2,0,0,1,1,true,false,false,none,strong,,unclassified_no_de2_unit,,topic_needs_strengthening,topic_needs_strengthening,collect_more_evidence,true,,,טעות חישוב של סטייה ב-1,false,"בנושא audit_topic יש חלק שדורש חיזוק (20 שאלות, 50% דיוק). כדאי חיזוק ממוקד. מבוסס על 20 שאלות שנפתרו בנושא.",כדאי לחזק,remediate,bg-amber-500/12 border border-amber-400/40,D_topic_difficulty,true,,true,true,true
q20_w10_share0.25,20,10,10,50,mt:calculation_off_by_one,3,0,0,1,1,true,false,false,none,strong,,unclassified_no_de2_unit,,topic_needs_strengthening,topic_needs_strengthening,collect_more_evidence,true,,,טעות חישוב של סטייה ב-1,false,"בנושא audit_topic יש חלק שדורש חיזוק (20 שאלות, 50% דיוק). כדאי חיזוק ממוקד. מבוסס על 20 שאלות שנפתרו בנושא.",כדאי לחזק,remediate,bg-amber-500/12 border border-amber-400/40,D_topic_difficulty,true,,true,true,true
q20_w10_share0.33,20,10,10,50,mt:calculation_off_by_one,3,0,0,1,1,true,false,false,none,strong,,unclassified_no_de2_unit,,topic_needs_strengthening,topic_needs_strengthening,collect_more_evidence,true,,,טעות חישוב של סטייה ב-1,false,"בנושא audit_topic יש חלק שדורש חיזוק (20 שאלות, 50% דיוק). כדאי חיזוק ממוקד. מבוסס על 20 שאלות שנפתרו בנושא.",כדאי לחזק,remediate,bg-amber-500/12 border border-amber-400/40,D_topic_difficulty,true,,true,true,true
q20_w10_share0.4,20,10,10,50,mt:calculation_off_by_one,4,0.2,0.4,1,1,true,false,false,consistent,strong,,unclassified_no_de2_unit,,topic_needs_strengthening,topic_needs_strengthening,collect_more_evidence,true,mt:calculation_off_by_one,טעות חישוב של סטייה ב-1,טעות חישוב של סטייה ב-1,true,בנושא audit_topic יש חלק שדורש חיזוק. ב-4 תשובות חזרה טעות חישוב של סטייה ב-1. מבוסס על 20 שאלות שנפתרו בנושא.,כדאי לחזק,remediate,bg-amber-500/12 border border-amber-400/40,C_factual_repeated_pattern,true,,true,true,true
q20_w10_share0.5,20,10,10,50,mt:calculation_off_by_one,5,0.25,0.5,1,1,true,false,false,consistent,strong,,unclassified_no_de2_unit,,topic_needs_strengthening,topic_needs_strengthening,collect_more_evidence,true,mt:calculation_off_by_one,טעות חישוב של סטייה ב-1,טעות חישוב של סטייה ב-1,true,בנושא audit_topic יש חלק שדורש חיזוק. ב-5 תשובות חזרה טעות חישוב של סטייה ב-1. מבוסס על 20 שאלות שנפתרו בנושא.,כדאי לחזק,remediate,bg-amber-500/12 border border-amber-400/40,C_factual_repeated_pattern,true,,true,true,true
q20_w10_share0.6,20,10,10,50,mt:calculation_off_by_one,6,0.3,0.6,1,1,true,false,false,consistent,strong,,unclassified_no_de2_unit,,topic_needs_strengthening,topic_needs_strengthening,collect_more_evidence,true,mt:calculation_off_by_one,טעות חישוב של סטייה ב-1,טעות חישוב של סטייה ב-1,true,בנושא audit_topic יש חלק שדורש חיזוק. ב-6 תשובות חזרה טעות חישוב של סטייה ב-1. מבוסס על 20 שאלות שנפתרו בנושא.,כדאי לחזק,remediate,bg-amber-500/12 border border-amber-400/40,C_factual_repeated_pattern,true,,true,true,true
q20_w10_share0.75,20,10,10,50,mt:calculation_off_by_one,8,0.4,0.8,1,1,true,false,false,consistent,strong,,unclassified_no_de2_unit,,topic_needs_strengthening,topic_needs_strengthening,collect_more_evidence,true,mt:calculation_off_by_one,טעות חישוב של סטייה ב-1,טעות חישוב של סטייה ב-1,true,בנושא audit_topic יש חלק שדורש חיזוק. ב-8 תשובות חזרה טעות חישוב של סטייה ב-1. מבוסס על 20 שאלות שנפתרו בנושא.,כדאי לחזק,remediate,bg-amber-500/12 border border-amber-400/40,C_factual_repeated_pattern,true,,true,true,true
q20_w10_share1,20,10,10,50,mt:calculation_off_by_one,10,0.5,1,1,1,true,false,false,consistent,strong,,unclassified_no_de2_unit,,topic_needs_strengthening,topic_needs_strengthening,collect_more_evidence,true,mt:calculation_off_by_one,טעות חישוב של סטייה ב-1,טעות חישוב של סטייה ב-1,true,בנושא audit_topic יש חלק שדורש חיזוק. ב-10 תשובות חזרה טעות חישוב של סטייה ב-1. מבוסס על 20 שאלות שנפתרו בנושא.,כדאי לחזק,remediate,bg-amber-500/12 border border-amber-400/40,C_factual_repeated_pattern,true,,true,true,true
q20_w12_share0.2,20,8,12,40,mt:calculation_off_by_one,2,0,0,1,1,true,false,false,none,strong,,unclassified_no_de2_unit,,clear_topic_gap,clear_topic_gap,collect_more_evidence,true,,,טעות חישוב של סטייה ב-1,false,בנושא audit_topic נראה קושי ברור. 12 שגיאות מתוך 20 שאלות (40% דיוק). כדאי לחזור ולתרגל את הנושא לפני שממשיכים. מבוסס על 20 שאלות שנפתרו בנושא.,כדאי לתרגל עוד,remediate,bg-yellow-500/15 border border-yellow-400/45,D_topic_difficulty,true,,true,true,true
q20_w12_share0.25,20,8,12,40,mt:calculation_off_by_one,3,0,0,1,1,true,false,false,none,strong,,unclassified_no_de2_unit,,clear_topic_gap,clear_topic_gap,collect_more_evidence,true,,,טעות חישוב של סטייה ב-1,false,בנושא audit_topic נראה קושי ברור. 12 שגיאות מתוך 20 שאלות (40% דיוק). כדאי לחזור ולתרגל את הנושא לפני שממשיכים. מבוסס על 20 שאלות שנפתרו בנושא.,כדאי לתרגל עוד,remediate,bg-yellow-500/15 border border-yellow-400/45,D_topic_difficulty,true,,true,true,true
q20_w12_share0.33,20,8,12,40,mt:calculation_off_by_one,4,0,0,1,1,true,false,false,none,strong,,unclassified_no_de2_unit,,clear_topic_gap,clear_topic_gap,collect_more_evidence,true,,,טעות חישוב של סטייה ב-1,false,בנושא audit_topic נראה קושי ברור. 12 שגיאות מתוך 20 שאלות (40% דיוק). כדאי לחזור ולתרגל את הנושא לפני שממשיכים. מבוסס על 20 שאלות שנפתרו בנושא.,כדאי לתרגל עוד,remediate,bg-yellow-500/15 border border-yellow-400/45,D_topic_difficulty,true,,true,true,true
q20_w12_share0.4,20,8,12,40,mt:calculation_off_by_one,5,0.25,0.4167,1,1,true,false,false,consistent,strong,,unclassified_no_de2_unit,,clear_topic_gap,clear_topic_gap,collect_more_evidence,true,mt:calculation_off_by_one,טעות חישוב של סטייה ב-1,טעות חישוב של סטייה ב-1,true,בנושא audit_topic נראה קושי ברור. ב-5 תשובות חזרה טעות חישוב של סטייה ב-1. מבוסס על 20 שאלות שנפתרו בנושא.,כדאי לתרגל עוד,remediate,bg-yellow-500/15 border border-yellow-400/45,C_factual_repeated_pattern,true,,true,true,true
q20_w12_share0.5,20,8,12,40,mt:calculation_off_by_one,6,0.3,0.5,1,1,true,false,false,consistent,strong,,unclassified_no_de2_unit,,clear_topic_gap,clear_topic_gap,collect_more_evidence,true,mt:calculation_off_by_one,טעות חישוב של סטייה ב-1,טעות חישוב של סטייה ב-1,true,בנושא audit_topic נראה קושי ברור. ב-6 תשובות חזרה טעות חישוב של סטייה ב-1. מבוסס על 20 שאלות שנפתרו בנושא.,כדאי לתרגל עוד,remediate,bg-yellow-500/15 border border-yellow-400/45,C_factual_repeated_pattern,true,,true,true,true
q20_w12_share0.6,20,8,12,40,mt:calculation_off_by_one,7,0.35,0.5833,1,1,true,false,false,consistent,strong,,unclassified_no_de2_unit,,clear_topic_gap,clear_topic_gap,collect_more_evidence,true,mt:calculation_off_by_one,טעות חישוב של סטייה ב-1,טעות חישוב של סטייה ב-1,true,בנושא audit_topic נראה קושי ברור. ב-7 תשובות חזרה טעות חישוב של סטייה ב-1. מבוסס על 20 שאלות שנפתרו בנושא.,כדאי לתרגל עוד,remediate,bg-yellow-500/15 border border-yellow-400/45,C_factual_repeated_pattern,true,,true,true,true
q20_w12_share0.75,20,8,12,40,mt:calculation_off_by_one,9,0.45,0.75,1,1,true,false,false,consistent,strong,,unclassified_no_de2_unit,,clear_topic_gap,clear_topic_gap,collect_more_evidence,true,mt:calculation_off_by_one,טעות חישוב של סטייה ב-1,טעות חישוב של סטייה ב-1,true,בנושא audit_topic נראה קושי ברור. ב-9 תשובות חזרה טעות חישוב של סטייה ב-1. מבוסס על 20 שאלות שנפתרו בנושא.,כדאי לתרגל עוד,remediate,bg-yellow-500/15 border border-yellow-400/45,C_factual_repeated_pattern,true,,true,true,true
q20_w12_share1,20,8,12,40,mt:calculation_off_by_one,12,0.6,1,1,1,true,false,false,consistent,strong,,unclassified_no_de2_unit,,clear_topic_gap,clear_topic_gap,collect_more_evidence,true,mt:calculation_off_by_one,טעות חישוב של סטייה ב-1,טעות חישוב של סטייה ב-1,true,בנושא audit_topic נראה קושי ברור. ב-12 תשובות חזרה טעות חישוב של סטייה ב-1. מבוסס על 20 שאלות שנפתרו בנושא.,כדאי לתרגל עוד,remediate,bg-yellow-500/15 border border-yellow-400/45,C_factual_repeated_pattern,true,,true,true,true
q25_w13_share0.2,25,12,13,48,mt:calculation_off_by_one,3,0,0,1,1,true,false,false,none,strong,,unclassified_no_de2_unit,,clear_topic_gap,clear_topic_gap,collect_more_evidence,true,,,טעות חישוב של סטייה ב-1,false,בנושא audit_topic נראה קושי ברור. 13 שגיאות מתוך 25 שאלות (48% דיוק). כדאי לחזור ולתרגל את הנושא לפני שממשיכים. מבוסס על 25 שאלות שנפתרו בנושא.,כדאי לתרגל עוד,remediate,bg-yellow-500/15 border border-yellow-400/45,D_topic_difficulty,true,,true,true,true
q25_w13_share0.25,25,12,13,48,mt:calculation_off_by_one,3,0,0,1,1,true,false,false,none,strong,,unclassified_no_de2_unit,,clear_topic_gap,clear_topic_gap,collect_more_evidence,true,,,טעות חישוב של סטייה ב-1,false,בנושא audit_topic נראה קושי ברור. 13 שגיאות מתוך 25 שאלות (48% דיוק). כדאי לחזור ולתרגל את הנושא לפני שממשיכים. מבוסס על 25 שאלות שנפתרו בנושא.,כדאי לתרגל עוד,remediate,bg-yellow-500/15 border border-yellow-400/45,D_topic_difficulty,true,,true,true,true
q25_w13_share0.33,25,12,13,48,mt:calculation_off_by_one,4,0,0,1,1,true,false,false,none,strong,,unclassified_no_de2_unit,,clear_topic_gap,clear_topic_gap,collect_more_evidence,true,,,טעות חישוב של סטייה ב-1,false,בנושא audit_topic נראה קושי ברור. 13 שגיאות מתוך 25 שאלות (48% דיוק). כדאי לחזור ולתרגל את הנושא לפני שממשיכים. מבוסס על 25 שאלות שנפתרו בנושא.,כדאי לתרגל עוד,remediate,bg-yellow-500/15 border border-yellow-400/45,D_topic_difficulty,true,,true,true,true
q25_w13_share0.4,25,12,13,48,mt:calculation_off_by_one,5,0,0,1,1,true,false,false,none,strong,,unclassified_no_de2_unit,,clear_topic_gap,clear_topic_gap,collect_more_evidence,true,,,טעות חישוב של סטייה ב-1,false,בנושא audit_topic נראה קושי ברור. 13 שגיאות מתוך 25 שאלות (48% דיוק). כדאי לחזור ולתרגל את הנושא לפני שממשיכים. מבוסס על 25 שאלות שנפתרו בנושא.,כדאי לתרגל עוד,remediate,bg-yellow-500/15 border border-yellow-400/45,D_topic_difficulty,true,,true,true,true
q25_w13_share0.5,25,12,13,48,mt:calculation_off_by_one,7,0.28,0.5385,1,1,true,false,false,consistent,strong,,unclassified_no_de2_unit,,clear_topic_gap,clear_topic_gap,collect_more_evidence,true,mt:calculation_off_by_one,טעות חישוב של סטייה ב-1,טעות חישוב של סטייה ב-1,true,בנושא audit_topic נראה קושי ברור. ב-7 תשובות חזרה טעות חישוב של סטייה ב-1. מבוסס על 25 שאלות שנפתרו בנושא.,כדאי לתרגל עוד,remediate,bg-yellow-500/15 border border-yellow-400/45,C_factual_repeated_pattern,true,,true,true,true
q25_w13_share0.6,25,12,13,48,mt:calculation_off_by_one,8,0.32,0.6154,1,1,true,false,false,consistent,strong,,unclassified_no_de2_unit,,clear_topic_gap,clear_topic_gap,collect_more_evidence,true,mt:calculation_off_by_one,טעות חישוב של סטייה ב-1,טעות חישוב של סטייה ב-1,true,בנושא audit_topic נראה קושי ברור. ב-8 תשובות חזרה טעות חישוב של סטייה ב-1. מבוסס על 25 שאלות שנפתרו בנושא.,כדאי לתרגל עוד,remediate,bg-yellow-500/15 border border-yellow-400/45,C_factual_repeated_pattern,true,,true,true,true
q25_w13_share0.75,25,12,13,48,mt:calculation_off_by_one,10,0.4,0.7692,1,1,true,false,false,consistent,strong,,unclassified_no_de2_unit,,clear_topic_gap,clear_topic_gap,collect_more_evidence,true,mt:calculation_off_by_one,טעות חישוב של סטייה ב-1,טעות חישוב של סטייה ב-1,true,בנושא audit_topic נראה קושי ברור. ב-10 תשובות חזרה טעות חישוב של סטייה ב-1. מבוסס על 25 שאלות שנפתרו בנושא.,כדאי לתרגל עוד,remediate,bg-yellow-500/15 border border-yellow-400/45,C_factual_repeated_pattern,true,,true,true,true
q25_w13_share1,25,12,13,48,mt:calculation_off_by_one,13,0.52,1,1,1,true,false,false,consistent,strong,,unclassified_no_de2_unit,,clear_topic_gap,clear_topic_gap,collect_more_evidence,true,mt:calculation_off_by_one,טעות חישוב של סטייה ב-1,טעות חישוב של סטייה ב-1,true,בנושא audit_topic נראה קושי ברור. ב-13 תשובות חזרה טעות חישוב של סטייה ב-1. מבוסס על 25 שאלות שנפתרו בנושא.,כדאי לתרגל עוד,remediate,bg-yellow-500/15 border border-yellow-400/45,C_factual_repeated_pattern,true,,true,true,true
q25_w15_share0.2,25,10,15,40,mt:calculation_off_by_one,3,0,0,1,1,true,false,false,none,strong,,unclassified_no_de2_unit,,clear_topic_gap,clear_topic_gap,collect_more_evidence,true,,,טעות חישוב של סטייה ב-1,false,בנושא audit_topic נראה קושי ברור. 15 שגיאות מתוך 25 שאלות (40% דיוק). כדאי לחזור ולתרגל את הנושא לפני שממשיכים. מבוסס על 25 שאלות שנפתרו בנושא.,כדאי לתרגל עוד,remediate,bg-yellow-500/15 border border-yellow-400/45,D_topic_difficulty,true,,true,true,true
q25_w15_share0.25,25,10,15,40,mt:calculation_off_by_one,4,0,0,1,1,true,false,false,none,strong,,unclassified_no_de2_unit,,clear_topic_gap,clear_topic_gap,collect_more_evidence,true,,,טעות חישוב של סטייה ב-1,false,בנושא audit_topic נראה קושי ברור. 15 שגיאות מתוך 25 שאלות (40% דיוק). כדאי לחזור ולתרגל את הנושא לפני שממשיכים. מבוסס על 25 שאלות שנפתרו בנושא.,כדאי לתרגל עוד,remediate,bg-yellow-500/15 border border-yellow-400/45,D_topic_difficulty,true,,true,true,true
q25_w15_share0.33,25,10,15,40,mt:calculation_off_by_one,5,0,0,1,1,true,false,false,none,strong,,unclassified_no_de2_unit,,clear_topic_gap,clear_topic_gap,collect_more_evidence,true,,,טעות חישוב של סטייה ב-1,false,בנושא audit_topic נראה קושי ברור. 15 שגיאות מתוך 25 שאלות (40% דיוק). כדאי לחזור ולתרגל את הנושא לפני שממשיכים. מבוסס על 25 שאלות שנפתרו בנושא.,כדאי לתרגל עוד,remediate,bg-yellow-500/15 border border-yellow-400/45,D_topic_difficulty,true,,true,true,true
q25_w15_share0.4,25,10,15,40,mt:calculation_off_by_one,6,0.24,0.4,1,1,true,false,false,consistent,strong,,unclassified_no_de2_unit,,clear_topic_gap,clear_topic_gap,collect_more_evidence,true,mt:calculation_off_by_one,טעות חישוב של סטייה ב-1,טעות חישוב של סטייה ב-1,true,בנושא audit_topic נראה קושי ברור. ב-6 תשובות חזרה טעות חישוב של סטייה ב-1. מבוסס על 25 שאלות שנפתרו בנושא.,כדאי לתרגל עוד,remediate,bg-yellow-500/15 border border-yellow-400/45,C_factual_repeated_pattern,true,,true,true,true
q25_w15_share0.5,25,10,15,40,mt:calculation_off_by_one,8,0.32,0.5333,1,1,true,false,false,consistent,strong,,unclassified_no_de2_unit,,clear_topic_gap,clear_topic_gap,collect_more_evidence,true,mt:calculation_off_by_one,טעות חישוב של סטייה ב-1,טעות חישוב של סטייה ב-1,true,בנושא audit_topic נראה קושי ברור. ב-8 תשובות חזרה טעות חישוב של סטייה ב-1. מבוסס על 25 שאלות שנפתרו בנושא.,כדאי לתרגל עוד,remediate,bg-yellow-500/15 border border-yellow-400/45,C_factual_repeated_pattern,true,,true,true,true
q25_w15_share0.6,25,10,15,40,mt:calculation_off_by_one,9,0.36,0.6,1,1,true,false,false,consistent,strong,,unclassified_no_de2_unit,,clear_topic_gap,clear_topic_gap,collect_more_evidence,true,mt:calculation_off_by_one,טעות חישוב של סטייה ב-1,טעות חישוב של סטייה ב-1,true,בנושא audit_topic נראה קושי ברור. ב-9 תשובות חזרה טעות חישוב של סטייה ב-1. מבוסס על 25 שאלות שנפתרו בנושא.,כדאי לתרגל עוד,remediate,bg-yellow-500/15 border border-yellow-400/45,C_factual_repeated_pattern,true,,true,true,true
q25_w15_share0.75,25,10,15,40,mt:calculation_off_by_one,11,0.44,0.7333,1,1,true,false,false,consistent,strong,,unclassified_no_de2_unit,,clear_topic_gap,clear_topic_gap,collect_more_evidence,true,mt:calculation_off_by_one,טעות חישוב של סטייה ב-1,טעות חישוב של סטייה ב-1,true,בנושא audit_topic נראה קושי ברור. ב-11 תשובות חזרה טעות חישוב של סטייה ב-1. מבוסס על 25 שאלות שנפתרו בנושא.,כדאי לתרגל עוד,remediate,bg-yellow-500/15 border border-yellow-400/45,C_factual_repeated_pattern,true,,true,true,true
q25_w15_share1,25,10,15,40,mt:calculation_off_by_one,15,0.6,1,1,1,true,false,false,consistent,strong,,unclassified_no_de2_unit,,clear_topic_gap,clear_topic_gap,collect_more_evidence,true,mt:calculation_off_by_one,טעות חישוב של סטייה ב-1,טעות חישוב של סטייה ב-1,true,בנושא audit_topic נראה קושי ברור. ב-15 תשובות חזרה טעות חישוב של סטייה ב-1. מבוסס על 25 שאלות שנפתרו בנושא.,כדאי לתרגל עוד,remediate,bg-yellow-500/15 border border-yellow-400/45,C_factual_repeated_pattern,true,,true,true,true
q40_w20_share0.2,40,20,20,50,mt:calculation_off_by_one,4,0,0,1,1,true,false,false,none,strong,,unclassified_no_de2_unit,,topic_needs_strengthening,topic_needs_strengthening,collect_more_evidence,true,,,טעות חישוב של סטייה ב-1,false,"בנושא audit_topic יש חלק שדורש חיזוק (40 שאלות, 50% דיוק). כדאי חיזוק ממוקד. מבוסס על 40 שאלות שנפתרו בנושא.",כדאי לחזק,remediate,bg-amber-500/12 border border-amber-400/40,D_topic_difficulty,true,,true,true,true
q40_w20_share0.25,40,20,20,50,mt:calculation_off_by_one,5,0,0,1,1,true,false,false,none,strong,,unclassified_no_de2_unit,,topic_needs_strengthening,topic_needs_strengthening,collect_more_evidence,true,,,טעות חישוב של סטייה ב-1,false,"בנושא audit_topic יש חלק שדורש חיזוק (40 שאלות, 50% דיוק). כדאי חיזוק ממוקד. מבוסס על 40 שאלות שנפתרו בנושא.",כדאי לחזק,remediate,bg-amber-500/12 border border-amber-400/40,D_topic_difficulty,true,,true,true,true
q40_w20_share0.33,40,20,20,50,mt:calculation_off_by_one,7,0,0,1,1,true,false,false,none,strong,,unclassified_no_de2_unit,,topic_needs_strengthening,topic_needs_strengthening,collect_more_evidence,true,,,טעות חישוב של סטייה ב-1,false,"בנושא audit_topic יש חלק שדורש חיזוק (40 שאלות, 50% דיוק). כדאי חיזוק ממוקד. מבוסס על 40 שאלות שנפתרו בנושא.",כדאי לחזק,remediate,bg-amber-500/12 border border-amber-400/40,D_topic_difficulty,true,,true,true,true
q40_w20_share0.4,40,20,20,50,mt:calculation_off_by_one,8,0.2,0.4,1,1,true,false,false,consistent,strong,,unclassified_no_de2_unit,,topic_needs_strengthening,topic_needs_strengthening,collect_more_evidence,true,mt:calculation_off_by_one,טעות חישוב של סטייה ב-1,טעות חישוב של סטייה ב-1,true,בנושא audit_topic יש חלק שדורש חיזוק. ב-8 תשובות חזרה טעות חישוב של סטייה ב-1. מבוסס על 40 שאלות שנפתרו בנושא.,כדאי לחזק,remediate,bg-amber-500/12 border border-amber-400/40,C_factual_repeated_pattern,true,,true,true,true
q40_w20_share0.5,40,20,20,50,mt:calculation_off_by_one,10,0.25,0.5,1,1,true,false,false,strong,strong,,unclassified_no_de2_unit,,topic_needs_strengthening,topic_needs_strengthening,collect_more_evidence,true,mt:calculation_off_by_one,טעות חישוב של סטייה ב-1,טעות חישוב של סטייה ב-1,true,בנושא audit_topic יש חלק שדורש חיזוק. ב-10 תשובות חזרה טעות חישוב של סטייה ב-1. מבוסס על 40 שאלות שנפתרו בנושא.,כדאי לחזק,remediate,bg-amber-500/12 border border-amber-400/40,C_factual_repeated_pattern,true,,true,true,true
q40_w20_share0.6,40,20,20,50,mt:calculation_off_by_one,12,0.3,0.6,1,1,true,false,false,strong,strong,,unclassified_no_de2_unit,,topic_needs_strengthening,topic_needs_strengthening,collect_more_evidence,true,mt:calculation_off_by_one,טעות חישוב של סטייה ב-1,טעות חישוב של סטייה ב-1,true,בנושא audit_topic יש חלק שדורש חיזוק. ב-12 תשובות חזרה טעות חישוב של סטייה ב-1. מבוסס על 40 שאלות שנפתרו בנושא.,כדאי לחזק,remediate,bg-amber-500/12 border border-amber-400/40,C_factual_repeated_pattern,true,,true,true,true
q40_w20_share0.75,40,20,20,50,mt:calculation_off_by_one,15,0.375,0.75,1,1,true,false,false,strong,strong,,unclassified_no_de2_unit,,topic_needs_strengthening,topic_needs_strengthening,collect_more_evidence,true,mt:calculation_off_by_one,טעות חישוב של סטייה ב-1,טעות חישוב של סטייה ב-1,true,בנושא audit_topic יש חלק שדורש חיזוק. ב-15 תשובות חזרה טעות חישוב של סטייה ב-1. מבוסס על 40 שאלות שנפתרו בנושא.,כדאי לחזק,remediate,bg-amber-500/12 border border-amber-400/40,C_factual_repeated_pattern,true,,true,true,true
q40_w20_share1,40,20,20,50,mt:calculation_off_by_one,20,0.5,1,1,1,true,false,false,strong,strong,,unclassified_no_de2_unit,,topic_needs_strengthening,topic_needs_strengthening,collect_more_evidence,true,mt:calculation_off_by_one,טעות חישוב של סטייה ב-1,טעות חישוב של סטייה ב-1,true,בנושא audit_topic יש חלק שדורש חיזוק. ב-20 תשובות חזרה טעות חישוב של סטייה ב-1. מבוסס על 40 שאלות שנפתרו בנושא.,כדאי לחזק,remediate,bg-amber-500/12 border border-amber-400/40,C_factual_repeated_pattern,true,,true,true,true
q40_w24_share0.2,40,16,24,40,mt:calculation_off_by_one,5,0,0,1,1,true,false,false,none,strong,,unclassified_no_de2_unit,,clear_topic_gap,clear_topic_gap,collect_more_evidence,true,,,טעות חישוב של סטייה ב-1,false,בנושא audit_topic נראה קושי ברור. 24 שגיאות מתוך 40 שאלות (40% דיוק). כדאי לחזור ולתרגל את הנושא לפני שממשיכים. מבוסס על 40 שאלות שנפתרו בנושא.,כדאי לתרגל עוד,remediate,bg-yellow-500/15 border border-yellow-400/45,D_topic_difficulty,true,,true,true,true
q40_w24_share0.25,40,16,24,40,mt:calculation_off_by_one,6,0,0,1,1,true,false,false,none,strong,,unclassified_no_de2_unit,,clear_topic_gap,clear_topic_gap,collect_more_evidence,true,,,טעות חישוב של סטייה ב-1,false,בנושא audit_topic נראה קושי ברור. 24 שגיאות מתוך 40 שאלות (40% דיוק). כדאי לחזור ולתרגל את הנושא לפני שממשיכים. מבוסס על 40 שאלות שנפתרו בנושא.,כדאי לתרגל עוד,remediate,bg-yellow-500/15 border border-yellow-400/45,D_topic_difficulty,true,,true,true,true
q40_w24_share0.33,40,16,24,40,mt:calculation_off_by_one,8,0,0,1,1,true,false,false,none,strong,,unclassified_no_de2_unit,,clear_topic_gap,clear_topic_gap,collect_more_evidence,true,,,טעות חישוב של סטייה ב-1,false,בנושא audit_topic נראה קושי ברור. 24 שגיאות מתוך 40 שאלות (40% דיוק). כדאי לחזור ולתרגל את הנושא לפני שממשיכים. מבוסס על 40 שאלות שנפתרו בנושא.,כדאי לתרגל עוד,remediate,bg-yellow-500/15 border border-yellow-400/45,D_topic_difficulty,true,,true,true,true
q40_w24_share0.4,40,16,24,40,mt:calculation_off_by_one,10,0.25,0.4167,1,1,true,false,false,consistent,strong,,unclassified_no_de2_unit,,clear_topic_gap,clear_topic_gap,collect_more_evidence,true,mt:calculation_off_by_one,טעות חישוב של סטייה ב-1,טעות חישוב של סטייה ב-1,true,בנושא audit_topic נראה קושי ברור. ב-10 תשובות חזרה טעות חישוב של סטייה ב-1. מבוסס על 40 שאלות שנפתרו בנושא.,כדאי לתרגל עוד,remediate,bg-yellow-500/15 border border-yellow-400/45,C_factual_repeated_pattern,true,,true,true,true
q40_w24_share0.5,40,16,24,40,mt:calculation_off_by_one,12,0.3,0.5,1,1,true,false,false,strong,strong,,unclassified_no_de2_unit,,clear_topic_gap,clear_topic_gap,collect_more_evidence,true,mt:calculation_off_by_one,טעות חישוב של סטייה ב-1,טעות חישוב של סטייה ב-1,true,בנושא audit_topic נראה קושי ברור. ב-12 תשובות חזרה טעות חישוב של סטייה ב-1. מבוסס על 40 שאלות שנפתרו בנושא.,כדאי לתרגל עוד,remediate,bg-yellow-500/15 border border-yellow-400/45,C_factual_repeated_pattern,true,,true,true,true
q40_w24_share0.6,40,16,24,40,mt:calculation_off_by_one,14,0.35,0.5833,1,1,true,false,false,strong,strong,,unclassified_no_de2_unit,,clear_topic_gap,clear_topic_gap,collect_more_evidence,true,mt:calculation_off_by_one,טעות חישוב של סטייה ב-1,טעות חישוב של סטייה ב-1,true,בנושא audit_topic נראה קושי ברור. ב-14 תשובות חזרה טעות חישוב של סטייה ב-1. מבוסס על 40 שאלות שנפתרו בנושא.,כדאי לתרגל עוד,remediate,bg-yellow-500/15 border border-yellow-400/45,C_factual_repeated_pattern,true,,true,true,true
q40_w24_share0.75,40,16,24,40,mt:calculation_off_by_one,18,0.45,0.75,1,1,true,false,false,strong,strong,,unclassified_no_de2_unit,,clear_topic_gap,clear_topic_gap,collect_more_evidence,true,mt:calculation_off_by_one,טעות חישוב של סטייה ב-1,טעות חישוב של סטייה ב-1,true,בנושא audit_topic נראה קושי ברור. ב-18 תשובות חזרה טעות חישוב של סטייה ב-1. מבוסס על 40 שאלות שנפתרו בנושא.,כדאי לתרגל עוד,remediate,bg-yellow-500/15 border border-yellow-400/45,C_factual_repeated_pattern,true,,true,true,true
q40_w24_share1,40,16,24,40,mt:calculation_off_by_one,24,0.6,1,1,1,true,false,false,strong,strong,,unclassified_no_de2_unit,,clear_topic_gap,clear_topic_gap,collect_more_evidence,true,mt:calculation_off_by_one,טעות חישוב של סטייה ב-1,טעות חישוב של סטייה ב-1,true,בנושא audit_topic נראה קושי ברור. ב-24 תשובות חזרה טעות חישוב של סטייה ב-1. מבוסס על 40 שאלות שנפתרו בנושא.,כדאי לתרגל עוד,remediate,bg-yellow-500/15 border border-yellow-400/45,C_factual_repeated_pattern,true,,true,true,true
bound_count_1,5,0,5,0,mt:calculation_off_by_one,1,0,0,1,1,true,false,false,none,emerging,,unclassified_no_de2_unit,,clear_topic_gap,clear_topic_gap,collect_more_evidence,true,,,טעות חישוב של סטייה ב-1,false,בנושא audit_topic נראה קושי ברור. 5 שגיאות מתוך 5 שאלות (0% דיוק). כדאי לחזור ולתרגל את הנושא לפני שממשיכים. מבוסס על 5 שאלות שנפתרו בנושא.,כדאי לתרגל עוד,remediate,bg-yellow-500/15 border border-yellow-400/45,D_topic_difficulty,true,,true,true,true
bound_count_2,5,0,5,0,mt:calculation_off_by_one,2,0.4,0.4,1,1,true,false,false,repeated,emerging,,unclassified_no_de2_unit,,clear_topic_gap,clear_topic_gap,collect_more_evidence,true,mt:calculation_off_by_one,טעות חישוב של סטייה ב-1,טעות חישוב של סטייה ב-1,false,בנושא audit_topic נראה קושי ברור. 5 שגיאות מתוך 5 שאלות (0% דיוק). כדאי לחזור ולתרגל את הנושא לפני שממשיכים. מבוסס על 5 שאלות שנפתרו בנושא.,כדאי לתרגל עוד,remediate,bg-yellow-500/15 border border-yellow-400/45,D_topic_difficulty,true,,true,true,true
bound_count_3,5,0,5,0,mt:calculation_off_by_one,3,0.6,0.6,1,1,true,false,false,repeated,emerging,,unclassified_no_de2_unit,,clear_topic_gap,clear_topic_gap,collect_more_evidence,true,mt:calculation_off_by_one,טעות חישוב של סטייה ב-1,טעות חישוב של סטייה ב-1,false,בנושא audit_topic נראה קושי ברור. 5 שגיאות מתוך 5 שאלות (0% דיוק). כדאי לחזור ולתרגל את הנושא לפני שממשיכים. מבוסס על 5 שאלות שנפתרו בנושא.,כדאי לתרגל עוד,remediate,bg-yellow-500/15 border border-yellow-400/45,D_topic_difficulty,true,,true,true,true
bound_ratio_1of5,10,5,5,50,mt:calculation_off_by_one,1,0,0,1,1,true,false,false,none,supported,,unclassified_no_de2_unit,,topic_needs_strengthening,topic_needs_strengthening,collect_more_evidence,true,,,טעות חישוב של סטייה ב-1,false,"בנושא audit_topic יש חלק שדורש חיזוק (10 שאלות, 50% דיוק). כדאי חיזוק ממוקד. מבוסס על 10 שאלות שנפתרו בנושא.",כדאי לחזק,remediate,bg-amber-500/12 border border-amber-400/40,D_topic_difficulty,true,,true,true,true
bound_ratio_2of5,10,5,5,50,mt:calculation_off_by_one,2,0.2,0.4,1,1,true,false,false,repeated,supported,,unclassified_no_de2_unit,,topic_needs_strengthening,topic_needs_strengthening,collect_more_evidence,true,mt:calculation_off_by_one,טעות חישוב של סטייה ב-1,טעות חישוב של סטייה ב-1,false,"בנושא audit_topic יש חלק שדורש חיזוק (10 שאלות, 50% דיוק). כדאי חיזוק ממוקד. מבוסס על 10 שאלות שנפתרו בנושא.",כדאי לחזק,remediate,bg-amber-500/12 border border-amber-400/40,D_topic_difficulty,true,,true,true,true
bound_ratio_3of5,10,5,5,50,mt:calculation_off_by_one,3,0.3,0.6,1,1,true,false,false,repeated,supported,,unclassified_no_de2_unit,,topic_needs_strengthening,topic_needs_strengthening,collect_more_evidence,true,mt:calculation_off_by_one,טעות חישוב של סטייה ב-1,טעות חישוב של סטייה ב-1,false,"בנושא audit_topic יש חלק שדורש חיזוק (10 שאלות, 50% דיוק). כדאי חיזוק ממוקד. מבוסס על 10 שאלות שנפתרו בנושא.",כדאי לחזק,remediate,bg-amber-500/12 border border-amber-400/40,D_topic_difficulty,true,,true,true,true
bound_consistent_q11,11,3,8,27,mt:calculation_off_by_one,4,0.3636,0.5,1,1,true,false,false,repeated,supported,,unclassified_no_de2_unit,,clear_topic_gap,clear_topic_gap,collect_more_evidence,true,mt:calculation_off_by_one,טעות חישוב של סטייה ב-1,טעות חישוב של סטייה ב-1,false,בנושא audit_topic נראה קושי ברור. 8 שגיאות מתוך 11 שאלות (27% דיוק). כדאי לחזור ולתרגל את הנושא לפני שממשיכים. מבוסס על 11 שאלות שנפתרו בנושא.,כדאי לתרגל עוד,remediate,bg-yellow-500/15 border border-yellow-400/45,D_topic_difficulty,true,,true,true,true
bound_consistent_ratio_fail,12,4,8,33,mt:calculation_off_by_one,3,0,0,1,1,true,false,false,none,strong,,unclassified_no_de2_unit,,clear_topic_gap,clear_topic_gap,collect_more_evidence,true,,,טעות חישוב של סטייה ב-1,false,בנושא audit_topic נראה קושי ברור. 8 שגיאות מתוך 12 שאלות (33% דיוק). כדאי לחזור ולתרגל את הנושא לפני שממשיכים. מבוסס על 12 שאלות שנפתרו בנושא.,כדאי לתרגל עוד,remediate,bg-yellow-500/15 border border-yellow-400/45,D_topic_difficulty,true,,true,true,true
bound_consistent_ok,12,4,8,33,mt:calculation_off_by_one,4,0.3333,0.5,1,1,true,false,false,consistent,strong,,unclassified_no_de2_unit,,clear_topic_gap,clear_topic_gap,collect_more_evidence,true,mt:calculation_off_by_one,טעות חישוב של סטייה ב-1,טעות חישוב של סטייה ב-1,true,בנושא audit_topic נראה קושי ברור. ב-4 תשובות חזרה טעות חישוב של סטייה ב-1. מבוסס על 12 שאלות שנפתרו בנושא.,כדאי לתרגל עוד,remediate,bg-yellow-500/15 border border-yellow-400/45,C_factual_repeated_pattern,true,,true,true,true
bound_consistent_above,12,4,8,33,mt:calculation_off_by_one,5,0.4167,0.625,1,1,true,false,false,consistent,strong,,unclassified_no_de2_unit,,clear_topic_gap,clear_topic_gap,collect_more_evidence,true,mt:calculation_off_by_one,טעות חישוב של סטייה ב-1,טעות חישוב של סטייה ב-1,true,בנושא audit_topic נראה קושי ברור. ב-5 תשובות חזרה טעות חישוב של סטייה ב-1. מבוסס על 12 שאלות שנפתרו בנושא.,כדאי לתרגל עוד,remediate,bg-yellow-500/15 border border-yellow-400/45,C_factual_repeated_pattern,true,,true,true,true
bound_strong_q39,39,19,20,49,mt:calculation_off_by_one,12,0.3077,0.6,1,1,true,false,false,consistent,strong,,unclassified_no_de2_unit,,clear_topic_gap,clear_topic_gap,collect_more_evidence,true,mt:calculation_off_by_one,טעות חישוב של סטייה ב-1,טעות חישוב של סטייה ב-1,true,בנושא audit_topic נראה קושי ברור. ב-12 תשובות חזרה טעות חישוב של סטייה ב-1. מבוסס על 39 שאלות שנפתרו בנושא.,כדאי לתרגל עוד,remediate,bg-yellow-500/15 border border-yellow-400/45,C_factual_repeated_pattern,true,,true,true,true
bound_strong_ratio_fail,40,20,20,50,mt:calculation_off_by_one,9,0.225,0.45,1,1,true,false,false,consistent,strong,,unclassified_no_de2_unit,,topic_needs_strengthening,topic_needs_strengthening,collect_more_evidence,true,mt:calculation_off_by_one,טעות חישוב של סטייה ב-1,טעות חישוב של סטייה ב-1,true,בנושא audit_topic יש חלק שדורש חיזוק. ב-9 תשובות חזרה טעות חישוב של סטייה ב-1. מבוסס על 40 שאלות שנפתרו בנושא.,כדאי לחזק,remediate,bg-amber-500/12 border border-amber-400/40,C_factual_repeated_pattern,true,,true,true,true
bound_strong_ok,40,20,20,50,mt:calculation_off_by_one,10,0.25,0.5,1,1,true,false,false,strong,strong,,unclassified_no_de2_unit,,topic_needs_strengthening,topic_needs_strengthening,collect_more_evidence,true,mt:calculation_off_by_one,טעות חישוב של סטייה ב-1,טעות חישוב של סטייה ב-1,true,בנושא audit_topic יש חלק שדורש חיזוק. ב-10 תשובות חזרה טעות חישוב של סטייה ב-1. מבוסס על 40 שאלות שנפתרו בנושא.,כדאי לחזק,remediate,bg-amber-500/12 border border-amber-400/40,C_factual_repeated_pattern,true,,true,true,true
bound_strong_above,40,20,20,50,mt:calculation_off_by_one,12,0.3,0.6,1,1,true,false,false,strong,strong,,unclassified_no_de2_unit,,topic_needs_strengthening,topic_needs_strengthening,collect_more_evidence,true,mt:calculation_off_by_one,טעות חישוב של סטייה ב-1,טעות חישוב של סטייה ב-1,true,בנושא audit_topic יש חלק שדורש חיזוק. ב-12 תשובות חזרה טעות חישוב של סטייה ב-1. מבוסס על 40 שאלות שנפתרו בנושא.,כדאי לחזק,remediate,bg-amber-500/12 border border-amber-400/40,C_factual_repeated_pattern,true,,true,true,true
bound_T0_q4,4,1,3,25,mt:calculation_off_by_one,3,0.75,1,1,1,true,false,false,observed,small_sample,,unclassified_no_de2_unit,,insufficient_data,insufficient_data,collect_more_evidence,true,mt:calculation_off_by_one,טעות חישוב של סטייה ב-1,טעות חישוב של סטייה ב-1,false,"בנושא audit_topic, מבוסס על 4 שאלות שנפתרו בנושא, נראה דפוס מוקדם של טעויות.",מעט שאלות - עדיין אין מספיק נתונים,neutral,bg-slate-500/10 border border-slate-400/35,A_insufficient_info,false,,true,true,true
bound_T1_q5,5,2,3,40,mt:calculation_off_by_one,3,0.6,1,1,1,true,false,false,repeated,emerging,,unclassified_no_de2_unit,,clear_topic_gap,clear_topic_gap,collect_more_evidence,true,mt:calculation_off_by_one,טעות חישוב של סטייה ב-1,טעות חישוב של סטייה ב-1,false,בנושא audit_topic נראה קושי ברור. 3 שגיאות מתוך 5 שאלות (40% דיוק). כדאי לחזור ולתרגל את הנושא לפני שממשיכים. מבוסס על 5 שאלות שנפתרו בנושא.,כדאי לתרגל עוד,remediate,bg-yellow-500/15 border border-yellow-400/45,D_topic_difficulty,true,,true,true,true
bound_mastery_q9_acc89,9,8,1,89,mt:calculation_off_by_one,1,0,0,1,1,true,false,false,none,supported,,unclassified_no_de2_unit,,early_direction_only,early_direction_only,collect_more_evidence,true,,,טעות חישוב של סטייה ב-1,false,בנושא audit_topic נראית הצלחה יציבה בשאלות שנפתרו. מבוסס על 9 שאלות שנפתרו בנושא.,מעט שאלות - עדיין אין מספיק נתונים,neutral,bg-slate-500/10 border border-slate-400/35,B_early_direction,false,,true,true,true
bound_mastery_q10,10,9,1,90,mt:calculation_off_by_one,1,0,0,1,1,true,false,false,none,supported,,unclassified_no_de2_unit,,mastery_stable,mastery_stable,collect_more_evidence,true,,,טעות חישוב של סטייה ב-1,false,"בנושא audit_topic נראית הצלחה טובה ויציבה (10 שאלות, 90% דיוק). מבוסס על 10 שאלות שנפתרו בנושא.",מצוין,advance,bg-emerald-500/15 border border-emerald-400/45,E_strength_or_mastery,false,,true,true,true
bound_mastery_100_q10,10,10,0,100,mt:calculation_off_by_one,0,0,0,1,1,true,false,false,none,supported,,unclassified_no_de2_unit,,mastery_stable,mastery_stable,collect_more_evidence,true,,,טעות חישוב של סטייה ב-1,false,"בנושא audit_topic נראית הצלחה טובה ויציבה (10 שאלות, 100% דיוק). מבוסס על 10 שאלות שנפתרו בנושא.",מצוין,advance,bg-emerald-500/15 border border-emerald-400/45,E_strength_or_mastery,false,,true,true,true
bound_mastery_100_q9_early,9,9,0,100,mt:calculation_off_by_one,0,0,0,1,1,true,false,false,none,supported,,unclassified_no_de2_unit,,early_direction_only,early_direction_only,collect_more_evidence,true,,,טעות חישוב של סטייה ב-1,false,בנושא audit_topic נראית הצלחה יציבה בשאלות שנפתרו. מבוסס על 9 שאלות שנפתרו בנושא.,מעט שאלות - עדיין אין מספיק נתונים,neutral,bg-slate-500/10 border border-slate-400/35,B_early_direction,false,,true,true,true
bound_acc_83_partial,12,10,2,83,mt:calculation_off_by_one,2,0.1667,1,1,1,true,false,false,consistent,strong,,unclassified_no_de2_unit,,partial_stable,partial_stable,collect_more_evidence,true,mt:calculation_off_by_one,טעות חישוב של סטייה ב-1,טעות חישוב של סטייה ב-1,false,"בנושא audit_topic יש הבנה חלקית (83% דיוק), אבל עדיין צריך חיזוק כדי להגיע ליציבות. מבוסס על 12 שאלות שנפתרו בנושא.",במעקב,maintain,bg-sky-500/10 border border-sky-400/35,E_strength_or_mastery,false,,true,true,true
bound_acc_67_strengthen,12,8,4,67,mt:calculation_off_by_one,4,0.3333,1,1,1,true,false,false,consistent,strong,,unclassified_no_de2_unit,,topic_needs_strengthening,topic_needs_strengthening,collect_more_evidence,true,mt:calculation_off_by_one,טעות חישוב של סטייה ב-1,טעות חישוב של סטייה ב-1,true,בנושא audit_topic יש חלק שדורש חיזוק. ב-4 תשובות חזרה טעות חישוב של סטייה ב-1. מבוסס על 12 שאלות שנפתרו בנושא.,כדאי לחזק,remediate,bg-amber-500/12 border border-amber-400/40,C_factual_repeated_pattern,true,,true,true,true
bound_acc_50_strengthen,12,6,6,50,mt:calculation_off_by_one,6,0.5,1,1,1,true,false,false,consistent,strong,,unclassified_no_de2_unit,,topic_needs_strengthening,topic_needs_strengthening,collect_more_evidence,true,mt:calculation_off_by_one,טעות חישוב של סטייה ב-1,טעות חישוב של סטייה ב-1,true,בנושא audit_topic יש חלק שדורש חיזוק. ב-6 תשובות חזרה טעות חישוב של סטייה ב-1. מבוסס על 12 שאלות שנפתרו בנושא.,כדאי לחזק,remediate,bg-amber-500/12 border border-amber-400/40,C_factual_repeated_pattern,true,,true,true,true
bound_acc_42_gap,12,5,7,42,mt:calculation_off_by_one,7,0.5833,1,1,1,true,false,false,consistent,strong,,unclassified_no_de2_unit,,clear_topic_gap,clear_topic_gap,collect_more_evidence,true,mt:calculation_off_by_one,טעות חישוב של סטייה ב-1,טעות חישוב של סטייה ב-1,true,בנושא audit_topic נראה קושי ברור. ב-7 תשובות חזרה טעות חישוב של סטייה ב-1. מבוסס על 12 שאלות שנפתרו בנושא.,כדאי לתרגל עוד,remediate,bg-yellow-500/15 border border-yellow-400/45,C_factual_repeated_pattern,true,,true,true,true
unmapped_measure_confusion,25,11,14,44,mt:measure_confusion,8,0.32,0.5714,1,1,true,false,false,consistent,strong,,unclassified_no_de2_unit,,clear_topic_gap,clear_topic_gap,collect_more_evidence,true,mt:measure_confusion,unknown,,false,בנושא audit_topic נראה קושי ברור. 14 שגיאות מתוך 25 שאלות (44% דיוק). כדאי לחזור ולתרגל את הנושא לפני שממשיכים. מבוסס על 25 שאלות שנפתרו בנושא.,כדאי לתרגל עוד,remediate,bg-yellow-500/15 border border-yellow-400/45,D_topic_difficulty,true,,true,true,true
mapped_off_by_one_enrich,20,10,10,50,mt:calculation_off_by_one,6,0.3,0.6,1,1,true,false,false,consistent,strong,,unclassified_no_de2_unit,,topic_needs_strengthening,topic_needs_strengthening,collect_more_evidence,true,mt:calculation_off_by_one,טעות חישוב של סטייה ב-1,טעות חישוב של סטייה ב-1,true,בנושא audit_topic יש חלק שדורש חיזוק. ב-6 תשובות חזרה טעות חישוב של סטייה ב-1. מבוסס על 20 שאלות שנפתרו בנושא.,כדאי לחזק,remediate,bg-amber-500/12 border border-amber-400/40,C_factual_repeated_pattern,true,,true,true,true
combo_countFail_ratioFail,12,2,10,17,mt:calculation_off_by_one,1,0,0,1,1,true,false,false,none,strong,,unclassified_no_de2_unit,,clear_topic_gap,clear_topic_gap,collect_more_evidence,true,,,טעות חישוב של סטייה ב-1,false,בנושא audit_topic נראה קושי ברור. 10 שגיאות מתוך 12 שאלות (17% דיוק). כדאי לחזור ולתרגל את הנושא לפני שממשיכים. מבוסס על 12 שאלות שנפתרו בנושא.,כדאי לתרגל עוד,remediate,bg-yellow-500/15 border border-yellow-400/45,D_topic_difficulty,true,,true,true,true
combo_countPass_ratioFail,12,2,10,17,mt:calculation_off_by_one,2,0,0,1,1,true,false,false,none,strong,,unclassified_no_de2_unit,,clear_topic_gap,clear_topic_gap,collect_more_evidence,true,,,טעות חישוב של סטייה ב-1,false,בנושא audit_topic נראה קושי ברור. 10 שגיאות מתוך 12 שאלות (17% דיוק). כדאי לחזור ולתרגל את הנושא לפני שממשיכים. מבוסס על 12 שאלות שנפתרו בנושא.,כדאי לתרגל עוד,remediate,bg-yellow-500/15 border border-yellow-400/45,D_topic_difficulty,true,,true,true,true
combo_countFail_ratioPass,12,10,2,83,mt:calculation_off_by_one,1,0,0,1,1,true,false,false,none,strong,,unclassified_no_de2_unit,,partial_stable,partial_stable,collect_more_evidence,true,,,טעות חישוב של סטייה ב-1,false,"בנושא audit_topic יש הבנה חלקית (83% דיוק), אבל עדיין צריך חיזוק כדי להגיע ליציבות. מבוסס על 12 שאלות שנפתרו בנושא.",במעקב,maintain,bg-sky-500/10 border border-sky-400/35,E_strength_or_mastery,false,,true,true,true
combo_bothPass,12,2,10,17,mt:calculation_off_by_one,4,0.3333,0.4,1,1,true,false,false,consistent,strong,,unclassified_no_de2_unit,,clear_topic_gap,clear_topic_gap,collect_more_evidence,true,mt:calculation_off_by_one,טעות חישוב של סטייה ב-1,טעות חישוב של סטייה ב-1,true,בנושא audit_topic נראה קושי ברור. ב-4 תשובות חזרה טעות חישוב של סטייה ב-1. מבוסס על 12 שאלות שנפתרו בנושא.,כדאי לתרגל עוד,remediate,bg-yellow-500/15 border border-yellow-400/45,C_factual_repeated_pattern,true,,true,true,true
combo_fewQuestions,4,0,4,0,mt:calculation_off_by_one,3,0.75,0.75,1,1,true,false,false,observed,small_sample,,unclassified_no_de2_unit,,insufficient_data,insufficient_data,collect_more_evidence,true,mt:calculation_off_by_one,טעות חישוב של סטייה ב-1,טעות חישוב של סטייה ב-1,false,"בנושא audit_topic, מבוסס על 4 שאלות שנפתרו בנושא, נראה דפוס מוקדם של טעויות.",מעט שאלות - עדיין אין מספיק נתונים,neutral,bg-slate-500/10 border border-slate-400/35,A_insufficient_info,false,,true,true,true
combo_enoughQuestions,12,4,8,33,mt:calculation_off_by_one,4,0.3333,0.5,1,1,true,false,false,consistent,strong,,unclassified_no_de2_unit,,clear_topic_gap,clear_topic_gap,collect_more_evidence,true,mt:calculation_off_by_one,טעות חישוב של סטייה ב-1,טעות חישוב של סטייה ב-1,true,בנושא audit_topic נראה קושי ברור. ב-4 תשובות חזרה טעות חישוב של סטייה ב-1. מבוסס על 12 שאלות שנפתרו בנושא.,כדאי לתרגל עוד,remediate,bg-yellow-500/15 border border-yellow-400/45,C_factual_repeated_pattern,true,,true,true,true
