row_number,review_file,id,source_file,source_line,report_surface,report_section,subject_if_known,topic_if_known,scenario_if_known,engine_meaning_plain_he,before_in_report_context,after_in_report_context,context_confidence,notes
1,parent-report-hebrew-owner-review-01-rows-001-050.xlsx,PR-HE-00042,components/parent-report-detailed-surface.jsx,226,detailed_report,subject_card,חשבון,,,"המנוע מנסה לבדוק אם יש מספיק סימנים כדי להתקדם, אבל בלי למהר לפני שההצלחה יציבה.","דוח מפורט — כרטיס מקצוע | מקצוע לדוגמה: חשבון
כותרת בדוח: טעויות חוזרות ושימור מה שלומדים
לפני החלפה: לאורך זמן: · מוכנות לשלב הבא: [בדיקה אם מתאים להתקדם]","דוח מפורט — כרטיס מקצוע | מקצוע לדוגמה: חשבון
כותרת בדוח: טעויות חוזרות ושימור מה שלומדים
אחרי החלפה: לאורך זמן: · בדיקה אם מתאים להתקדם: …",medium,
2,parent-report-hebrew-owner-review-01-rows-001-050.xlsx,PR-HE-00193,pages/learning/parent-report-detailed.js,637,detailed_report,general,,,,"המנוע מזהה שבתקופה האחרונה היו פחות הצלחות, ורוצה שההורה ישים לב בלי להיבהל.","דוח מפורט — כללי
לפני החלפה: בסיכום המנהלים (מגמות מרכזיות), שורת מגמה עלולה להציג: «בירידה».","דוח מפורט — כללי
אחרי החלפה: בסיכום המנהלים (מגמות מרכזיות), שורת מגמה עלולה להציג: «יש פחות הצלחות לאחרונה».",medium,המחרוזת מופיעה גם ברשימת מילות מגמה שמסוננות/מנורמלות לפני תצוגה | suggested replacement is much longer than the original phrase slot
3,parent-report-hebrew-owner-review-01-rows-001-050.xlsx,PR-HE-00197,pages/learning/parent-report-detailed.js,641,detailed_report,general,,,,"המנוע מזהה שבתקופה האחרונה היו פחות הצלחות, ורוצה שההורה ישים לב בלי להיבהל.","דוח מפורט — כללי
לפני החלפה: בסיכום המנהלים (מגמות מרכזיות), שורת מגמה עלולה להציג: «ירידה מבוססת».","דוח מפורט — כללי
אחרי החלפה: בסיכום המנהלים (מגמות מרכזיות), שורת מגמה עלולה להציג: «נראית ירידה שחוזרת ביותר מתרגול אחד».",medium,המחרוזת מופיעה גם ברשימת מילות מגמה שמסוננות/מנורמלות לפני תצוגה | suggested replacement is much longer than the original phrase slot
4,parent-report-hebrew-owner-review-01-rows-001-050.xlsx,PR-HE-01693,utils/parent-report-language/parent-facing-normalize-he.js,176,language_layer,guard_normalization,,,,"המנוע משווה את התוצאות לאורך זמן, ולא מסתמך רק על תרגול אחד.","שכבת ניסוח — שכבת ניקוי ניסוח
אזור בדוח: guard_normalization
לפני החלפה: מגמת הדיוק","שכבת ניסוח — שכבת ניקוי ניסוח
אזור בדוח: guard_normalization
אחרי החלפה: שינוי בדיוק לאורך זמן",medium,suggested replacement is much longer than the original phrase slot
5,parent-report-hebrew-owner-review-01-rows-001-050.xlsx,PR-HE-01766,utils/parent-report-language/subject-withhold-summary-he.js,20,language_layer,topic_card,,שברים,,המנוע מנסה לתת להורה פעולה פשוטה שאפשר לעשות בבית בלי לחץ.,"שכבת ניסוח — כרטיס נושא | נושא לדוגמה: שברים
אזור בדוח: topic_card
לפני החלפה: unstable: במקצוע רואים תשובות פחות עקביות בין נושאים — כדאי לחזור על בסיס קצר ולבדוק יציבות לפני מסקנה חדה.","שכבת ניסוח — כרטיס נושא | נושא לדוגמה: שברים
אזור בדוח: topic_card
אחרי החלפה: unstable: התשובות אינן עקביות בכל הנושאים. כדאי לחזור לתרגול קצר ולבדוק שוב אחרי כמה שאלות נוספות.",medium,Parent language/template layer (*He fields)
6,parent-report-hebrew-owner-review-01-rows-001-050.xlsx,PR-HE-01812,utils/parent-report-language/v2-parent-copy.js,108,language_layer,general,,,,"המנוע מנסה לבדוק אם יש מספיק סימנים כדי להתקדם, אבל בלי למהר לפני שההצלחה יציבה.","שכבת ניסוח — כללי
לפני החלפה: היעד לשבוע הקרוב: יותר תרגול עקבי ורגוע, ואז אפשר לקבוע יעד קידום ברור.","שכבת ניסוח — כללי
אחרי החלפה: השבוע כדאי לשמור על תרגול קצר וקבוע, ואז לבדוק אם מתאים להתקדם בהמשך.",medium,Parent language/template layer (*He fields)
7,parent-report-hebrew-owner-review-01-rows-001-050.xlsx,PR-HE-01863,utils/parent-report-ui-explain-he.js,49,report_builder,general,,,,"המנוע מזהה שבתקופה האחרונה היו פחות הצלחות, ורוצה שההורה ישים לב בלי להיבהל.","בונה דוח — כללי
לפני החלפה: down: בירידה","בונה דוח — כללי
אחרי החלפה: down: יש פחות הצלחות לאחרונה",high,suggested replacement is much longer than the original phrase slot
8,parent-report-hebrew-owner-review-01-rows-001-050.xlsx,PR-HE-01900,utils/parent-report-ui-explain-he.js,240,report_builder,general,,,,"המנוע מזהה שבתקופה האחרונה היו פחות הצלחות, ורוצה שההורה ישים לב בלי להיבהל.","בונה דוח — כללי
לפני החלפה: regression signal: נראית ירידה לאחרונה — שווה לשים לב בשבוע הקרוב","בונה דוח — כללי
אחרי החלפה: regression signal: בתקופה האחרונה היו פחות הצלחות, ולכן כדאי לעקוב בזהירות — שווה לשים לב בשבוע הקרוב",high,Exported builder/UI function: LEARNING_STAGE_LABEL_HE
9,parent-report-hebrew-owner-review-01-rows-001-050.xlsx,PR-HE-01956,utils/parent-report-ui-explain-he.js,426,report_builder,general,,,,"המנוע מנסה לבדוק אם יש מספיק סימנים כדי להתקדם, אבל בלי למהר לפני שההצלחה יציבה.","בונה דוח — כללי
לפני החלפה: structured recheck: בדיקה מסודרת לפני החמרה או עלייה ברמה","בונה דוח — כללי
אחרי החלפה: structured recheck: כדאי לבדוק שוב לפני שמשנים את רמת הקושי.",high,Exported builder/UI function: RECALIBRATION_NEED_LABEL_HE
10,parent-report-hebrew-owner-review-01-rows-001-050.xlsx,PR-HE-01962,utils/parent-report-ui-explain-he.js,436,report_builder,general,,,,"המנוע מנסה לבדוק אם יש מספיק סימנים כדי להתקדם, אבל בלי למהר לפני שההצלחה יציבה.","בונה דוח — כללי
לפני החלפה: recheck before advancing: בדיקה קצרה נוספת לפני העלאת קושי או עלייה ברמה","בונה דוח — כללי
אחרי החלפה: recheck before advancing: כדאי לעשות בדיקה קצרה נוספת לפני שמעלים את רמת הקושי.",high,Exported builder/UI function: NEXT_SUPPORT_ADJUSTMENT_LABEL_HE
11,parent-report-hebrew-owner-review-01-rows-001-050.xlsx,PR-HE-02072,utils/parent-report-ui-explain-he.js,617,report_builder,general,,,,"המנוע מנסה לבדוק אם יש מספיק סימנים כדי להתקדם, אבל בלי למהר לפני שההצלחה יציבה.","בונה דוח — כללי
לפני החלפה: high: מוכנות גבוהה יחסית — עדיין עם תנאים לפני הפחתת עזרה או עלייה ברמה","בונה דוח — כללי
אחרי החלפה: high: נראה שיש התקדמות, אבל כדאי לוודא זאת לפני שמפחיתים עזרה או מעלים את רמת הקושי.",high,Exported builder/UI function: GATE_READINESS_LABEL_HE
12,parent-report-hebrew-owner-review-01-rows-001-050.xlsx,PR-HE-02323,utils/topic-next-step-phase2.js,1194,report_builder,general,,,,"המנוע מנסה לבדוק אם יש מספיק סימנים כדי להתקדם, אבל בלי למהר לפני שההצלחה יציבה.","בונה דוח — כללי
לפני החלפה: חשש מקידום מוקדם","בונה דוח — כללי
אחרי החלפה: כדאי לא להתקדם מהר מדי",medium,Exported builder/UI function: buildWhyThisRecommendationHe
13,parent-report-hebrew-owner-review-01-rows-001-050.xlsx,PR-HE-00072,components/parent-report-detailed-surface.jsx,446,detailed_report,general,,,,המנוע אומר שעדיין אין מספיק תרגול כדי להסיק מסקנה ברורה.,"דוח מפורט — כללי
כותרת בדוח: האם הקושי רחב או מצומצם?
לפני החלפה: האם הקושי רחב או מצומצם","דוח מפורט — כללי
כותרת בדוח: האם הקושי רחב או מצומצם?
אחרי החלפה (ללא שינוי מוצע): האם הקושי רחב או מצומצם",high,
14,parent-report-hebrew-owner-review-01-rows-001-050.xlsx,PR-HE-00160,lib/parent-server/parent-report-parent-facing.server.js,128,server_parent_facing,insights,,,,המנוע אומר שעדיין אין מספיק תרגול כדי להסיק מסקנה ברורה.,"שרת / הורה — מה חשוב לדעת
אזור בדוח: insights
לפני החלפה: יש עדיין מעט נתוני תרגול — מומלץ לשמור על תרגול קצר וקבוע.","שרת / הורה — מה חשוב לדעת
אזור בדוח: insights
אחרי החלפה (ללא שינוי מוצע): יש עדיין מעט נתוני תרגול — מומלץ לשמור על תרגול קצר וקבוע.",medium,Parent language/template layer (*He fields)
15,parent-report-hebrew-owner-review-01-rows-001-050.xlsx,PR-HE-00309,pages/learning/parent-report.js,2032,short_report,data_health,,,,המנוע אומר שעדיין אין מספיק תרגול כדי להסיק מסקנה ברורה.,"דוח קצר — מצב נתונים
לפני החלפה: יש נתוני תרגול בתקופה שנבחרה, אך עדיין אין מספיק בסיס ברור מהתרגולים כדי לזהות נושא דחוף אחד — כדאי להמשיך בתרגול ולעקוב שוב לאחר מכן.","דוח קצר — מצב נתונים
אחרי החלפה: יש נתוני תרגול בתקופה שנבחרה, אך עדיין אין מספיק מידע מספיק ברור מהתרגולים כדי לזהות נושא דחוף אחד — כדאי להמשיך בתרגול ולעקוב שוב לאחר מכן.",medium,
16,parent-report-hebrew-owner-review-01-rows-001-050.xlsx,PR-HE-00483,pages/learning/parent-report.js,3104,short_report,data_health,,,,המנוע אומר שעדיין אין מספיק תרגול כדי להסיק מסקנה ברורה.,"דוח קצר — מצב נתונים
לפני החלפה: יש נתוני תרגול בתקופה שנבחרה, אבל עדיין אין מספיק בסיס ברור מהתרגולים ברמת ההמלצות — כדאי להמשיך בתרגול ולעקוב שוב לאחר מכן.","דוח קצר — מצב נתונים
אחרי החלפה: יש נתוני תרגול בתקופה שנבחרה, אבל עדיין אין מספיק מידע מספיק ברור מהתרגולים ברמת ההמלצות — כדאי להמשיך בתרגול ולעקוב שוב לאחר מכן.",medium,
17,parent-report-hebrew-owner-review-01-rows-001-050.xlsx,PR-HE-00484,pages/learning/parent-report.js,3105,short_report,data_health,,,zero_data_math_q0,המנוע אומר שעדיין אין מספיק תרגול כדי להסיק מסקנה ברורה.,"דוח קצר — מצב נתונים
לפני החלפה: עדיין אין מספיק נתונים לתמונה ברורה מהתרגולים","דוח קצר — מצב נתונים
אחרי החלפה (ללא שינוי מוצע): עדיין אין מספיק נתונים לתמונה ברורה מהתרגולים",high,
18,parent-report-hebrew-owner-review-01-rows-001-050.xlsx,PR-HE-00531,utils/contracts/narrative-contract-v1.js,26,report_builder,general,,,normal_data_hebrew_q20,המנוע מנסה להסביר להורה את מצב התרגול או את ההמלצה בצורה פשוטה.,"בונה דוח — כללי
לפני החלפה: light: נכון לעכשיו","בונה דוח — כללי
אחרי החלפה (ללא שינוי מוצע): light: נכון לעכשיו",high,Source may feed parent report — confirm render path
19,parent-report-hebrew-owner-review-01-rows-001-050.xlsx,PR-HE-00532,utils/contracts/narrative-contract-v1.js,26,report_builder,general,,,,המנוע מנסה להפוך את הנתונים להמלצה קצרה וברורה להורה.,"בונה דוח — כללי
לפני החלפה: light: כדאי להמשיך לעקוב","בונה דוח — כללי
אחרי החלפה (ללא שינוי מוצע): light: כדאי להמשיך לעקוב",high,Source may feed parent report — confirm render path
20,parent-report-hebrew-owner-review-01-rows-001-050.xlsx,PR-HE-00533,utils/contracts/narrative-contract-v1.js,27,report_builder,general,,,,המנוע מנסה להסביר להורה את מצב התרגול או את ההמלצה בצורה פשוטה.,"בונה דוח — כללי
לפני החלפה: mandatory: בשלב זה","בונה דוח — כללי
אחרי החלפה (ללא שינוי מוצע): mandatory: בשלב זה",high,
21,parent-report-hebrew-owner-review-01-rows-001-050.xlsx,PR-HE-00534,utils/contracts/narrative-contract-v1.js,27,report_builder,general,,,zero_data_math_q0,המנוע מנסה להסביר להורה את מצב התרגול או את ההמלצה בצורה פשוטה.,"בונה דוח — כללי
לפני החלפה: mandatory: עדיין מוקדם לקבוע","בונה דוח — כללי
אחרי החלפה (ללא שינוי מוצע): mandatory: עדיין מוקדם לקבוע",high,Source may feed parent report — confirm render path
22,parent-report-hebrew-owner-review-01-rows-001-050.xlsx,PR-HE-00535,utils/contracts/narrative-contract-v1.js,31,report_builder,general,,,,המנוע מנסה להסביר להורה את מצב התרגול או את ההמלצה בצורה פשוטה.,"בונה דוח — כללי
לפני החלפה: בטוח לחלוטין","בונה דוח — כללי
אחרי החלפה (ללא שינוי מוצע): בטוח לחלוטין",high,Source may feed parent report — confirm render path
23,parent-report-hebrew-owner-review-01-rows-001-050.xlsx,PR-HE-00536,utils/contracts/narrative-contract-v1.js,32,report_builder,general,,,,המנוע מנסה להסביר להורה את מצב התרגול או את ההמלצה בצורה פשוטה.,"בונה דוח — כללי
לפני החלפה: בוודאות מלאה","בונה דוח — כללי
אחרי החלפה (ללא שינוי מוצע): בוודאות מלאה",high,Source may feed parent report — confirm render path
24,parent-report-hebrew-owner-review-01-rows-001-050.xlsx,PR-HE-00537,utils/contracts/narrative-contract-v1.js,33,report_builder,general,,,,המנוע מנסה להסביר להורה את מצב התרגול או את ההמלצה בצורה פשוטה.,"בונה דוח — כללי
לפני החלפה: ללא ספק בכלל","בונה דוח — כללי
אחרי החלפה (ללא שינוי מוצע): ללא ספק בכלל",high,Source may feed parent report — confirm render path
25,parent-report-hebrew-owner-review-01-rows-001-050.xlsx,PR-HE-00538,utils/contracts/narrative-contract-v1.js,34,report_builder,general,,,,המנוע מנסה להסביר להורה את מצב התרגול או את ההמלצה בצורה פשוטה.,"בונה דוח — כללי
לפני החלפה: חד משמעית","בונה דוח — כללי
אחרי החלפה (ללא שינוי מוצע): חד משמעית",high,Source may feed parent report — confirm render path
26,parent-report-hebrew-owner-review-01-rows-001-050.xlsx,PR-HE-00539,utils/contracts/narrative-contract-v1.js,49,report_builder,topic_card,,שברים,weak_topic_math_q20,המנוע מנסה להסביר להורה את מצב התרגול או את ההמלצה בצורה פשוטה.,"בונה דוח — כרטיס נושא | נושא לדוגמה: שברים
אזור בדוח: topic_card
לפני החלפה: הנושא","בונה דוח — כרטיס נושא | נושא לדוגמה: שברים
אזור בדוח: topic_card
אחרי החלפה (ללא שינוי מוצע): הנושא",medium,Source may feed parent report — confirm render path
27,parent-report-hebrew-owner-review-01-rows-001-050.xlsx,PR-HE-00540,utils/contracts/narrative-contract-v1.js,152,report_builder,general,,,,המנוע מנסה להסביר להורה את מצב התרגול או את ההמלצה בצורה פשוטה.,"בונה דוח — כללי
לפני החלפה: בדני יש עדיין מעט מדי תרגול בתקופה שנבחרה כדי לדעת איך זה באמת הולך.","בונה דוח — כללי
אחרי החלפה: ב… יש עדיין מעט מדי תרגול בתקופה שנבחרה כדי לדעת איך זה באמת הולך.",medium,
28,parent-report-hebrew-owner-review-01-rows-001-050.xlsx,PR-HE-00541,utils/contracts/narrative-contract-v1.js,153,report_builder,general,,,,המנוע מנסה להסביר להורה את מצב התרגול או את ההמלצה בצורה פשוטה.,"בונה דוח — כללי
לפני החלפה: בדני רואים בינתיים רק מעט ניסיונות — זה בסדר; נוסיף עוד קצת ונחזור לזה.","בונה דוח — כללי
אחרי החלפה: ב… רואים בינתיים רק מעט ניסיונות — זה בסדר; נוסיף עוד קצת ונחזור לזה.",medium,
29,parent-report-hebrew-owner-review-01-rows-001-050.xlsx,PR-HE-00542,utils/contracts/narrative-contract-v1.js,154,report_builder,general,,,,המנוע מנסה להסביר להורה את מצב התרגול או את ההמלצה בצורה פשוטה.,"בונה דוח — כללי
לפני החלפה: בדני עדיין מעט תרגול בתקופה שנבחרה, ולכן נשארים עם ניסוח זהיר.","בונה דוח — כללי
אחרי החלפה: ב… עדיין מעט תרגול בתקופה שנבחרה, ולכן נשארים עם ניסוח זהיר.",medium,
30,parent-report-hebrew-owner-review-01-rows-001-050.xlsx,PR-HE-00543,utils/contracts/narrative-contract-v1.js,158,report_builder,general,,,,המנוע מנסה להסביר להורה את מצב התרגול או את ההמלצה בצורה פשוטה.,"בונה דוח — כללי
לפני החלפה: בדני בתקופה שנבחרה יש [מספר שאלות] שאלות, עם דיוק של כ־[דיוק]%.","בונה דוח — כללי
אחרי החלפה: ב… בתקופה שנבחרה יש … שאלות, עם דיוק של כ־…%.",medium,
31,parent-report-hebrew-owner-review-01-rows-001-050.xlsx,PR-HE-00544,utils/contracts/narrative-contract-v1.js,159,report_builder,general,,,,המנוע אומר שעדיין אין מספיק תרגול כדי להסיק מסקנה ברורה.,"בונה דוח — כללי
לפני החלפה: בדני נאספו [מספר שאלות] שאלות בתקופה, ורמת הדיוק סביב [דיוק]%.","בונה דוח — כללי
אחרי החלפה: ב… נאספו … שאלות בתקופה, ורמת הדיוק סביב …%.",medium,
32,parent-report-hebrew-owner-review-01-rows-001-050.xlsx,PR-HE-00545,utils/contracts/narrative-contract-v1.js,160,report_builder,general,,,,המנוע אומר שעדיין אין מספיק תרגול כדי להסיק מסקנה ברורה.,"בונה דוח — כללי
לפני החלפה: בדני נאספו [מספר שאלות] שאלות בתקופה, עם דיוק ממוצע של כ־[דיוק]%.","בונה דוח — כללי
אחרי החלפה: ב… נאספו … שאלות בתקופה, עם דיוק ממוצע של כ־…%.",medium,
33,parent-report-hebrew-owner-review-01-rows-001-050.xlsx,PR-HE-00546,utils/contracts/narrative-contract-v1.js,167,report_builder,general,,,zero_data_math_q0,המנוע מנסה להפוך את הנתונים להמלצה קצרה וברורה להורה.,"בונה דוח — כללי
לפני החלפה: ברשימת נקודות בדוח: «עדיין מוקדם לקבוע כאן כיוון ברור — נמשיך לעקוב אחרי התרגול.».","בונה דוח — כללי
אחרי החלפה (ללא שינוי מוצע): ברשימת נקודות בדוח: «עדיין מוקדם לקבוע כאן כיוון ברור — נמשיך לעקוב אחרי התרגול.».",high,
34,parent-report-hebrew-owner-review-01-rows-001-050.xlsx,PR-HE-00547,utils/contracts/narrative-contract-v1.js,168,report_builder,general,,,zero_data_math_q0,המנוע מנסה להסביר להורה את מצב התרגול או את ההמלצה בצורה פשוטה.,"בונה דוח — executive summary
לפני החלפה: ברשימת נקודות בדוח: «זה מוקדם לנסח סיכום סופי; נוסיף עוד קצת תרגול ונראה איך זה נשמר.».","בונה דוח — executive summary
אחרי החלפה (ללא שינוי מוצע): ברשימת נקודות בדוח: «זה מוקדם לנסח סיכום סופי; נוסיף עוד קצת תרגול ונראה איך זה נשמר.».",high,
35,parent-report-hebrew-owner-review-01-rows-001-050.xlsx,PR-HE-00548,utils/contracts/narrative-contract-v1.js,169,report_builder,data_health,,,zero_data_math_q0,המנוע אומר שעדיין אין מספיק תרגול כדי להסיק מסקנה ברורה.,"בונה דוח — מצב נתונים
לפני החלפה: ברשימת נקודות בדוח: «עדיין אין מספיק נתונים לקבוע כיוון ברור — נמשיך לאט ובזהירות.».","בונה דוח — מצב נתונים
אחרי החלפה (ללא שינוי מוצע): ברשימת נקודות בדוח: «עדיין אין מספיק נתונים לקבוע כיוון ברור — נמשיך לאט ובזהירות.».",high,
36,parent-report-hebrew-owner-review-01-rows-001-050.xlsx,PR-HE-00549,utils/contracts/narrative-contract-v1.js,177,report_builder,general,,,weak_topic_math_q20,המנוע מנסה להסביר להורה את מצב התרגול או את ההמלצה בצורה פשוטה.,"בונה דוח — כללי
לפני החלפה: ברשימת נקודות בדוח: «יש כאן מספיק תרגול כדי לראות דפוס, אבל הדיוק עדיין נמוך יחסית — זה מצב שדורש חיזוק ממוקד.».","בונה דוח — כללי
אחרי החלפה (ללא שינוי מוצע): ברשימת נקודות בדוח: «יש כאן מספיק תרגול כדי לראות דפוס, אבל הדיוק עדיין נמוך יחסית — זה מצב שדורש חיזוק ממוקד.».",high,Source may feed parent report — confirm render path
37,parent-report-hebrew-owner-review-01-rows-001-050.xlsx,PR-HE-00550,utils/contracts/narrative-contract-v1.js,178,report_builder,topic_card,,שברים,,המנוע אומר שעדיין אין מספיק תרגול כדי להסיק מסקנה ברורה.,"בונה דוח — כרטיס נושא | נושא לדוגמה: שברים
אזור בדוח: topic_card
לפני החלפה: ברשימת נקודות בדוח: «נאספו מספיק שאלות לתמונה ראשונית, אך התוצאות עדיין מצביעות על קושי — כדאי חיזוק ממוקד לפני שמסמנים את הנושא כיציב.».","בונה דוח — כרטיס נושא | נושא לדוגמה: שברים
אזור בדוח: topic_card
אחרי החלפה (ללא שינוי מוצע): ברשימת נקודות בדוח: «נאספו מספיק שאלות לתמונה ראשונית, אך התוצאות עדיין מצביעות על קושי — כדאי חיזוק ממוקד לפני שמסמנים את הנושא כיציב.».",medium,Source may feed parent report — confirm render path
38,parent-report-hebrew-owner-review-01-rows-001-050.xlsx,PR-HE-00551,utils/contracts/narrative-contract-v1.js,179,report_builder,general,,,weak_topic_science_q20,המנוע מנסה להסביר להורה את מצב התרגול או את ההמלצה בצורה פשוטה.,"בונה דוח — כללי
לפני החלפה: ברשימת נקודות בדוח: «הנתון מראה פעילות בתקופה, אבל הדיוק נמוך יחסית — נשארים עם ניסוח זהיר ותרגול ממוקד.».","בונה דוח — כללי
אחרי החלפה (ללא שינוי מוצע): ברשימת נקודות בדוח: «הנתון מראה פעילות בתקופה, אבל הדיוק נמוך יחסית — נשארים עם ניסוח זהיר ותרגול ממוקד.».",high,Source may feed parent report — confirm render path
39,parent-report-hebrew-owner-review-01-rows-001-050.xlsx,PR-HE-00552,utils/contracts/narrative-contract-v1.js,183,report_builder,general,,,,המנוע מנסה להסביר להורה את מצב התרגול או את ההמלצה בצורה פשוטה.,"בונה דוח — כללי
לפני החלפה: ברשימת נקודות בדוח: «מתחילים לראות סימנים ראשונים לכיוון, ועדיין צריך עוד קצת תרגול לפני שקובעים כיוון אחד.».","בונה דוח — כללי
אחרי החלפה (ללא שינוי מוצע): ברשימת נקודות בדוח: «מתחילים לראות סימנים ראשונים לכיוון, ועדיין צריך עוד קצת תרגול לפני שקובעים כיוון אחד.».",high,
40,parent-report-hebrew-owner-review-01-rows-001-050.xlsx,PR-HE-00553,utils/contracts/narrative-contract-v1.js,184,report_builder,general,,,,המנוע מנסה להסביר להורה את מצב התרגול או את ההמלצה בצורה פשוטה.,"בונה דוח — כללי
לפני החלפה: ברשימת נקודות בדוח: «נשמע שיש כאן התחלה טובה, אבל עדיין עדיף לחזק עוד קצת לפני שקובעים כיוון ברור.».","בונה דוח — כללי
אחרי החלפה (ללא שינוי מוצע): ברשימת נקודות בדוח: «נשמע שיש כאן התחלה טובה, אבל עדיין עדיף לחזק עוד קצת לפני שקובעים כיוון ברור.».",high,
41,parent-report-hebrew-owner-review-01-rows-001-050.xlsx,PR-HE-00554,utils/contracts/narrative-contract-v1.js,185,report_builder,general,,,,המנוע מנסה להסביר להורה את מצב התרגול או את ההמלצה בצורה פשוטה.,"בונה דוח — executive summary
לפני החלפה: ברשימת נקודות בדוח: «רואים כיוון ראשוני נעים, ועדיין מוקדם לסיכום חד.».","בונה דוח — executive summary
אחרי החלפה (ללא שינוי מוצע): ברשימת נקודות בדוח: «רואים כיוון ראשוני נעים, ועדיין מוקדם לסיכום חד.».",high,
42,parent-report-hebrew-owner-review-01-rows-001-050.xlsx,PR-HE-00555,utils/contracts/narrative-contract-v1.js,190,report_builder,general,,,,המנוע מנסה להסביר להורה את מצב התרגול או את ההמלצה בצורה פשוטה.,"בונה דוח — כללי
לפני החלפה: ברשימת נקודות בדוח: «יש כאן כיוון עבודה הגיוני, ונעדיף לראות את זה חוזר עוד פעם לפני שמחמירים בקביעת כיוון.».","בונה דוח — כללי
אחרי החלפה (ללא שינוי מוצע): ברשימת נקודות בדוח: «יש כאן כיוון עבודה הגיוני, ונעדיף לראות את זה חוזר עוד פעם לפני שמחמירים בקביעת כיוון.».",high,
43,parent-report-hebrew-owner-review-01-rows-001-050.xlsx,PR-HE-00556,utils/contracts/narrative-contract-v1.js,191,report_builder,general,,,,המנוע מנסה להפוך את הנתונים להמלצה קצרה וברורה להורה.,"בונה דוח — כללי
לפני החלפה: ברשימת נקודות בדוח: «הדוח נראה מתקדם לטובה, וכדאי לוודא שזה לא מקרה חד־פעמי.».","בונה דוח — כללי
אחרי החלפה (ללא שינוי מוצע): ברשימת נקודות בדוח: «הדוח נראה מתקדם לטובה, וכדאי לוודא שזה לא מקרה חד־פעמי.».",high,Source may feed parent report — confirm render path
44,parent-report-hebrew-owner-review-01-rows-001-050.xlsx,PR-HE-00557,utils/contracts/narrative-contract-v1.js,192,report_builder,topic_card,,שברים,,המנוע מנסה להסביר להורה את מצב התרגול או את ההמלצה בצורה פשוטה.,"בונה דוח — כרטיס נושא | נושא לדוגמה: שברים
לפני החלפה: ברשימת נקודות בדוח: «הכיוון חיובי יחסית; נשארים עם חיזוק קצר וברור לפני שקובעים שהנושא יציב.».","בונה דוח — כרטיס נושא | נושא לדוגמה: שברים
אחרי החלפה (ללא שינוי מוצע): ברשימת נקודות בדוח: «הכיוון חיובי יחסית; נשארים עם חיזוק קצר וברור לפני שקובעים שהנושא יציב.».",medium,
45,parent-report-hebrew-owner-review-01-rows-001-050.xlsx,PR-HE-00558,utils/contracts/narrative-contract-v1.js,197,report_builder,general,,,normal_data_english_q20,המנוע מנסה להסביר להורה את מצב התרגול או את ההמלצה בצורה פשוטה.,"בונה דוח — כללי
לפני החלפה: ברשימת נקודות בדוח: «הכיוון נראה יציב לאורך התקופה — מספיק להמשיך בתרגול שגרתי.».","בונה דוח — כללי
אחרי החלפה (ללא שינוי מוצע): ברשימת נקודות בדוח: «הכיוון נראה יציב לאורך התקופה — מספיק להמשיך בתרגול שגרתי.».",high,
46,parent-report-hebrew-owner-review-01-rows-001-050.xlsx,PR-HE-00559,utils/contracts/narrative-contract-v1.js,198,report_builder,general,,,normal_data_math_q20,המנוע מנסה להפוך את הנתונים להמלצה קצרה וברורה להורה.,"בונה דוח — כללי
לפני החלפה: ברשימת נקודות בדוח: «נראה שהביצוע נשמר טוב יחסית לתקופה הזו, ונמשיך בעדינות לעקוב.».","בונה דוח — כללי
אחרי החלפה (ללא שינוי מוצע): ברשימת נקודות בדוח: «נראה שהביצוע נשמר טוב יחסית לתקופה הזו, ונמשיך בעדינות לעקוב.».",high,Source may feed parent report — confirm render path
47,parent-report-hebrew-owner-review-01-rows-001-050.xlsx,PR-HE-00560,utils/contracts/narrative-contract-v1.js,199,report_builder,general,,,,המנוע מנסה להסביר להורה את מצב התרגול או את ההמלצה בצורה פשוטה.,"בונה דוח — כללי
לפני החלפה: ברשימת נקודות בדוח: «יש כאן יציבות טובה יחסית בתוצאות; נמשיך לעודד ולבדוק מדי פעם שהכול נשמר.».","בונה דוח — כללי
אחרי החלפה: ברשימת נקודות בדוח: «יש כאן עקביות טובה יחסית בתוצאות; נמשיך לעודד ולבדוק מדי פעם שהכול נשמר.».",high,Source may feed parent report — confirm render path
48,parent-report-hebrew-owner-review-01-rows-001-050.xlsx,PR-HE-00561,utils/contracts/narrative-contract-v1.js,203,report_builder,general,,,,"המנוע משווה את התוצאות לאורך זמן, ולא מסתמך רק על תרגול אחד.","בונה דוח — כללי
לפני החלפה: ברשימת נקודות בדוח: «יש כאן יציבות טובה יחסית, ובלי לאבד קשב לאורך זמן — נמשיך מדי פעם לבדוק שהכול נשאר רגוע גם תחת לחץ.».","בונה דוח — כללי
אחרי החלפה: ברשימת נקודות בדוח: «יש כאן עקביות טובה יחסית, ובלי לאבד קשב לאורך זמן — נמשיך מדי פעם לבדוק שהכול נשאר רגוע גם תחת לחץ.».",high,Source may feed parent report — confirm render path
49,parent-report-hebrew-owner-review-01-rows-001-050.xlsx,PR-HE-00562,utils/contracts/narrative-contract-v1.js,204,report_builder,general,,,strong_topic_math_q20,המנוע מנסה להסביר להורה את מצב התרגול או את ההמלצה בצורה פשוטה.,"בונה דוח — כללי
לפני החלפה: ברשימת נקודות בדוח: «הדוח מצביע על ביצוע יציב יחסית בתקופה הזו, ונמשיך לבדוק מדי פעם שזה לא נשבר תחת עייפות או לחץ.».","בונה דוח — כללי
אחרי החלפה (ללא שינוי מוצע): ברשימת נקודות בדוח: «הדוח מצביע על ביצוע יציב יחסית בתקופה הזו, ונמשיך לבדוק מדי פעם שזה לא נשבר תחת עייפות או לחץ.».",high,Source may feed parent report — confirm render path
50,parent-report-hebrew-owner-review-01-rows-001-050.xlsx,PR-HE-00563,utils/contracts/narrative-contract-v1.js,205,report_builder,general,,,strong_topic_hebrew_q20,"המנוע משווה את התוצאות לאורך זמן, ולא מסתמך רק על תרגול אחד.","בונה דוח — כללי
לפני החלפה: ברשימת נקודות בדוח: «ניכר כאן כיוון חזק יחסית; נמשיך באותו קצב ונוודא שההצלחה חוזרת לאורך זמן.».","בונה דוח — כללי
אחרי החלפה (ללא שינוי מוצע): ברשימת נקודות בדוח: «ניכר כאן כיוון חזק יחסית; נמשיך באותו קצב ונוודא שההצלחה חוזרת לאורך זמן.».",high,
51,parent-report-hebrew-owner-review-02-rows-051-100.xlsx,PR-HE-00564,utils/contracts/narrative-contract-v1.js,213,report_builder,general,,,,המנוע מנסה לתת להורה פעולה פשוטה שאפשר לעשות בבית בלי לחץ.,"בונה דוח — כללי
לפני החלפה: ברשימת נקודות בדוח: «כדאי תרגול קצר וממוקד באותה רמה, ואז לבדוק אם באמת כדאי לשנות משהו.».","בונה דוח — כללי
אחרי החלפה (ללא שינוי מוצע): ברשימת נקודות בדוח: «כדאי תרגול קצר וממוקד באותה רמה, ואז לבדוק אם באמת כדאי לשנות משהו.».",high,Source may feed parent report — confirm render path
52,parent-report-hebrew-owner-review-02-rows-051-100.xlsx,PR-HE-00565,utils/contracts/narrative-contract-v1.js,214,report_builder,general,,,weak_topic_math_q20,המנוע מנסה להסביר להורה את מצב התרגול או את ההמלצה בצורה פשוטה.,"בונה דוח — כללי
לפני החלפה: ברשימת נקודות בדוח: «נעשה עוד חזרה קצרה וברורה ברמה הנוכחית, לפני שמנסים קפיצה קטנה קדימה.».","בונה דוח — כללי
אחרי החלפה (ללא שינוי מוצע): ברשימת נקודות בדוח: «נעשה עוד חזרה קצרה וברורה ברמה הנוכחית, לפני שמנסים קפיצה קטנה קדימה.».",high,Source may feed parent report — confirm render path
53,parent-report-hebrew-owner-review-02-rows-051-100.xlsx,PR-HE-00566,utils/contracts/narrative-contract-v1.js,215,report_builder,general,,,weak_topic_geometry_q20,"המנוע מנסה לבדוק אם יש מספיק סימנים כדי להתקדם, אבל בלי למהר לפני שההצלחה יציבה.","בונה דוח — כללי
לפני החלפה: ברשימת נקודות בדוח: «כדאי להמשיך לתרגל באותה רמת קושי, ואז לבדוק שוב אם מתאים להתקדם.».","בונה דוח — כללי
אחרי החלפה (ללא שינוי מוצע): ברשימת נקודות בדוח: «כדאי להמשיך לתרגל באותה רמת קושי, ואז לבדוק שוב אם מתאים להתקדם.».",high,Source may feed parent report — confirm render path
54,parent-report-hebrew-owner-review-02-rows-051-100.xlsx,PR-HE-00567,utils/contracts/narrative-contract-v1.js,220,report_builder,general,,,normal_data_math_q20,המנוע מנסה להסביר איפה הופיע קושי בתרגול ומה כדאי לבדוק שוב.,"בונה דוח — כללי
לפני החלפה: ברשימת נקודות בדוח: «כדאי חיזוק ממוקד, ואז ניסיון קצר בלי הכוונה באמצע, לפני שמעלים רמת קושי.».","בונה דוח — כללי
אחרי החלפה (ללא שינוי מוצע): ברשימת נקודות בדוח: «כדאי חיזוק ממוקד, ואז ניסיון קצר בלי הכוונה באמצע, לפני שמעלים רמת קושי.».",high,Source may feed parent report — confirm render path
55,parent-report-hebrew-owner-review-02-rows-051-100.xlsx,PR-HE-00568,utils/contracts/narrative-contract-v1.js,221,report_builder,general,,,strong_topic_hebrew_q20,המנוע מנסה להסביר להורה את מצב התרגול או את ההמלצה בצורה פשוטה.,"בונה דוח — כללי
לפני החלפה: ברשימת נקודות בדוח: «בואו נתרגל ממוקד ואז נבדוק כמה שאלות קצרות בעצמאות, לפני שמקדמים.».","בונה דוח — כללי
אחרי החלפה (ללא שינוי מוצע): ברשימת נקודות בדוח: «בואו נתרגל ממוקד ואז נבדוק כמה שאלות קצרות בעצמאות, לפני שמקדמים.».",high,Source may feed parent report — confirm render path
56,parent-report-hebrew-owner-review-02-rows-051-100.xlsx,PR-HE-00569,utils/contracts/narrative-contract-v1.js,222,report_builder,general,,,strong_topic_geometry_q20,המנוע מנסה להסביר להורה את מצב התרגול או את ההמלצה בצורה פשוטה.,"בונה דוח — כללי
לפני החלפה: ברשימת נקודות בדוח: «מוסיפים חיזוק קצר, ובודקים עצמאות קצרה, ורק אז בודקים התקדמות.».","בונה דוח — כללי
אחרי החלפה (ללא שינוי מוצע): ברשימת נקודות בדוח: «מוסיפים חיזוק קצר, ובודקים עצמאות קצרה, ורק אז בודקים התקדמות.».",high,Source may feed parent report — confirm render path
57,parent-report-hebrew-owner-review-02-rows-051-100.xlsx,PR-HE-00570,utils/contracts/narrative-contract-v1.js,226,report_builder,topic_card,,שברים,,המנוע מנסה להסביר להורה את מצב התרגול או את ההמלצה בצורה פשוטה.,"בונה דוח — כרטיס נושא | נושא לדוגמה: שברים
אזור בדוח: topic_card
לפני החלפה: ברשימת נקודות בדוח: «אפשר לשקול צעד התקדמות מדוד בנושא זה בלבד.».","בונה דוח — כרטיס נושא | נושא לדוגמה: שברים
אזור בדוח: topic_card
אחרי החלפה (ללא שינוי מוצע): ברשימת נקודות בדוח: «אפשר לשקול צעד התקדמות מדוד בנושא זה בלבד.».",medium,Source may feed parent report — confirm render path
58,parent-report-hebrew-owner-review-02-rows-051-100.xlsx,PR-HE-00571,utils/contracts/narrative-contract-v1.js,227,report_builder,topic_card,,שברים,,המנוע מנסה להסביר להורה את מצב התרגול או את ההמלצה בצורה פשוטה.,"בונה דוח — כרטיס נושא | נושא לדוגמה: שברים
אזור בדוח: topic_card
לפני החלפה: ברשימת נקודות בדוח: «ניתן לשקול התקדמות קטנה ומבוקרת בנושא הזה בלבד.».","בונה דוח — כרטיס נושא | נושא לדוגמה: שברים
אזור בדוח: topic_card
אחרי החלפה (ללא שינוי מוצע): ברשימת נקודות בדוח: «ניתן לשקול התקדמות קטנה ומבוקרת בנושא הזה בלבד.».",medium,Source may feed parent report — confirm render path
59,parent-report-hebrew-owner-review-02-rows-051-100.xlsx,PR-HE-00572,utils/contracts/narrative-contract-v1.js,228,report_builder,topic_card,,שברים,,המנוע מנסה להסביר להורה את מצב התרגול או את ההמלצה בצורה פשוטה.,"בונה דוח — כרטיס נושא | נושא לדוגמה: שברים
אזור בדוח: topic_card
לפני החלפה: ברשימת נקודות בדוח: «אפשר לעשות צעד התקדמות זהיר ומוגבל רק לנושא הזה.».","בונה דוח — כרטיס נושא | נושא לדוגמה: שברים
אזור בדוח: topic_card
אחרי החלפה (ללא שינוי מוצע): ברשימת נקודות בדוח: «אפשר לעשות צעד התקדמות זהיר ומוגבל רק לנושא הזה.».",medium,Source may feed parent report — confirm render path
60,parent-report-hebrew-owner-review-02-rows-051-100.xlsx,PR-HE-00573,utils/contracts/narrative-contract-v1.js,235,report_builder,general,,,zero_data_math_q0,המנוע מנסה לתת להורה פעולה פשוטה שאפשר לעשות בבית בלי לחץ.,"בונה דוח — כללי
לפני החלפה: ברשימת נקודות בדוח: «עדיין מוקדם לקבוע כאן דבר סופי; ממשיכים עם תרגול קצר ורגיל ובודקים שוב בהמשך.».","בונה דוח — כללי
אחרי החלפה (ללא שינוי מוצע): ברשימת נקודות בדוח: «עדיין מוקדם לקבוע כאן דבר סופי; ממשיכים עם תרגול קצר ורגיל ובודקים שוב בהמשך.».",high,Source may feed parent report — confirm render path
61,parent-report-hebrew-owner-review-02-rows-051-100.xlsx,PR-HE-00574,utils/contracts/narrative-contract-v1.js,236,report_builder,general,,,zero_data_math_q0,המנוע מנסה להפוך את הנתונים להמלצה קצרה וברורה להורה.,"בונה דוח — כללי
לפני החלפה: ברשימת נקודות בדוח: «עדיין מוקדם לקבוע כיוון — כדאי לאסוף עוד נתוני תרגול ואז לבדוק שוב.».","בונה דוח — כללי
אחרי החלפה (ללא שינוי מוצע): ברשימת נקודות בדוח: «עדיין מוקדם לקבוע כיוון — כדאי לאסוף עוד נתוני תרגול ואז לבדוק שוב.».",high,
62,parent-report-hebrew-owner-review-02-rows-051-100.xlsx,PR-HE-00575,utils/contracts/narrative-contract-v1.js,237,report_builder,general,,,zero_data_math_q0,המנוע מנסה להסביר להורה את מצב התרגול או את ההמלצה בצורה פשוטה.,"בונה דוח — כללי
לפני החלפה: ברשימת נקודות בדוח: «בשלב הזה עדיין מוקדם לקבוע כיוון סופי; נמשיך לאסוף עוד נתוני תרגול לפני שמחליטים.».","בונה דוח — כללי
אחרי החלפה (ללא שינוי מוצע): ברשימת נקודות בדוח: «בשלב הזה עדיין מוקדם לקבוע כיוון סופי; נמשיך לאסוף עוד נתוני תרגול לפני שמחליטים.».",high,
63,parent-report-hebrew-owner-review-02-rows-051-100.xlsx,PR-HE-00576,utils/contracts/narrative-contract-v1.js,242,report_builder,general,,,normal_data_hebrew_q20,המנוע מנסה להפוך את הנתונים להמלצה קצרה וברורה להורה.,"בונה דוח — כללי
לפני החלפה: ברשימת נקודות בדוח: «נכון לעכשיו כדאי להמשיך לתרגל ולשים לב, ולבדוק שוב אחרי עוד קצת.».","בונה דוח — כללי
אחרי החלפה (ללא שינוי מוצע): ברשימת נקודות בדוח: «נכון לעכשיו כדאי להמשיך לתרגל ולשים לב, ולבדוק שוב אחרי עוד קצת.».",high,Source may feed parent report — confirm render path
64,parent-report-hebrew-owner-review-02-rows-051-100.xlsx,PR-HE-00577,utils/contracts/narrative-contract-v1.js,243,report_builder,general,,,normal_data_science_q20,המנוע מנסה לתת להורה פעולה פשוטה שאפשר לעשות בבית בלי לחץ.,"בונה דוח — כללי
לפני החלפה: ברשימת נקודות בדוח: «כדאי לבדוק שוב אחרי עוד תרגול קצר, כדי לוודא שהכיוון נשמר לפני שמחמירים בקביעת כיוון.».","בונה דוח — כללי
אחרי החלפה (ללא שינוי מוצע): ברשימת נקודות בדוח: «כדאי לבדוק שוב אחרי עוד תרגול קצר, כדי לוודא שהכיוון נשמר לפני שמחמירים בקביעת כיוון.».",high,
65,parent-report-hebrew-owner-review-02-rows-051-100.xlsx,PR-HE-00578,utils/contracts/narrative-contract-v1.js,244,report_builder,general,,,normal_data_math_q20,המנוע מנסה לתת להורה פעולה פשוטה שאפשר לעשות בבית בלי לחץ.,"בונה דוח — כללי
לפני החלפה: ברשימת נקודות בדוח: «נעשה עוד תרגול קצר ואז נחזור לזה — בעיניים פתוחות ובלי למהר.».","בונה דוח — כללי
אחרי החלפה (ללא שינוי מוצע): ברשימת נקודות בדוח: «נעשה עוד תרגול קצר ואז נחזור לזה — בעיניים פתוחות ובלי למהר.».",high,Source may feed parent report — confirm render path
66,parent-report-hebrew-owner-review-02-rows-051-100.xlsx,PR-HE-00579,utils/detailed-parent-report.js,117,short_report,general,,,zero_data,המנוע מנסה להסביר להורה את מצב התרגול או את ההמלצה בצורה פשוטה.,"דוח קצר — כללי
לפני החלפה: math: חשבון","דוח קצר — כללי
אחרי החלפה (ללא שינוי מוצע): math: חשבון",medium,Source may feed parent report — confirm render path
67,parent-report-hebrew-owner-review-02-rows-051-100.xlsx,PR-HE-00580,utils/detailed-parent-report.js,118,short_report,general,,,zero_data_geometry_q0,המנוע מנסה להסביר להורה את מצב התרגול או את ההמלצה בצורה פשוטה.,"דוח קצר — כללי
לפני החלפה: geometry: גאומטריה","דוח קצר — כללי
אחרי החלפה (ללא שינוי מוצע): geometry: גאומטריה",high,Source may feed parent report — confirm render path
68,parent-report-hebrew-owner-review-02-rows-051-100.xlsx,PR-HE-00581,utils/detailed-parent-report.js,119,short_report,general,,,zero_data_english_q0,המנוע מנסה להסביר להורה את מצב התרגול או את ההמלצה בצורה פשוטה.,"דוח קצר — כללי
לפני החלפה: english: אנגלית","דוח קצר — כללי
אחרי החלפה (ללא שינוי מוצע): english: אנגלית",high,Source may feed parent report — confirm render path
69,parent-report-hebrew-owner-review-02-rows-051-100.xlsx,PR-HE-00582,utils/detailed-parent-report.js,120,short_report,general,,,zero_data_science_q0,המנוע מנסה להסביר להורה את מצב התרגול או את ההמלצה בצורה פשוטה.,"דוח קצר — כללי
לפני החלפה: science: מדעים","דוח קצר — כללי
אחרי החלפה (ללא שינוי מוצע): science: מדעים",high,Source may feed parent report — confirm render path
70,parent-report-hebrew-owner-review-02-rows-051-100.xlsx,PR-HE-00583,utils/detailed-parent-report.js,121,short_report,general,,,thin_data,המנוע מנסה להסביר להורה את מצב התרגול או את ההמלצה בצורה פשוטה.,"דוח קצר — כללי
לפני החלפה: hebrew: עברית","דוח קצר — כללי
אחרי החלפה (ללא שינוי מוצע): hebrew: עברית",high,Source may feed parent report — confirm render path
71,parent-report-hebrew-owner-review-02-rows-051-100.xlsx,PR-HE-00584,utils/detailed-parent-report.js,122,short_report,general,,,zero_data_moledet_geography_q0,המנוע מנסה להסביר להורה את מצב התרגול או את ההמלצה בצורה פשוטה.,"דוח קצר — כללי
לפני החלפה: hebrew: מולדת וגאוגרפיה","דוח קצר — כללי
אחרי החלפה (ללא שינוי מוצע): hebrew: מולדת וגאוגרפיה",high,Source may feed parent report — confirm render path
72,parent-report-hebrew-owner-review-02-rows-051-100.xlsx,PR-HE-00587,utils/detailed-parent-report.js,333,short_report,general,,,,המנוע מנסה להסביר איפה הופיע קושי בתרגול ומה כדאי לבדוק שוב.,"דוח קצר — כללי
לפני החלפה: knowledge gap: קושי בבסיס או בחומר שלא הוסדר מספיק","דוח קצר — כללי
אחרי החלפה (ללא שינוי מוצע): knowledge gap: קושי בבסיס או בחומר שלא הוסדר מספיק",high,Source may feed parent report — confirm render path
73,parent-report-hebrew-owner-review-02-rows-051-100.xlsx,PR-HE-00588,utils/detailed-parent-report.js,334,short_report,general,,,,המנוע מנסה להסביר להורה את מצב התרגול או את ההמלצה בצורה פשוטה.,"דוח קצר — כללי
לפני החלפה: speed pressure: לחץ מהירות במשימות","דוח קצר — כללי
אחרי החלפה (ללא שינוי מוצע): speed pressure: לחץ מהירות במשימות",high,Source may feed parent report — confirm render path
74,parent-report-hebrew-owner-review-02-rows-051-100.xlsx,PR-HE-00589,utils/detailed-parent-report.js,335,short_report,general,,,,המנוע מנסה להסביר להורה את מצב התרגול או את ההמלצה בצורה פשוטה.,"דוח קצר — כללי
לפני החלפה: instruction friction: המשימה עמוסה או שהילד נשען הרבה על רמזים","דוח קצר — כללי
אחרי החלפה (ללא שינוי מוצע): instruction friction: המשימה עמוסה או שהילד נשען הרבה על רמזים",high,Source may feed parent report — confirm render path
75,parent-report-hebrew-owner-review-02-rows-051-100.xlsx,PR-HE-00590,utils/detailed-parent-report.js,336,short_report,general,,,,המנוע מנסה להסביר להורה את מצב התרגול או את ההמלצה בצורה פשוטה.,"דוח קצר — כללי
לפני החלפה: careless pattern: רשלנות קטנה או אי־יציבות בתשובות","דוח קצר — כללי
אחרי החלפה: careless pattern: רשלנות קטנה או אי־עקביות בתשובות",high,Source may feed parent report — confirm render path
76,parent-report-hebrew-owner-review-02-rows-051-100.xlsx,PR-HE-00591,utils/detailed-parent-report.js,337,short_report,general,,,,המנוע מנסה להסביר להורה את מצב התרגול או את ההמלצה בצורה פשוטה.,"דוח קצר — כללי
לפני החלפה: fragile success: הצלחה שבירה (דיוק גבוה עם סיכון)","דוח קצר — כללי
אחרי החלפה (ללא שינוי מוצע): fragile success: הצלחה שבירה (דיוק גבוה עם סיכון)",high,Source may feed parent report — confirm render path
77,parent-report-hebrew-owner-review-02-rows-051-100.xlsx,PR-HE-00592,utils/detailed-parent-report.js,338,short_report,general,,,,המנוע מנסה להסביר להורה את מצב התרגול או את ההמלצה בצורה פשוטה.,"דוח קצר — כללי
לפני החלפה: mixed: כמה סוגי קשיים במקביל","דוח קצר — כללי
אחרי החלפה (ללא שינוי מוצע): mixed: כמה סוגי קשיים במקביל",high,Source may feed parent report — confirm render path
78,parent-report-hebrew-owner-review-02-rows-051-100.xlsx,PR-HE-00593,utils/detailed-parent-report.js,339,short_report,general,,,,המנוע אומר שעדיין אין מספיק תרגול כדי להסיק מסקנה ברורה.,"דוח קצר — כללי
לפני החלפה: mixed low signal: מעט נתונים — התמונה עדיין לא ברורה","דוח קצר — כללי
אחרי החלפה (ללא שינוי מוצע): mixed low signal: מעט נתונים — התמונה עדיין לא ברורה",high,Source may feed parent report — confirm render path
79,parent-report-hebrew-owner-review-02-rows-051-100.xlsx,PR-HE-00594,utils/detailed-parent-report.js,340,short_report,general,,,,המנוע אומר שעדיין אין מספיק תרגול כדי להסיק מסקנה ברורה.,"דוח קצר — כללי
לפני החלפה: none sparse: עדיין מעט נתונים","דוח קצר — כללי
אחרי החלפה: none sparse: עדיין אין מספיק נתוני תרגול",high,Source may feed parent report — confirm render path
80,parent-report-hebrew-owner-review-02-rows-051-100.xlsx,PR-HE-00595,utils/detailed-parent-report.js,341,short_report,general,,,,המנוע מנסה להסביר איפה הופיע קושי בתרגול ומה כדאי לבדוק שוב.,"דוח קצר — כללי
לפני החלפה: none observed: לא נראה כרגע קושי דומיננטי","דוח קצר — כללי
אחרי החלפה (ללא שינוי מוצע): none observed: לא נראה כרגע קושי דומיננטי",high,Source may feed parent report — confirm render path
81,parent-report-hebrew-owner-review-02-rows-051-100.xlsx,PR-HE-00599,utils/detailed-parent-report.js,368,short_report,general,,,,המנוע אומר שעדיין אין מספיק תרגול כדי להסיק מסקנה ברורה.,"דוח קצר — כללי
לפני החלפה: none sparse: עדיין מעט נתונים","דוח קצר — כללי
אחרי החלפה: none sparse: עדיין אין מספיק נתוני תרגול",high,Exported builder/UI function: crossSuccessLabelHe
82,parent-report-hebrew-owner-review-02-rows-051-100.xlsx,PR-HE-00600,utils/detailed-parent-report.js,444,short_report,subject_card,חשבון,,,המנוע מנסה להסביר להורה את מצב התרגול או את ההמלצה בצורה פשוטה.,"דוח קצר — כרטיס מקצוע | מקצוע לדוגמה: חשבון
לפני החלפה: חיזוק שחוזר בכמה מקצועות ([נתון משתנה]): [נתון משתנה]","דוח קצר — כרטיס מקצוע | מקצוע לדוגמה: חשבון
אחרי החלפה: חיזוק שחוזר בכמה מקצועות (…): …",medium,
83,parent-report-hebrew-owner-review-02-rows-051-100.xlsx,PR-HE-00601,utils/detailed-parent-report.js,445,short_report,subject_card,חשבון,,,המנוע מנסה להסביר להורה את מצב התרגול או את ההמלצה בצורה פשוטה.,"דוח קצר — כרטיס מקצוע | מקצוע לדוגמה: חשבון
לפני החלפה: זהירות ([נתון משתנה]): [נתון משתנה]","דוח קצר — כרטיס מקצוע | מקצוע לדוגמה: חשבון
אחרי החלפה: זהירות (…): …",medium,
84,parent-report-hebrew-owner-review-02-rows-051-100.xlsx,PR-HE-00602,utils/detailed-parent-report.js,458,short_report,subject_card,חשבון,,,המנוע מנסה להסביר להורה את מצב התרגול או את ההמלצה בצורה פשוטה.,"דוח קצר — כרטיס מקצוע | מקצוע לדוגמה: חשבון
אזור בדוח: subject_card
לפני החלפה: עדיין אין שתי מגמות חוצות־מקצועות ברורות — התמונה תתבהר אחרי עוד תרגול בתקופה שנבחרה.","דוח קצר — כרטיס מקצוע | מקצוע לדוגמה: חשבון
אזור בדוח: subject_card
אחרי החלפה (ללא שינוי מוצע): עדיין אין שתי מגמות חוצות־מקצועות ברורות — התמונה תתבהר אחרי עוד תרגול בתקופה שנבחרה.",medium,Source may feed parent report — confirm render path
85,parent-report-hebrew-owner-review-02-rows-051-100.xlsx,PR-HE-00603,utils/detailed-parent-report.js,461,short_report,subject_card,חשבון,,,המנוע מנסה להסביר להורה את מצב התרגול או את ההמלצה בצורה פשוטה.,"דוח קצר — כרטיס מקצוע | מקצוע לדוגמה: חשבון
אזור בדוח: subject_card
לפני החלפה: מגמה שנייה תתבהר אחרי עוד תרגול במקצועות עם מעט שאלות.","דוח קצר — כרטיס מקצוע | מקצוע לדוגמה: חשבון
אזור בדוח: subject_card
אחרי החלפה (ללא שינוי מוצע): מגמה שנייה תתבהר אחרי עוד תרגול במקצועות עם מעט שאלות.",medium,Source may feed parent report — confirm render path
86,parent-report-hebrew-owner-review-02-rows-051-100.xlsx,PR-HE-00608,utils/detailed-parent-report.js,508,short_report,general,,,,"המנוע מנסה לבדוק אם יש מספיק סימנים כדי להתקדם, אבל בלי למהר לפני שההצלחה יציבה.","דוח קצר — כללי
לפני החלפה: סיכון לקידום שווא — לא לפרש הצלחה חלקית כמוכנות לעלייה מהירה מדי ברמה.","דוח קצר — כללי
אחרי החלפה: סיכון להתקדמות מוקדמת מדי — לא לפרש הצלחה חלקית כמוכנות לעלייה מהירה מדי ברמה.",medium,Exported builder/UI function: buildCautionNoteHe
87,parent-report-hebrew-owner-review-02-rows-051-100.xlsx,PR-HE-00611,utils/detailed-parent-report.js,515,short_report,general,,,,המנוע אומר שעדיין אין מספיק תרגול כדי להסיק מסקנה ברורה.,"דוח קצר — home recommendations
לפני החלפה: עדיין מעט מידע — לא לקבוע שינוי דרמטי בבית לפני שיתקבל עוד תרגול.","דוח קצר — home recommendations
אחרי החלפה: עדיין אין מספיק מידע — לא להחליט על שינוי גדול בבית לפני שיתקבל עוד תרגול.",medium,
88,parent-report-hebrew-owner-review-02-rows-051-100.xlsx,PR-HE-00614,utils/detailed-parent-report.js,529,short_report,data_health,,,,המנוע אומר שעדיין אין מספיק תרגול כדי להסיק מסקנה ברורה.,"דוח קצר — מצב נתונים
לפני החלפה: חלק מהנתונים עם מה שרואים בהן רק חלקית.","דוח קצר — מצב נתונים
אחרי החלפה: חלק מהמידע עדיין חלקי.",medium,
89,parent-report-hebrew-owner-review-02-rows-051-100.xlsx,PR-HE-00618,utils/detailed-parent-report.js,540,short_report,general,,,,המנוע אומר שעדיין אין מספיק תרגול כדי להסיק מסקנה ברורה.,"דוח קצר — כללי
לפני החלפה: הדוח חלקי — מומלץ להשלים עוד תרגול בתקופה שנבחרה לפני החלטות גדולות.","דוח קצר — כללי
אחרי החלפה: המידע בדוח עדיין חלקי — מומלץ להשלים עוד תרגול בתקופה שנבחרה לפני החלטות גדולות.",medium,Exported builder/UI function: buildReportReadinessHe
90,parent-report-hebrew-owner-review-02-rows-051-100.xlsx,PR-HE-00619,utils/detailed-parent-report.js,541,short_report,general,,,,המנוע אומר שעדיין אין מספיק תרגול כדי להסיק מסקנה ברורה.,"דוח קצר — home recommendations
לפני החלפה: בדוח יש מידע חלקי — כדאי לשלב את מה שמופיע כאן עם מה שאתם רואים בבית.","דוח קצר — home recommendations
אחרי החלפה (ללא שינוי מוצע): בדוח יש מידע חלקי — כדאי לשלב את מה שמופיע כאן עם מה שאתם רואים בבית.",medium,
91,parent-report-hebrew-owner-review-02-rows-051-100.xlsx,PR-HE-00624,utils/detailed-parent-report.js,647,short_report,subject_card,חשבון,,,המנוע מנסה להסביר להורה את מצב התרגול או את ההמלצה בצורה פשוטה.,"דוח קצר — כרטיס מקצוע | מקצוע לדוגמה: חשבון
לפני החלפה: בחלק מהמקצועות יש רק סימנים ראשוניים או מעורבים — עדיין מוקדם לקבוע כיוון ברור לכל המקצועות.","דוח קצר — כרטיס מקצוע | מקצוע לדוגמה: חשבון
אחרי החלפה (ללא שינוי מוצע): בחלק מהמקצועות יש רק סימנים ראשוניים או מעורבים — עדיין מוקדם לקבוע כיוון ברור לכל המקצועות.",medium,
92,parent-report-hebrew-owner-review-02-rows-051-100.xlsx,PR-HE-00625,utils/detailed-parent-report.js,710,short_report,topic_card,,שברים,,המנוע מזהיר שלא לפרש הצלחה חלקית כסימן שכבר אפשר להתקדם.,"דוח קצר — כרטיס נושא | נושא לדוגמה: שברים
לפני החלפה: [נתון משתנה]: מוכנות זהירה להרחבה קטנה בתוך הנושא בלבד.","דוח קצר — כרטיס נושא | נושא לדוגמה: שברים
אחרי החלפה: …: מוכנות זהירה להרחבה קטנה בתוך הנושא בלבד.",medium,
93,parent-report-hebrew-owner-review-02-rows-051-100.xlsx,PR-HE-00626,utils/detailed-parent-report.js,830,short_report,subject_card,חשבון,,,המנוע מנסה להסביר להורה את מצב התרגול או את ההמלצה בצורה פשוטה.,"דוח קצר — כרטיס מקצוע | מקצוע לדוגמה: חשבון
אזור בדוח: subject_card
לפני החלפה: לעשות סבב תצפית לפני שינוי משמעותי.","דוח קצר — כרטיס מקצוע | מקצוע לדוגמה: חשבון
אזור בדוח: subject_card
אחרי החלפה (ללא שינוי מוצע): לעשות סבב תצפית לפני שינוי משמעותי.",medium,Source may feed parent report — confirm render path
94,parent-report-hebrew-owner-review-02-rows-051-100.xlsx,PR-HE-00627,utils/detailed-parent-report.js,843,short_report,general,,,,המנוע מנסה להפוך את הנתונים להמלצה קצרה וברורה להורה.,"דוח קצר — כללי
לפני החלפה: שברים: כדאי לבחון שינוי אסטרטגיה זהיר, לא רק עוד אותה חזרה.","דוח קצר — כללי
אחרי החלפה: …: כדאי לבחון שינוי אסטרטגיה זהיר, לא רק עוד אותה חזרה.",medium,
95,parent-report-hebrew-owner-review-02-rows-051-100.xlsx,PR-HE-00628,utils/detailed-parent-report.js,951,short_report,subject_card,חשבון,,,המנוע מנסה להפוך את הנתונים להמלצה קצרה וברורה להורה.,"דוח קצר — כרטיס מקצוע | מקצוע לדוגמה: חשבון
לפני החלפה: שברים: כדאי לעצור חזרות ולחדש כיוון לפני עוד אותו סוג תרגול.","דוח קצר — כרטיס מקצוע | מקצוע לדוגמה: חשבון
אחרי החלפה: …: כדאי לעצור חזרות ולחדש כיוון לפני עוד אותו סוג תרגול.",medium,
96,parent-report-hebrew-owner-review-02-rows-051-100.xlsx,PR-HE-00629,utils/detailed-parent-report.js,1039,short_report,subject_card,חשבון,,,המנוע מנסה להסביר להורה את מצב התרגול או את ההמלצה בצורה פשוטה.,"דוח קצר — כרטיס מקצוע | מקצוע לדוגמה: חשבון
לפני החלפה: שברים: נראה שעקביות המסלול נשמרה והתוצאה מתאימה לציפייה.","דוח קצר — כרטיס מקצוע | מקצוע לדוגמה: חשבון
אחרי החלפה: …: נראה שעקביות המסלול נשמרה והתוצאה מתאימה לציפייה.",medium,
97,parent-report-hebrew-owner-review-02-rows-051-100.xlsx,PR-HE-00630,utils/detailed-parent-report.js,1046,short_report,subject_card,חשבון,,,המנוע מנסה להפוך את הנתונים להמלצה קצרה וברורה להורה.,"דוח קצר — כרטיס מקצוע | מקצוע לדוגמה: חשבון
לפני החלפה: שברים: כדאי לאסוף עוד מידע לפני שממשיכים באותו מסלול.","דוח קצר — כרטיס מקצוע | מקצוע לדוגמה: חשבון
אחרי החלפה: …: כדאי לאסוף עוד מידע לפני שממשיכים באותו מסלול.",medium,
98,parent-report-hebrew-owner-review-02-rows-051-100.xlsx,PR-HE-00631,utils/detailed-parent-report.js,1050,short_report,general,,,,המנוע מנסה להסביר להורה את מצב התרגול או את ההמלצה בצורה פשוטה.,"דוח קצר — כללי
לפני החלפה: שברים: הציפייה מהמסלול הקודם לא נראית מתיישרת עם מה שרואים עכשיו.","דוח קצר — כללי
אחרי החלפה: …: הציפייה מהמסלול הקודם לא נראית מתיישרת עם מה שרואים עכשיו.",medium,
99,parent-report-hebrew-owner-review-02-rows-051-100.xlsx,PR-HE-00632,utils/detailed-parent-report.js,1176,short_report,general,,,,המנוע מנסה להפוך את הנתונים להמלצה קצרה וברורה להורה.,"דוח קצר — כללי
לפני החלפה: שברים: יש סימנים טובים, אבל כדאי לראות עוד הצלחה קצרה בלי עזרה לפני שמפחיתים תמיכה.","דוח קצר — כללי
אחרי החלפה: …: יש סימנים טובים, אבל כדאי לראות עוד הצלחה קצרה בלי עזרה לפני שמפחיתים תמיכה.",medium,
100,parent-report-hebrew-owner-review-02-rows-051-100.xlsx,PR-HE-00633,utils/detailed-parent-report.js,1183,short_report,subject_card,חשבון,,,המנוע מנסה להפוך את הנתונים להמלצה קצרה וברורה להורה.,"דוח קצר — כרטיס מקצוע | מקצוע לדוגמה: חשבון
לפני החלפה: שברים: כדאי סבב תצפית/נתון עדכני לפני החלטה מהותית.","דוח קצר — כרטיס מקצוע | מקצוע לדוגמה: חשבון
אחרי החלפה: …: כדאי סבב תצפית/נתון עדכני לפני החלטה מהותית.",medium,
101,parent-report-hebrew-owner-review-03-rows-101-150.xlsx,PR-HE-00634,utils/detailed-parent-report.js,1186,short_report,subject_card,חשבון,,,המנוע מנסה להפוך את הנתונים להמלצה קצרה וברורה להורה.,"דוח קצר — כרטיס מקצוע | מקצוע לדוגמה: חשבון
לפני החלפה: שברים: אם הסבב הבא חוזר על אותו דפוס בלי שיפור — כדאי לשקול שינוי כיוון זהיר.","דוח קצר — כרטיס מקצוע | מקצוע לדוגמה: חשבון
אחרי החלפה: …: אם הסבב הבא חוזר על אותו דפוס בלי שיפור — כדאי לשקול שינוי כיוון זהיר.",medium,
102,parent-report-hebrew-owner-review-03-rows-101-150.xlsx,PR-HE-00635,utils/detailed-parent-report.js,1303,short_report,topic_card,,שברים,,המנוע מנסה להסביר איפה הופיע קושי בתרגול ומה כדאי לבדוק שוב.,"דוח קצר — כרטיס נושא | נושא לדוגמה: שברים
לפני החלפה: שברים: ייתכן שהקושי הנראה קשור גם לבסיס — לא רק לנקודה אחת בנושא.","דוח קצר — כרטיס נושא | נושא לדוגמה: שברים
אחרי החלפה: …: ייתכן שהקושי הנראה קשור גם לבסיס — לא רק לנקודה אחת בנושא.",medium,
103,parent-report-hebrew-owner-review-03-rows-101-150.xlsx,PR-HE-00636,utils/detailed-parent-report.js,1307,short_report,subject_card,חשבון,,,המנוע מנסה להפוך את הנתונים להמלצה קצרה וברורה להורה.,"דוח קצר — כרטיס מקצוע | מקצוע לדוגמה: חשבון
לפני החלפה: שברים: כדאי לפתוח קודם ייצוב בסיס קצר — ואז לחדד במקצוע.","דוח קצר — כרטיס מקצוע | מקצוע לדוגמה: חשבון
אחרי החלפה: …: כדאי לפתוח קודם ייצוב בסיס קצר — ואז לחדד במקצוע.",medium,
104,parent-report-hebrew-owner-review-03-rows-101-150.xlsx,PR-HE-00637,utils/detailed-parent-report.js,1310,short_report,topic_card,,שברים,,המנוע מנסה להבין אם הקושי מופיע בכמה נושאים או בעיקר בנושא אחד.,"דוח קצר — כרטיס נושא | נושא לדוגמה: שברים
לפני החלפה: שברים: נראה שהקושי ממוקד בנושא הזה — אפשר לתרגל אותו בלי להרחיב יותר מדי.","דוח קצר — כרטיס נושא | נושא לדוגמה: שברים
אחרי החלפה: …: נראה שהקושי ממוקד בנושא הזה — אפשר לתרגל אותו בלי להרחיב יותר מדי.",medium,
105,parent-report-hebrew-owner-review-03-rows-101-150.xlsx,PR-HE-00638,utils/detailed-parent-report.js,1338,short_report,subject_card,חשבון,,,המנוע מנסה להפוך את הנתונים להמלצה קצרה וברורה להורה.,"דוח קצר — כרטיס מקצוע | מקצוע לדוגמה: חשבון
אזור בדוח: subject_card
לפני החלפה: בכמה מקצועות כדאי לחזק קודם בסיס לפני הרחבה או ליטוש עמוק.","דוח קצר — כרטיס מקצוע | מקצוע לדוגמה: חשבון
אזור בדוח: subject_card
אחרי החלפה (ללא שינוי מוצע): בכמה מקצועות כדאי לחזק קודם בסיס לפני הרחבה או ליטוש עמוק.",medium,Source may feed parent report — confirm render path
106,parent-report-hebrew-owner-review-03-rows-101-150.xlsx,PR-HE-00639,utils/detailed-parent-report.js,1339,short_report,subject_card,חשבון,,,המנוע אומר שעדיין אין מספיק תרגול כדי להסיק מסקנה ברורה.,"דוח קצר — כרטיס מקצוע | מקצוע לדוגמה: חשבון
אזור בדוח: subject_card
לפני החלפה: ברוב המקצועות הקושי נראה ממוקד או שהמידע עדיין חלקי — לא צריך להסיק שיש קושי רחב בכל המקצועות.","דוח קצר — כרטיס מקצוע | מקצוע לדוגמה: חשבון
אזור בדוח: subject_card
אחרי החלפה (ללא שינוי מוצע): ברוב המקצועות הקושי נראה ממוקד או שהמידע עדיין חלקי — לא צריך להסיק שיש קושי רחב בכל המקצועות.",medium,Source may feed parent report — confirm render path
107,parent-report-hebrew-owner-review-03-rows-101-150.xlsx,PR-HE-00653,utils/detailed-parent-report.js,1592,short_report,subject_card,חשבון,,,המנוע אומר שעדיין אין מספיק תרגול כדי להסיק מסקנה ברורה.,"דוח קצר — כרטיס מקצוע | מקצוע לדוגמה: חשבון
לפני החלפה: [נתון משתנה] — לא נאספו שאלות בתקופה שנבחרה","דוח קצר — כרטיס מקצוע | מקצוע לדוגמה: חשבון
אחרי החלפה: … — לא נאספו שאלות בתקופה שנבחרה",medium,
108,parent-report-hebrew-owner-review-03-rows-101-150.xlsx,PR-HE-00654,utils/detailed-parent-report.js,1595,short_report,subject_card,חשבון,,,המנוע מנסה להסביר להורה את מצב התרגול או את ההמלצה בצורה פשוטה.,"דוח קצר — כרטיס מקצוע | מקצוע לדוגמה: חשבון
לפני החלפה: [נתון משתנה] — מספר שאלות נמוך ([נתון משתנה] שאלות)","דוח קצר — כרטיס מקצוע | מקצוע לדוגמה: חשבון
אחרי החלפה: … — מספר שאלות נמוך (… שאלות)",medium,
109,parent-report-hebrew-owner-review-03-rows-101-150.xlsx,PR-HE-00655,utils/detailed-parent-report.js,1602,short_report,subject_card,חשבון,,,המנוע מנסה להסביר להורה את מצב התרגול או את ההמלצה בצורה פשוטה.,"דוח קצר — כרטיס מקצוע | מקצוע לדוגמה: חשבון
לפני החלפה: [נתון משתנה] — נאספו [נתון משתנה] שאלות עם דיוק טוב ([נתון משתנה]%)","דוח קצר — כרטיס מקצוע | מקצוע לדוגמה: חשבון
אחרי החלפה: … — נאספו … שאלות עם דיוק טוב (…%)",medium,
110,parent-report-hebrew-owner-review-03-rows-101-150.xlsx,PR-HE-00656,utils/detailed-parent-report.js,1607,short_report,data_health,,,,המנוע מנסה להסביר להורה את מצב התרגול או את ההמלצה בצורה פשוטה.,"דוח קצר — מצב נתונים
לפני החלפה: אין עדיין מקצוע בולט לפי כמות השאלות והדיוק — המשך תרגול יעשה את ההבדל.","דוח קצר — מצב נתונים
אחרי החלפה (ללא שינוי מוצע): אין עדיין מקצוע בולט לפי כמות השאלות והדיוק — המשך תרגול יעשה את ההבדל.",medium,
111,parent-report-hebrew-owner-review-03-rows-101-150.xlsx,PR-HE-00657,utils/detailed-parent-report.js,1625,short_report,data_health,,,,המנוע אומר שעדיין אין מספיק תרגול כדי להסיק מסקנה ברורה.,"דוח קצר — מצב נתונים
לפני החלפה: מקצועות שלא תורגלו בתקופה: [נתון משתנה].","דוח קצר — מצב נתונים
אחרי החלפה: מקצועות שלא תורגלו בתקופה: ….",high,
112,parent-report-hebrew-owner-review-03-rows-101-150.xlsx,PR-HE-00658,utils/detailed-parent-report.js,1630,short_report,subject_card,חשבון,,,המנוע אומר שעדיין אין מספיק תרגול כדי להסיק מסקנה ברורה.,"דוח קצר — כרטיס מקצוע | מקצוע לדוגמה: חשבון
לפני החלפה: ב[נתון משתנה] עדיין יש מעט מידע — התמונה תתבהר אחרי עוד תרגול.","דוח קצר — כרטיס מקצוע | מקצוע לדוגמה: חשבון
אחרי החלפה: ב… עדיין יש מעט מידע — התמונה תתבהר אחרי עוד תרגול.",medium,
113,parent-report-hebrew-owner-review-03-rows-101-150.xlsx,PR-HE-00659,utils/detailed-parent-report.js,1637,short_report,general,,,,המנוע מנסה לתת להורה פעולה פשוטה שאפשר לעשות בבית בלי לחץ.,"דוח קצר — home recommendations
לפני החלפה: בכמה מקצועות חוזרת אותה תמונה: קריאה זהירה של ניסוח המשימה לפני כתיבת התשובה. מומלץ לקבע בבית רגע קצר קבוע לזה.","דוח קצר — home recommendations
אחרי החלפה (ללא שינוי מוצע): בכמה מקצועות חוזרת אותה תמונה: קריאה זהירה של ניסוח המשימה לפני כתיבת התשובה. מומלץ לקבע בבית רגע קצר קבוע לזה.",medium,
114,parent-report-hebrew-owner-review-03-rows-101-150.xlsx,PR-HE-00660,utils/detailed-parent-report.js,1641,short_report,subject_card,חשבון,,,המנוע מנסה להסביר להורה את מצב התרגול או את ההמלצה בצורה פשוטה.,"דוח קצר — כרטיס מקצוע | מקצוע לדוגמה: חשבון
אזור בדוח: subject_card
לפני החלפה: כרגע לא נראה דפוס שחוזר בכמה מקצועות — כשיתווסף עוד תרגול, הסעיף הזה יתעדכן.","דוח קצר — כרטיס מקצוע | מקצוע לדוגמה: חשבון
אזור בדוח: subject_card
אחרי החלפה (ללא שינוי מוצע): כרגע לא נראה דפוס שחוזר בכמה מקצועות — כשיתווסף עוד תרגול, הסעיף הזה יתעדכן.",medium,Source may feed parent report — confirm render path
115,parent-report-hebrew-owner-review-03-rows-101-150.xlsx,PR-HE-00661,utils/detailed-parent-report.js,1647,short_report,general,,,,המנוע אומר שעדיין אין מספיק תרגול כדי להסיק מסקנה ברורה.,"דוח קצר — כללי
לפני החלפה: מספר השאלות בתקופה נמוך — יש לקרוא את המסקנות הכלליות בעדינות.","דוח קצר — כללי
אחרי החלפה (ללא שינוי מוצע): מספר השאלות בתקופה נמוך — יש לקרוא את המסקנות הכלליות בעדינות.",medium,Source may feed parent report — confirm render path
116,parent-report-hebrew-owner-review-03-rows-101-150.xlsx,PR-HE-00662,utils/detailed-parent-report.js,1658,short_report,subject_card,חשבון,,,המנוע מנסה להסביר להורה את מצב התרגול או את ההמלצה בצורה פשוטה.,"דוח קצר — כרטיס מקצוע | מקצוע לדוגמה: חשבון
לפני החלפה: ב[נתון משתנה]: [נתון משתנה]","דוח קצר — כרטיס מקצוע | מקצוע לדוגמה: חשבון
אחרי החלפה: ב…: …",medium,
117,parent-report-hebrew-owner-review-03-rows-101-150.xlsx,PR-HE-00663,utils/detailed-parent-report.js,1664,short_report,general,,,,המנוע מנסה לתת להורה פעולה פשוטה שאפשר לעשות בבית בלי לחץ.,"דוח קצר — כללי
לפני החלפה: עדיין אין המלצות ממוקדות מהמערכת — מומלץ להמשיך על שגרת תרגול קבועה.","דוח קצר — כללי
אחרי החלפה (ללא שינוי מוצע): עדיין אין המלצות ממוקדות מהמערכת — מומלץ להמשיך על שגרת תרגול קבועה.",medium,
118,parent-report-hebrew-owner-review-03-rows-101-150.xlsx,PR-HE-00664,utils/detailed-parent-report.js,1675,short_report,subject_card,חשבון,,,המנוע מנסה להסביר להורה את מצב התרגול או את ההמלצה בצורה פשוטה.,"דוח קצר — כרטיס מקצוע | מקצוע לדוגמה: חשבון
לפני החלפה: ב[נתון משתנה]: [נתון משתנה]","דוח קצר — כרטיס מקצוע | מקצוע לדוגמה: חשבון
אחרי החלפה: ב…: …",medium,
119,parent-report-hebrew-owner-review-03-rows-101-150.xlsx,PR-HE-00665,utils/detailed-parent-report.js,1681,short_report,general,,,,המנוע מנסה להסביר להורה את מצב התרגול או את ההמלצה בצורה פשוטה.,"דוח קצר — כללי
לפני החלפה: כשיתווסף עוד תרגול בתקופה שנבחרה, יופיע כאן כיוון ברור יותר — עד אז עדיף לא להעמיס יעדים מיותרים.","דוח קצר — כללי
אחרי החלפה (ללא שינוי מוצע): כשיתווסף עוד תרגול בתקופה שנבחרה, יופיע כאן כיוון ברור יותר — עד אז עדיף לא להעמיס יעדים מיותרים.",medium,
120,parent-report-hebrew-owner-review-03-rows-101-150.xlsx,PR-HE-00669,utils/detailed-parent-report.js,1928,short_report,general,,,,"המנוע מנסה לבדוק אם יש מספיק סימנים כדי להתקדם, אבל בלי למהר לפני שההצלחה יציבה.","דוח קצר — כללי
לפני החלפה: חיזוק ממוקד לפני קידום","דוח קצר — כללי
אחרי החלפה: כדאי לבדוק שוב לפני שמחליטים אם מתאים להתקדם.",medium,Source may feed parent report — confirm render path
121,parent-report-hebrew-owner-review-03-rows-101-150.xlsx,PR-HE-00670,utils/detailed-parent-report.js,1929,short_report,general,,,,המנוע מנסה להסביר להורה את מצב התרגול או את ההמלצה בצורה פשוטה.,"דוח קצר — כללי
לפני החלפה: לאסוף עוד מידע לפני החלטה","דוח קצר — כללי
אחרי החלפה (ללא שינוי מוצע): לאסוף עוד מידע לפני החלטה",high,Source may feed parent report — confirm render path
122,parent-report-hebrew-owner-review-03-rows-101-150.xlsx,PR-HE-00671,utils/detailed-parent-report.js,2062,short_report,general,,,,המנוע מנסה להסביר להורה את מצב התרגול או את ההמלצה בצורה פשוטה.,"דוח קצר — כללי
לפני החלפה: חיזוק ממוקד לפי הדוח","דוח קצר — כללי
אחרי החלפה (ללא שינוי מוצע): חיזוק ממוקד לפי הדוח",medium,Source may feed parent report — confirm render path
123,parent-report-hebrew-owner-review-03-rows-101-150.xlsx,PR-HE-00672,utils/detailed-parent-report.js,2063,short_report,general,,,,המנוע מנסה להסביר להורה את מצב התרגול או את ההמלצה בצורה פשוטה.,"דוח קצר — כללי
לפני החלפה: לאסוף עוד מידע לפני החלטה","דוח קצר — כללי
אחרי החלפה (ללא שינוי מוצע): לאסוף עוד מידע לפני החלטה",high,Source may feed parent report — confirm render path
124,parent-report-hebrew-owner-review-03-rows-101-150.xlsx,PR-HE-00675,utils/detailed-parent-report.js,2221,short_report,topic_card,,שברים,,המנוע אומר שעדיין אין מספיק תרגול כדי להסיק מסקנה ברורה.,"דוח קצר — כרטיס נושא | נושא לדוגמה: שברים
לפני החלפה: בחלק מהנושאים המידע עדיין מצומצם — נשארים בצעדים קטנים עד להתבססות נתון נוסף.","דוח קצר — כרטיס נושא | נושא לדוגמה: שברים
אחרי החלפה: בחלק מהנושאים המידע עדיין מצומצם — נשארים בצעדים קטנים עד להצטברות עוד תרגול.",medium,
125,parent-report-hebrew-owner-review-03-rows-101-150.xlsx,PR-HE-00677,utils/detailed-parent-report.js,2325,short_report,topic_card,,שברים,,המנוע מנסה להפוך את הנתונים להמלצה קצרה וברורה להורה.,"דוח קצר — כרטיס נושא | נושא לדוגמה: שברים
אזור בדוח: topic_card
לפני החלפה: יש פעילות בנושא בתקופה, אך עדיין אין תמונה מסודרת מהתרגולים על הנושא — כדאי להמשיך בתרגול.","דוח קצר — כרטיס נושא | נושא לדוגמה: שברים
אזור בדוח: topic_card
אחרי החלפה (ללא שינוי מוצע): יש פעילות בנושא בתקופה, אך עדיין אין תמונה מסודרת מהתרגולים על הנושא — כדאי להמשיך בתרגול.",medium,Source may feed parent report — confirm render path
126,parent-report-hebrew-owner-review-03-rows-101-150.xlsx,PR-HE-00678,utils/detailed-parent-report.js,2326,short_report,data_health,,,,המנוע אומר שעדיין אין מספיק תרגול כדי להסיק מסקנה ברורה.,"דוח קצר — מצב נתונים
לפני החלפה: אין מספיק נתונים בתקופה הנבחנת.","דוח קצר — מצב נתונים
אחרי החלפה (ללא שינוי מוצע): אין מספיק נתונים בתקופה הנבחנת.",high,
127,parent-report-hebrew-owner-review-03-rows-101-150.xlsx,PR-HE-00686,utils/detailed-parent-report.js,2594,short_report,general,,,,המנוע מנסה להסביר להורה את מצב התרגול או את ההמלצה בצורה פשוטה.,"דוח קצר — כללי
לפני החלפה: עדיין לא הצטבר מספיק מידע לתמונה רחבה מהתרגולים.","דוח קצר — כללי
אחרי החלפה (ללא שינוי מוצע): עדיין לא הצטבר מספיק מידע לתמונה רחבה מהתרגולים.",high,Source may feed parent report — confirm render path
128,parent-report-hebrew-owner-review-03-rows-101-150.xlsx,PR-HE-00689,utils/detailed-parent-report.js,2610,short_report,topic_card,,שברים,,המנוע מנסה להסביר להורה את מצב התרגול או את ההמלצה בצורה פשוטה.,"דוח קצר — כרטיס נושא | נושא לדוגמה: שברים
אזור בדוח: topic_card
לפני החלפה: התקדמות יציבה וטובה בחלק מהנושאים","דוח קצר — כרטיס נושא | נושא לדוגמה: שברים
אזור בדוח: topic_card
אחרי החלפה (ללא שינוי מוצע): התקדמות יציבה וטובה בחלק מהנושאים",medium,Source may feed parent report — confirm render path
129,parent-report-hebrew-owner-review-03-rows-101-150.xlsx,PR-HE-00690,utils/detailed-parent-report.js,2617,short_report,general,,,,המנוע אומר שעדיין אין מספיק תרגול כדי להסיק מסקנה ברורה.,"דוח קצר — כללי
לפני החלפה: בחלק מהשורות מה שרואים עדיין לא מספיק כדי לסגור תמונה ברורה.","דוח קצר — כללי
אחרי החלפה (ללא שינוי מוצע): בחלק מהשורות מה שרואים עדיין לא מספיק כדי לסגור תמונה ברורה.",medium,Source may feed parent report — confirm render path
130,parent-report-hebrew-owner-review-03-rows-101-150.xlsx,PR-HE-00691,utils/detailed-parent-report.js,2633,short_report,general,,,,המנוע מנסה להסביר להורה את מצב התרגול או את ההמלצה בצורה פשוטה.,"דוח קצר — כללי
לפני החלפה: להמשיך באותה מורכבות ולבחון הרחבה זהירה רק אחרי עקביות נוספת.","דוח קצר — כללי
אחרי החלפה (ללא שינוי מוצע): להמשיך באותה מורכבות ולבחון הרחבה זהירה רק אחרי עקביות נוספת.",medium,Source may feed parent report — confirm render path
131,parent-report-hebrew-owner-review-03-rows-101-150.xlsx,PR-HE-00694,utils/detailed-parent-report.js,2645,short_report,subject_card,חשבון,,,המנוע מנסה להסביר להורה את מצב התרגול או את ההמלצה בצורה פשוטה.,"דוח קצר — כרטיס מקצוע | מקצוע לדוגמה: חשבון
לפני החלפה: יש לבדוק גם חלופה: [נתון משתנה].","דוח קצר — כרטיס מקצוע | מקצוע לדוגמה: חשבון
אחרי החלפה: יש לבדוק גם חלופה: ….",medium,
132,parent-report-hebrew-owner-review-03-rows-101-150.xlsx,PR-HE-00695,utils/detailed-parent-report.js,2701,short_report,general,,,,המנוע מנסה להפוך את הנתונים להמלצה קצרה וברורה להורה.,"דוח קצר — home recommendations
לפני החלפה: כרגע אין המלצה ביתית אחת מרכזית, כי עדיין צריך עוד מידע.","דוח קצר — home recommendations
אחרי החלפה (ללא שינוי מוצע): כרגע אין המלצה ביתית אחת מרכזית, כי עדיין צריך עוד מידע.",high,
133,parent-report-hebrew-owner-review-03-rows-101-150.xlsx,PR-HE-00696,utils/detailed-parent-report.js,2706,short_report,general,,,,המנוע מנסה להסביר להורה את מצב התרגול או את ההמלצה בצורה פשוטה.,"דוח קצר — כללי
לפני החלפה: התקדמות יציבה וטובה ב[נתון משתנה]","דוח קצר — כללי
אחרי החלפה: התקדמות יציבה וטובה ב…",medium,
134,parent-report-hebrew-owner-review-03-rows-101-150.xlsx,PR-HE-00697,utils/detailed-parent-report.js,2708,short_report,general,,,,המנוע מנסה להסביר להורה את מצב התרגול או את ההמלצה בצורה פשוטה.,"דוח קצר — כללי
לפני החלפה: התקדמות יציבה וטובה ב[נתון משתנה]","דוח קצר — כללי
אחרי החלפה: התקדמות יציבה וטובה ב…",medium,
135,parent-report-hebrew-owner-review-03-rows-101-150.xlsx,PR-HE-00698,utils/detailed-parent-report.js,2778,short_report,general,,,,המנוע מנסה להסביר להורה את מצב התרגול או את ההמלצה בצורה פשוטה.,"דוח קצר — כללי
לפני החלפה: להמשיך באותו קצב תרגול — המצב נראה יציב בתקופה שנבחרה.","דוח קצר — כללי
אחרי החלפה (ללא שינוי מוצע): להמשיך באותו קצב תרגול — המצב נראה יציב בתקופה שנבחרה.",medium,Source may feed parent report — confirm render path
136,parent-report-hebrew-owner-review-03-rows-101-150.xlsx,PR-HE-00699,utils/detailed-parent-report.js,2795,short_report,subject_card,חשבון,,,המנוע מנסה להסביר להורה את מצב התרגול או את ההמלצה בצורה פשוטה.,"דוח קצר — כרטיס מקצוע | מקצוע לדוגמה: חשבון
לפני החלפה: ב[נתון משתנה]: [נתון משתנה]","דוח קצר — כרטיס מקצוע | מקצוע לדוגמה: חשבון
אחרי החלפה: ב…: …",medium,
137,parent-report-hebrew-owner-review-03-rows-101-150.xlsx,PR-HE-00730,utils/detailed-report-parent-letter-he.js,158,report_builder,general,,,,המנוע אומר שעדיין אין מספיק תרגול כדי להסיק מסקנה ברורה.,"בונה דוח — כללי
לפני החלפה: בשברים המידע שנאסף בתקופה שנבחרה עדיין חלקי; הכיוון הסביר ביותר כרגע הוא [הכיוון המרכזי] — בלי לנעול תוכנית ארוכה.","בונה דוח — כללי
אחרי החלפה: ב… המידע שנאסף בתקופה שנבחרה עדיין חלקי; הכיוון הסביר ביותר כרגע הוא … — בלי לקבוע תוכנית ארוכה מראש.",medium,
138,parent-report-hebrew-owner-review-03-rows-101-150.xlsx,PR-HE-00734,utils/detailed-report-parent-letter-he.js,179,report_builder,data_health,,,,המנוע אומר שעדיין אין מספיק תרגול כדי להסיק מסקנה ברורה.,"בונה דוח — מצב נתונים
לפני החלפה: דל נתון","בונה דוח — מצב נתונים
אחרי החלפה: מעט מידע",medium,
139,parent-report-hebrew-owner-review-03-rows-101-150.xlsx,PR-HE-00740,utils/detailed-report-parent-letter-he.js,203,report_builder,general,,,normal_data_math_q20,המנוע מנסה להסביר להורה את מצב התרגול או את ההמלצה בצורה פשוטה.,"בונה דוח — כללי
לפני החלפה: נראה ש","בונה דוח — כללי
אחרי החלפה (ללא שינוי מוצע): נראה ש",high,Source may feed parent report — confirm render path
140,parent-report-hebrew-owner-review-03-rows-101-150.xlsx,PR-HE-00741,utils/detailed-report-parent-letter-he.js,204,report_builder,topic_card,,שברים,,המנוע אומר שעדיין אין מספיק תרגול כדי להסיק מסקנה ברורה.,"בונה דוח — כרטיס נושא | נושא לדוגמה: שברים
לפני החלפה: [נתון משתנה]בשברים יש התקדמות חלקית ב־[נתון משתנה] (דיוק כ־[דיוק]%).","בונה דוח — כרטיס נושא | נושא לדוגמה: שברים
אחרי החלפה: …ב… יש התקדמות חלקית ב־… (דיוק כ־…%).",medium,
141,parent-report-hebrew-owner-review-03-rows-101-150.xlsx,PR-HE-00742,utils/detailed-report-parent-letter-he.js,206,report_builder,general,,,,המנוע אומר שעדיין אין מספיק תרגול כדי להסיק מסקנה ברורה.,"בונה דוח — כללי
לפני החלפה: עדיין מוקדם לסכם לגבי שברים — מעט מידע בתקופה שנבחרה.","בונה דוח — כללי
אחרי החלפה: עדיין מוקדם לסכם לגבי … — מעט מידע בתקופה שנבחרה.",medium,
142,parent-report-hebrew-owner-review-03-rows-101-150.xlsx,PR-HE-00745,utils/detailed-report-parent-letter-he.js,236,report_builder,data_health,,,,המנוע אומר שעדיין אין מספיק תרגול כדי להסיק מסקנה ברורה.,"בונה דוח — מצב נתונים
לפני החלפה: דל נתון","בונה דוח — מצב נתונים
אחרי החלפה: מעט מידע",medium,
143,parent-report-hebrew-owner-review-03-rows-101-150.xlsx,PR-HE-00749,utils/detailed-report-parent-letter-he.js,256,report_builder,general,,,,המנוע מנסה להסביר להורה את מצב התרגול או את ההמלצה בצורה פשוטה.,"בונה דוח — כללי
לפני החלפה: שווה לחזק; הדפוס חוזר בעקביות.","בונה דוח — כללי
אחרי החלפה (ללא שינוי מוצע): שווה לחזק; הדפוס חוזר בעקביות.",medium,Source may feed parent report — confirm render path
144,parent-report-hebrew-owner-review-03-rows-101-150.xlsx,PR-HE-00750,utils/detailed-report-parent-letter-he.js,257,report_builder,general,,,,המנוע מנסה להפוך את הנתונים להמלצה קצרה וברורה להורה.,"בונה דוח — כללי
לפני החלפה: שווה לחזק — וכדאי להמשיך לעקוב בלי למהר לקבוע כיוון סופי.","בונה דוח — כללי
אחרי החלפה (ללא שינוי מוצע): שווה לחזק — וכדאי להמשיך לעקוב בלי למהר לקבוע כיוון סופי.",high,
145,parent-report-hebrew-owner-review-03-rows-101-150.xlsx,PR-HE-00751,utils/detailed-report-parent-letter-he.js,259,report_builder,topic_card,,שברים,,המנוע מנסה להסביר להורה את מצב התרגול או את ההמלצה בצורה פשוטה.,"בונה דוח — כרטיס נושא | נושא לדוגמה: שברים
לפני החלפה: לפי התרגול שנאסף בתקופה שנבחרה: [נתון משתנה] יש בסיס טוב; לעומת זאת [נתון משתנה] [נתון משתנה]","בונה דוח — כרטיס נושא | נושא לדוגמה: שברים
אחרי החלפה: לפי התרגול שנאסף בתקופה שנבחרה: … יש בסיס טוב; לעומת זאת … …",medium,
146,parent-report-hebrew-owner-review-03-rows-101-150.xlsx,PR-HE-00752,utils/detailed-report-parent-letter-he.js,265,report_builder,general,,,,המנוע מנסה להפוך את הנתונים להמלצה קצרה וברורה להורה.,"בונה דוח — home recommendations
לפני החלפה: חזרה עקבית — כדאי לשים על זה דגש","בונה דוח — home recommendations
אחרי החלפה (ללא שינוי מוצע): חזרה עקבית — כדאי לשים על זה דגש",medium,
147,parent-report-hebrew-owner-review-03-rows-101-150.xlsx,PR-HE-00753,utils/detailed-report-parent-letter-he.js,266,report_builder,general,,,,המנוע מנסה להסביר להורה את מצב התרגול או את ההמלצה בצורה פשוטה.,"בונה דוח — כללי
לפני החלפה: עדיין לא ברור אם זה דפוס ארוך","בונה דוח — כללי
אחרי החלפה (ללא שינוי מוצע): עדיין לא ברור אם זה דפוס ארוך",high,Source may feed parent report — confirm render path
148,parent-report-hebrew-owner-review-03-rows-101-150.xlsx,PR-HE-00754,utils/detailed-report-parent-letter-he.js,267,report_builder,topic_card,,שברים,,המנוע מנסה להסביר להורה את מצב התרגול או את ההמלצה בצורה פשוטה.,"בונה דוח — כרטיס נושא | נושא לדוגמה: שברים
לפני החלפה: המיקוד המעשי כרגע: [נתון משתנה] — [נתון משתנה].","בונה דוח — כרטיס נושא | נושא לדוגמה: שברים
אחרי החלפה: המיקוד המעשי כרגע: … — ….",medium,
149,parent-report-hebrew-owner-review-03-rows-101-150.xlsx,PR-HE-00755,utils/detailed-report-parent-letter-he.js,270,report_builder,topic_card,,שברים,,המנוע מנסה לתת להורה פעולה פשוטה שאפשר לעשות בבית בלי לחץ.,"בונה דוח — כרטיס נושא | נושא לדוגמה: שברים
לפני החלפה: הכיוון החזק: [נתון משתנה] — שווה לשמר עליו עם תרגול קצר עד שהכיוון מתבהר.","בונה דוח — כרטיס נושא | נושא לדוגמה: שברים
אחרי החלפה: הכיוון החזק: … — שווה לשמר עליו עם תרגול קצר עד שהכיוון מתבהר.",medium,
150,parent-report-hebrew-owner-review-03-rows-101-150.xlsx,PR-HE-00756,utils/detailed-report-parent-letter-he.js,273,report_builder,topic_card,,שברים,,המנוע מנסה לתת להורה פעולה פשוטה שאפשר לעשות בבית בלי לחץ.,"בונה דוח — כרטיס נושא | נושא לדוגמה: שברים
לפני החלפה: יש תנועה [נתון משתנה] — כדאי להמשיך בתרגול קצר ולא לקפוץ רמה מהר.","בונה דוח — כרטיס נושא | נושא לדוגמה: שברים
אחרי החלפה: יש תנועה … — כדאי להמשיך בתרגול קצר ולא לקפוץ רמה מהר.",medium,
151,parent-report-hebrew-owner-review-04-rows-151-200.xlsx,PR-HE-00757,utils/detailed-report-parent-letter-he.js,275,report_builder,general,,,,המנוע אומר שעדיין אין מספיק תרגול כדי להסיק מסקנה ברורה.,"בונה דוח — כללי
לפני החלפה: התמונה עדיין חלקית — עוד קצת תרגול יבהיר את הכיוון.","בונה דוח — כללי
אחרי החלפה (ללא שינוי מוצע): התמונה עדיין חלקית — עוד קצת תרגול יבהיר את הכיוון.",medium,
152,parent-report-hebrew-owner-review-04-rows-151-200.xlsx,PR-HE-00767,utils/detailed-report-parent-letter-he.js,407,report_builder,data_health,,,,המנוע אומר שעדיין אין מספיק תרגול כדי להסיק מסקנה ברורה.,"בונה דוח — מצב נתונים
לפני החלפה: בתקופה שנבחרה עדיין אין מספיק שאלות כדי לראות אם יש מגמה ברורה.","בונה דוח — מצב נתונים
אחרי החלפה (ללא שינוי מוצע): בתקופה שנבחרה עדיין אין מספיק שאלות כדי לראות אם יש מגמה ברורה.",high,
153,parent-report-hebrew-owner-review-04-rows-151-200.xlsx,PR-HE-00776,utils/detailed-report-parent-letter-he.js,433,report_builder,general,,,,המנוע אומר שעדיין אין מספיק תרגול כדי להסיק מסקנה ברורה.,"בונה דוח — כללי
לפני החלפה: בשברים הנתון עדיין חלקי. [נתוני התרגול]${rc","בונה דוח — כללי
אחרי החלפה: עדיין אין מספיק תרגול כדי לקבל תמונה ברורה.",medium,
154,parent-report-hebrew-owner-review-04-rows-151-200.xlsx,PR-HE-00781,utils/learning-patterns-analysis.js,108,report_builder,topic_card,,שברים,weak_topic_math_q20,המנוע מנסה להסביר להורה את מצב התרגול או את ההמלצה בצורה פשוטה.,"בונה דוח — כרטיס נושא | נושא לדוגמה: שברים
אזור בדוח: topic_card
לפני החלפה: הנושא","בונה דוח — כרטיס נושא | נושא לדוגמה: שברים
אזור בדוח: topic_card
אחרי החלפה (ללא שינוי מוצע): הנושא",medium,Source may feed parent report — confirm render path
155,parent-report-hebrew-owner-review-04-rows-151-200.xlsx,PR-HE-00782,utils/learning-patterns-analysis.js,113,report_builder,general,,,,המנוע מנסה להסביר להורה את מצב התרגול או את ההמלצה בצורה פשוטה.,"בונה דוח — כללי
לפני החלפה: בשברים נראית שליטה טובה בתקופה שנבחרה: כ־[דיוק]% נכון מתוך [מספר שאלות] שאלות.","בונה דוח — כללי
אחרי החלפה: ב… נראית שליטה טובה בתקופה שנבחרה: כ־…% נכון מתוך … שאלות.",medium,
156,parent-report-hebrew-owner-review-04-rows-151-200.xlsx,PR-HE-00783,utils/learning-patterns-analysis.js,114,report_builder,general,,,,המנוע מנסה להסביר איפה הופיע קושי בתרגול ומה כדאי לבדוק שוב.,"בונה דוח — כללי
לפני החלפה: כשיש טעות, לפעמים חוזר אותו דפוס ([נתון משתנה] מקרים דומים בתקופה שנבחרה) — כדאי לעצור רגע על דוגמה אחת ביחד.","בונה דוח — כללי
אחרי החלפה: כשיש טעות, לפעמים חוזר אותו דפוס (… מקרים דומים בתקופה שנבחרה) — כדאי לעצור רגע על דוגמה אחת ביחד.",medium,
157,parent-report-hebrew-owner-review-04-rows-151-200.xlsx,PR-HE-00784,utils/learning-patterns-analysis.js,115,report_builder,general,,,,המנוע מנסה לתת להורה פעולה פשוטה שאפשר לעשות בבית בלי לחץ.,"בונה דוח — home recommendations
לפני החלפה: מה כדאי לעשות בבית: לבחור תרגיל אחד קצר, לעבור עליו בקול צעד אחר צעד, ואז לתת לילד לנסות שוב בעצמו.","בונה דוח — home recommendations
אחרי החלפה (ללא שינוי מוצע): מה כדאי לעשות בבית: לבחור תרגיל אחד קצר, לעבור עליו בקול צעד אחר צעד, ואז לתת לילד לנסות שוב בעצמו.",high,
158,parent-report-hebrew-owner-review-04-rows-151-200.xlsx,PR-HE-00798,utils/learning-patterns-analysis.js,356,report_builder,topic_card,,שברים,,המנוע מנסה להסביר להורה את מצב התרגול או את ההמלצה בצורה פשוטה.,"בונה דוח — כרטיס נושא | נושא לדוגמה: שברים
אזור בדוח: topic_card
לפני החלפה: בנושא תרגול","בונה דוח — כרטיס נושא | נושא לדוגמה: שברים
אזור בדוח: topic_card
אחרי החלפה (ללא שינוי מוצע): בנושא תרגול",medium,Source may feed parent report — confirm render path
159,parent-report-hebrew-owner-review-04-rows-151-200.xlsx,PR-HE-00799,utils/learning-patterns-analysis.js,356,report_builder,topic_card,,שברים,,המנוע מנסה להסביר להורה את מצב התרגול או את ההמלצה בצורה פשוטה.,"בונה דוח — כרטיס נושא | נושא לדוגמה: שברים
אזור בדוח: topic_card
לפני החלפה: נושא בתרגול","בונה דוח — כרטיס נושא | נושא לדוגמה: שברים
אזור בדוח: topic_card
אחרי החלפה (ללא שינוי מוצע): נושא בתרגול",medium,Source may feed parent report — confirm render path
160,parent-report-hebrew-owner-review-04-rows-151-200.xlsx,PR-HE-00822,utils/learning-patterns-analysis.js,450,report_builder,general,,,,המנוע מנסה להסביר להורה את מצב התרגול או את ההמלצה בצורה פשוטה.,"בונה דוח — כללי
לפני החלפה: [נתון משתנה] ו[נתון משתנה]","בונה דוח — כללי
אחרי החלפה: … ו…",medium,
161,parent-report-hebrew-owner-review-04-rows-151-200.xlsx,PR-HE-00823,utils/learning-patterns-analysis.js,451,report_builder,general,,,,המנוע מנסה להסביר להורה את מצב התרגול או את ההמלצה בצורה פשוטה.,"בונה דוח — כללי
לפני החלפה: [נתון משתנה] ו[נתון משתנה]","בונה דוח — כללי
אחרי החלפה: … ו…",medium,
162,parent-report-hebrew-owner-review-04-rows-151-200.xlsx,PR-HE-00841,utils/learning-patterns-analysis.js,653,report_builder,general,,,,המנוע אומר שעדיין אין מספיק תרגול כדי להסיק מסקנה ברורה.,"בונה דוח — כללי
לפני החלפה: [פתיחה] עדיין מעט מידע בתקופה שנבחרה — אחרי עוד קצת תרגול אפשר יהיה לנסח תמונה מלאה יותר.","בונה דוח — כללי
אחרי החלפה: … עדיין אין מספיק מידע בתקופה שנבחרה — אחרי עוד קצת תרגול אפשר יהיה לנסח תמונה מלאה יותר.",medium,
163,parent-report-hebrew-owner-review-04-rows-151-200.xlsx,PR-HE-00852,utils/learning-patterns-analysis.js,708,report_builder,topic_card,,שברים,,המנוע מנסה להסביר להורה את מצב התרגול או את ההמלצה בצורה פשוטה.,"בונה דוח — כרטיס נושא | נושא לדוגמה: שברים
לפני החלפה: רואים גם נושאים שעדיין מתחזקים: [נתון משתנה].","בונה דוח — כרטיס נושא | נושא לדוגמה: שברים
אחרי החלפה: רואים גם נושאים שעדיין מתחזקים: ….",medium,
164,parent-report-hebrew-owner-review-04-rows-151-200.xlsx,PR-HE-00870,utils/learning-patterns-analysis.js,841,report_builder,data_health,,,,המנוע אומר שעדיין אין מספיק תרגול כדי להסיק מסקנה ברורה.,"בונה דוח — מצב נתונים
לפני החלפה: נתונים חלקיים לדפוס מסוים.","בונה דוח — מצב נתונים
אחרי החלפה (ללא שינוי מוצע): נתונים חלקיים לדפוס מסוים.",medium,
165,parent-report-hebrew-owner-review-04-rows-151-200.xlsx,PR-HE-00871,utils/learning-patterns-analysis.js,845,report_builder,general,,,,המנוע אומר שעדיין אין מספיק תרגול כדי להסיק מסקנה ברורה.,"בונה דוח — כללי
לפני החלפה: יש עוד אזורים עם טעויות מפוזרות שלא הגיעו לסף דפוס שחוזר מספיק — האבחון בהם נשאר חלקי.","בונה דוח — כללי
אחרי החלפה (ללא שינוי מוצע): יש עוד אזורים עם טעויות מפוזרות שלא הגיעו לסף דפוס שחוזר מספיק — האבחון בהם נשאר חלקי.",medium,Exported builder/UI function: improveHe
166,parent-report-hebrew-owner-review-04-rows-151-200.xlsx,PR-HE-00875,utils/learning-patterns-analysis.js,908,report_builder,subject_card,חשבון,,,המנוע מנסה להסביר להורה את מצב התרגול או את ההמלצה בצורה פשוטה.,"בונה דוח — כרטיס מקצוע | מקצוע לדוגמה: חשבון
אזור בדוח: subject_card
לפני החלפה: המקצוע","בונה דוח — כרטיס מקצוע | מקצוע לדוגמה: חשבון
אזור בדוח: subject_card
אחרי החלפה (ללא שינוי מוצע): המקצוע",medium,Source may feed parent report — confirm render path
167,parent-report-hebrew-owner-review-04-rows-151-200.xlsx,PR-HE-00876,utils/learning-patterns-analysis.js,917,report_builder,subject_card,חשבון,,,המנוע אומר שעדיין אין מספיק תרגול כדי להסיק מסקנה ברורה.,"בונה דוח — כרטיס מקצוע | מקצוע לדוגמה: חשבון
לפני החלפה: subjectPriorityReasonHe: בשברים המידע עדיין חלקי — עדיף תרגול קל ובדיקה חוזרת, לא שינוי גדול מדי.","בונה דוח — כרטיס מקצוע | מקצוע לדוגמה: חשבון
אחרי החלפה: subjectPriorityReasonHe: ב… המידע עדיין חלקי — עדיף תרגול קל ובדיקה חוזרת, לא שינוי גדול מדי.",medium,
168,parent-report-hebrew-owner-review-04-rows-151-200.xlsx,PR-HE-00881,utils/learning-patterns-analysis.js,933,report_builder,topic_card,,שברים,,המנוע אומר שעדיין אין מספיק תרגול כדי להסיק מסקנה ברורה.,"בונה דוח — כרטיס נושא | נושא לדוגמה: שברים
לפני החלפה: subjectPriorityReasonHe: בשברים נראה שיש קושי בחלקים פשוטים יותר של הנושא — מומלץ להתחיל בתרגול קצר וממוקד.","בונה דוח — כרטיס נושא | נושא לדוגמה: שברים
אחרי החלפה: subjectPriorityReasonHe: ב… נראה שיש קושי בחלקים פשוטים יותר של הנושא — מומלץ להתחיל בתרגול קצר וממוקד.",medium,
169,parent-report-hebrew-owner-review-04-rows-151-200.xlsx,PR-HE-00885,utils/learning-patterns-analysis.js,938,report_builder,data_health,,,,המנוע אומר שעדיין אין מספיק תרגול כדי להסיק מסקנה ברורה.,"בונה דוח — מצב נתונים
לפני החלפה: subjectAvoidNowHe: לא לדחוף עלייה מהירה מדי ברמה בבית; לא לדלג על טעויות חוזרות.","בונה דוח — מצב נתונים
אחרי החלפה (ללא שינוי מוצע): subjectAvoidNowHe: לא לדחוף עלייה מהירה מדי ברמה בבית; לא לדלג על טעויות חוזרות.",high,
170,parent-report-hebrew-owner-review-04-rows-151-200.xlsx,PR-HE-00906,utils/learning-patterns-analysis.js,1015,report_builder,data_health,,,,המנוע אומר שעדיין אין מספיק תרגול כדי להסיק מסקנה ברורה.,"בונה דוח — מצב נתונים
לפני החלפה: trendNarrativeHe: בתקופה שנבחרה עדיין אין מספיק תרגול כדי לזהות מגמה ברורה במקצוע זה.","בונה דוח — מצב נתונים
אחרי החלפה (ללא שינוי מוצע): trendNarrativeHe: בתקופה שנבחרה עדיין אין מספיק תרגול כדי לזהות מגמה ברורה במקצוע זה.",high,
171,parent-report-hebrew-owner-review-04-rows-151-200.xlsx,PR-HE-00907,utils/learning-patterns-analysis.js,1016,report_builder,data_health,,,,המנוע אומר שעדיין אין מספיק תרגול כדי להסיק מסקנה ברורה.,"בונה דוח — מצב נתונים
לפני החלפה: confidenceSummaryHe: בתקופה שנבחרה עדיין אין מספיק תרגול כדי לדעת עד כמה הכיוון ברור במקצוע הזה.","בונה דוח — מצב נתונים
אחרי החלפה (ללא שינוי מוצע): confidenceSummaryHe: בתקופה שנבחרה עדיין אין מספיק תרגול כדי לדעת עד כמה הכיוון ברור במקצוע הזה.",high,
172,parent-report-hebrew-owner-review-04-rows-151-200.xlsx,PR-HE-00909,utils/learning-patterns-analysis.js,1034,report_builder,data_health,,,,המנוע אומר שעדיין אין מספיק תרגול כדי להסיק מסקנה ברורה.,"בונה דוח — מצב נתונים
לפני החלפה: subjectDiagnosticRestraintHe: בתקופה שנבחרה עדיין אין מספיק תרגול כדי להבין איפה מתחיל הקושי או להמליץ על שינוי גדול.","בונה דוח — מצב נתונים
אחרי החלפה (ללא שינוי מוצע): subjectDiagnosticRestraintHe: בתקופה שנבחרה עדיין אין מספיק תרגול כדי להבין איפה מתחיל הקושי או להמליץ על שינוי גדול.",high,
173,parent-report-hebrew-owner-review-04-rows-151-200.xlsx,PR-HE-00910,utils/learning-patterns-analysis.js,1038,report_builder,data_health,,,,המנוע אומר שעדיין אין מספיק תרגול כדי להסיק מסקנה ברורה.,"בונה דוח — מצב נתונים
לפני החלפה: subjectPriorityReasonHe: בתקופה שנבחרה עדיין אין מספיק תרגול כדי לקבוע מה חשוב לתרגל קודם.","בונה דוח — מצב נתונים
אחרי החלפה (ללא שינוי מוצע): subjectPriorityReasonHe: בתקופה שנבחרה עדיין אין מספיק תרגול כדי לקבוע מה חשוב לתרגל קודם.",high,
174,parent-report-hebrew-owner-review-04-rows-151-200.xlsx,PR-HE-00913,utils/learning-patterns-analysis.js,1051,report_builder,data_health,,,,"המנוע משווה את התוצאות לאורך זמן, ולא מסתמך רק על תרגול אחד.","בונה דוח — מצב נתונים
לפני החלפה: subjectMemoryNarrativeHe: בתקופה שנבחרה עדיין אין מספיק תרגול כדי לזהות טעות שחוזרת או שינוי לאורך זמן.","בונה דוח — מצב נתונים
אחרי החלפה (ללא שינוי מוצע): subjectMemoryNarrativeHe: בתקופה שנבחרה עדיין אין מספיק תרגול כדי לזהות טעות שחוזרת או שינוי לאורך זמן.",high,
175,parent-report-hebrew-owner-review-04-rows-151-200.xlsx,PR-HE-00914,utils/learning-patterns-analysis.js,1061,report_builder,data_health,,,,המנוע אומר שעדיין אין מספיק תרגול כדי להסיק מסקנה ברורה.,"בונה דוח — מצב נתונים
לפני החלפה: subjectEffectivenessNarrativeHe: בתקופה שנבחרה עדיין אין מספיק תרגול כדי לדעת אם העזרה שניתנה באמת עזרה.","בונה דוח — מצב נתונים
אחרי החלפה (ללא שינוי מוצע): subjectEffectivenessNarrativeHe: בתקופה שנבחרה עדיין אין מספיק תרגול כדי לדעת אם העזרה שניתנה באמת עזרה.",high,
176,parent-report-hebrew-owner-review-04-rows-151-200.xlsx,PR-HE-00915,utils/learning-patterns-analysis.js,1070,report_builder,data_health,,,,המנוע אומר שעדיין אין מספיק תרגול כדי להסיק מסקנה ברורה.,"בונה דוח — מצב נתונים
לפני החלפה: subjectSequenceNarrativeHe: בתקופה שנבחרה עדיין אין מספיק תרגול כדי להחליט מה הצעד הבא בתרגול.","בונה דוח — מצב נתונים
אחרי החלפה (ללא שינוי מוצע): subjectSequenceNarrativeHe: בתקופה שנבחרה עדיין אין מספיק תרגול כדי להחליט מה הצעד הבא בתרגול.",high,
177,parent-report-hebrew-owner-review-04-rows-151-200.xlsx,PR-HE-00916,utils/learning-patterns-analysis.js,1079,report_builder,data_health,,,,המנוע אומר שעדיין אין מספיק תרגול כדי להסיק מסקנה ברורה.,"בונה דוח — מצב נתונים
לפני החלפה: subjectOutcomeNarrativeHe: בתקופה שנבחרה עדיין אין מספיק תרגול כדי לדעת אם מה שניסינו לאחרונה עזר.","בונה דוח — מצב נתונים
אחרי החלפה (ללא שינוי מוצע): subjectOutcomeNarrativeHe: בתקופה שנבחרה עדיין אין מספיק תרגול כדי לדעת אם מה שניסינו לאחרונה עזר.",high,
178,parent-report-hebrew-owner-review-04-rows-151-200.xlsx,PR-HE-00917,utils/learning-patterns-analysis.js,1087,report_builder,data_health,,,,המנוע אומר שעדיין אין מספיק תרגול כדי להסיק מסקנה ברורה.,"בונה דוח — מצב נתונים
לפני החלפה: subjectGateNarrativeHe: בתקופה שנבחרה עדיין אין מספיק תרגול כדי לקבל החלטה בטוחה.","בונה דוח — מצב נתונים
אחרי החלפה (ללא שינוי מוצע): subjectGateNarrativeHe: בתקופה שנבחרה עדיין אין מספיק תרגול כדי לקבל החלטה בטוחה.",high,
179,parent-report-hebrew-owner-review-04-rows-151-200.xlsx,PR-HE-00918,utils/learning-patterns-analysis.js,1094,report_builder,data_health,,,,המנוע אומר שעדיין אין מספיק תרגול כדי להסיק מסקנה ברורה.,"בונה דוח — מצב נתונים
לפני החלפה: subjectFoundationFirstPriorityHe: בתקופה שנבחרה עדיין אין מספיק תרגול כדי להבין מאיפה מתחיל הקושי.","בונה דוח — מצב נתונים
אחרי החלפה (ללא שינוי מוצע): subjectFoundationFirstPriorityHe: בתקופה שנבחרה עדיין אין מספיק תרגול כדי להבין מאיפה מתחיל הקושי.",high,
180,parent-report-hebrew-owner-review-04-rows-151-200.xlsx,PR-HE-00920,utils/learning-patterns-analysis.js,1290,report_builder,subject_card,חשבון,,,המנוע מנסה להסביר להורה את מצב התרגול או את ההמלצה בצורה פשוטה.,"בונה דוח — כרטיס מקצוע | מקצוע לדוגמה: חשבון
אזור בדוח: subject_card
לפני החלפה: המקצוע","בונה דוח — כרטיס מקצוע | מקצוע לדוגמה: חשבון
אזור בדוח: subject_card
אחרי החלפה (ללא שינוי מוצע): המקצוע",medium,Source may feed parent report — confirm render path
181,parent-report-hebrew-owner-review-04-rows-151-200.xlsx,PR-HE-00921,utils/learning-patterns-analysis.js,1291,report_builder,general,,,,המנוע מנסה להסביר להורה את מצב התרגול או את ההמלצה בצורה פשוטה.,"בונה דוח — כללי
לפני החלפה: ב[נתון משתנה] מופיעה לפחות שורה ([נתון משתנה]) שבה הדיוק עולה אך העצמאות יורדת — ההתקדמות עדיין דורשת ליווי; עדיין לא שליטה עצמאית מלאה.","בונה דוח — כללי
אחרי החלפה: ב… מופיעה לפחות שורה (…) שבה הדיוק עולה אך העצמאות יורדת — ההתקדמות עדיין דורשת ליווי; עדיין לא שליטה עצמאית מלאה.",medium,
182,parent-report-hebrew-owner-review-04-rows-151-200.xlsx,PR-HE-00922,utils/learning-patterns-analysis.js,1436,report_builder,subject_card,חשבון,,,המנוע מנסה להסביר להורה את מצב התרגול או את ההמלצה בצורה פשוטה.,"בונה דוח — כרטיס מקצוע | מקצוע לדוגמה: חשבון
לפני החלפה: רוב התרגול בתקופה שנבחרה במצב «[נתון משתנה]» — לא מכלילים אוטומטית לכל המקצוע.","בונה דוח — כרטיס מקצוע | מקצוע לדוגמה: חשבון
אחרי החלפה: רוב התרגול בתקופה שנבחרה במצב «…» — לא מכלילים אוטומטית לכל המקצוע.",medium,
183,parent-report-hebrew-owner-review-04-rows-151-200.xlsx,PR-HE-00923,utils/learning-patterns-analysis.js,1443,report_builder,general,,,,המנוע מנסה להסביר להורה את מצב התרגול או את ההמלצה בצורה פשוטה.,"בונה דוח — home recommendations
לפני החלפה: מגמה חיובית ב־[נתון משתנה]: [נתון משתנה]","בונה דוח — home recommendations
אחרי החלפה: מגמה חיובית ב־…: …",high,
184,parent-report-hebrew-owner-review-04-rows-151-200.xlsx,PR-HE-00924,utils/learning-patterns-analysis.js,1446,report_builder,general,,,,המנוע מנסה להסביר להורה את מצב התרגול או את ההמלצה בצורה פשוטה.,"בונה דוח — כללי
לפני החלפה: נקודת זהירות ב־[נתון משתנה]: [נתון משתנה]","בונה דוח — כללי
אחרי החלפה: נקודת זהירות ב־…: …",medium,
185,parent-report-hebrew-owner-review-04-rows-151-200.xlsx,PR-HE-00925,utils/learning-patterns-analysis.js,1453,report_builder,subject_card,חשבון,,,המנוע מנסה להפוך את הנתונים להמלצה קצרה וברורה להורה.,"בונה דוח — כרטיס מקצוע | מקצוע לדוגמה: חשבון
אזור בדוח: subject_card
לפני החלפה: יש נתוני מגמה בשורות, אך אין עדיין סיפור מגמה אחיד ברמת המקצוע — כדאי לאסוף עוד תרגול.","בונה דוח — כרטיס מקצוע | מקצוע לדוגמה: חשבון
אזור בדוח: subject_card
אחרי החלפה (ללא שינוי מוצע): יש נתוני מגמה בשורות, אך אין עדיין סיפור מגמה אחיד ברמת המקצוע — כדאי לאסוף עוד תרגול.",medium,Source may feed parent report — confirm render path
186,parent-report-hebrew-owner-review-04-rows-151-200.xlsx,PR-HE-00926,utils/learning-patterns-analysis.js,1454,report_builder,data_health,,,,"המנוע משווה את התוצאות לאורך זמן, ולא מסתמך רק על תרגול אחד.","בונה דוח — מצב נתונים
לפני החלפה: עדיין אין מספיק מידע על שינוי לאורך זמן.","בונה דוח — מצב נתונים
אחרי החלפה (ללא שינוי מוצע): עדיין אין מספיק מידע על שינוי לאורך זמן.",high,
187,parent-report-hebrew-owner-review-04-rows-151-200.xlsx,PR-HE-00927,utils/learning-patterns-analysis.js,1462,report_builder,general,,,,המנוע אומר שעדיין אין מספיק תרגול כדי להסיק מסקנה ברורה.,"בונה דוח — כללי
לפני החלפה: לפי הנתונים שנאספו: [נתון משתנה] שורות נותנות כיוון ברור, [נתון משתנה] שורות נותנות כיוון חלקי, ו־[נתון משתנה] שורות עדיין עם מעט מידע; [נתון משתנה] נתונים ברורים יותר מתוך [נתון משתנה].","בונה דוח — כללי
אחרי החלפה: לפי הנתונים שנאספו: … שורות נותנות כיוון ברור, … שורות נותנות כיוון חלקי, ו־… שורות עדיין עם מעט מידע; … נתונים ברורים יותר מתוך ….",high,
188,parent-report-hebrew-owner-review-04-rows-151-200.xlsx,PR-HE-00928,utils/learning-patterns-analysis.js,1464,report_builder,subject_card,חשבון,,,המנוע אומר שעדיין אין מספיק תרגול כדי להסיק מסקנה ברורה.,"בונה דוח — כרטיס מקצוע | מקצוע לדוגמה: חשבון
אזור בדוח: subject_card
לפני החלפה: התמונה במקצוע עדיין חלקית — נשארים בזהירות.","בונה דוח — כרטיס מקצוע | מקצוע לדוגמה: חשבון
אזור בדוח: subject_card
אחרי החלפה (ללא שינוי מוצע): התמונה במקצוע עדיין חלקית — נשארים בזהירות.",medium,Source may feed parent report — confirm render path
189,parent-report-hebrew-owner-review-04-rows-151-200.xlsx,PR-HE-00929,utils/learning-patterns-analysis.js,1467,report_builder,general,,,,המנוע מנסה להסביר להורה את מצב התרגול או את ההמלצה בצורה פשוטה.,"בונה דוח — כללי
לפני החלפה: למרות נתונים עם תוצאות טובות יחסית, מופיעות גם נקודות לתשומת לב — לא לסמן עדיין את הכול כיציב.","בונה דוח — כללי
אחרי החלפה (ללא שינוי מוצע): למרות נתונים עם תוצאות טובות יחסית, מופיעות גם נקודות לתשומת לב — לא לסמן עדיין את הכול כיציב.",medium,Source may feed parent report — confirm render path
190,parent-report-hebrew-owner-review-04-rows-151-200.xlsx,PR-HE-00930,utils/learning-patterns-analysis.js,1471,report_builder,general,,,,המנוע מנסה להסביר איפה הופיע קושי בתרגול ומה כדאי לבדוק שוב.,"בונה דוח — כללי
לפני החלפה: knowledge gap: קושי בבסיס / חוסר בסיס","בונה דוח — כללי
אחרי החלפה (ללא שינוי מוצע): knowledge gap: קושי בבסיס / חוסר בסיס",high,Source may feed parent report — confirm render path
191,parent-report-hebrew-owner-review-04-rows-151-200.xlsx,PR-HE-00931,utils/learning-patterns-analysis.js,1472,report_builder,general,,,,המנוע מנסה להסביר להורה את מצב התרגול או את ההמלצה בצורה פשוטה.,"בונה דוח — כללי
לפני החלפה: speed pressure: לחץ מהירות במצב תרגול עם זמן","בונה דוח — כללי
אחרי החלפה (ללא שינוי מוצע): speed pressure: לחץ מהירות במצב תרגול עם זמן",high,Source may feed parent report — confirm render path
192,parent-report-hebrew-owner-review-04-rows-151-200.xlsx,PR-HE-00932,utils/learning-patterns-analysis.js,1473,report_builder,general,,,,המנוע מנסה להסביר להורה את מצב התרגול או את ההמלצה בצורה פשוטה.,"בונה דוח — כללי
לפני החלפה: instruction friction: משימה לא תמיד ברורה או הילד עדיין נעזר ברמזים","בונה דוח — כללי
אחרי החלפה (ללא שינוי מוצע): instruction friction: משימה לא תמיד ברורה או הילד עדיין נעזר ברמזים",high,Source may feed parent report — confirm render path
193,parent-report-hebrew-owner-review-04-rows-151-200.xlsx,PR-HE-00933,utils/learning-patterns-analysis.js,1474,report_builder,general,,,,המנוע מנסה להסביר להורה את מצב התרגול או את ההמלצה בצורה פשוטה.,"בונה דוח — כללי
לפני החלפה: careless pattern: חוסר תשומת לב שחוזר בתשובות","בונה דוח — כללי
אחרי החלפה (ללא שינוי מוצע): careless pattern: חוסר תשומת לב שחוזר בתשובות",high,Source may feed parent report — confirm render path
194,parent-report-hebrew-owner-review-04-rows-151-200.xlsx,PR-HE-00934,utils/learning-patterns-analysis.js,1475,report_builder,general,,,,המנוע מנסה להסביר להורה את מצב התרגול או את ההמלצה בצורה פשוטה.,"בונה דוח — כללי
לפני החלפה: fragile success: הצלחה שעדיין דורשת עזרה","בונה דוח — כללי
אחרי החלפה (ללא שינוי מוצע): fragile success: הצלחה שעדיין דורשת עזרה",high,Source may feed parent report — confirm render path
195,parent-report-hebrew-owner-review-04-rows-151-200.xlsx,PR-HE-00935,utils/learning-patterns-analysis.js,1476,report_builder,general,,,,המנוע מנסה להסביר להורה את מצב התרגול או את ההמלצה בצורה פשוטה.,"בונה דוח — כללי
לפני החלפה: mixed: תערובת קשיים","בונה דוח — כללי
אחרי החלפה (ללא שינוי מוצע): mixed: תערובת קשיים",high,Source may feed parent report — confirm render path
196,parent-report-hebrew-owner-review-04-rows-151-200.xlsx,PR-HE-00936,utils/learning-patterns-analysis.js,1477,report_builder,general,,,,המנוע אומר שעדיין אין מספיק תרגול כדי להסיק מסקנה ברורה.,"בונה דוח — כללי
לפני החלפה: mixed low signal: תערובת חלקית — מעט סימנים מהתנהגות בפתרון","בונה דוח — כללי
אחרי החלפה (ללא שינוי מוצע): mixed low signal: תערובת חלקית — מעט סימנים מהתנהגות בפתרון",high,Source may feed parent report — confirm render path
197,parent-report-hebrew-owner-review-04-rows-151-200.xlsx,PR-HE-00937,utils/learning-patterns-analysis.js,1478,report_builder,general,,,,המנוע מנסה להסביר להורה את מצב התרגול או את ההמלצה בצורה פשוטה.,"בונה דוח — כללי
לפני החלפה: none sparse: מעט מדי תרגול בשורות","בונה דוח — כללי
אחרי החלפה (ללא שינוי מוצע): none sparse: מעט מדי תרגול בשורות",high,Source may feed parent report — confirm render path
198,parent-report-hebrew-owner-review-04-rows-151-200.xlsx,PR-HE-00938,utils/learning-patterns-analysis.js,1479,report_builder,general,,,,המנוע מנסה להסביר להורה את מצב התרגול או את ההמלצה בצורה פשוטה.,"בונה דוח — כללי
לפני החלפה: none observed: לא זוהה סוג התנהגות חוזר אחד שבולט","בונה דוח — כללי
אחרי החלפה (ללא שינוי מוצע): none observed: לא זוהה סוג התנהגות חוזר אחד שבולט",high,Source may feed parent report — confirm render path
199,parent-report-hebrew-owner-review-04-rows-151-200.xlsx,PR-HE-00939,utils/learning-patterns-analysis.js,1483,report_builder,general,,,,"המנוע משווה את התוצאות לאורך זמן, ולא מסתמך רק על תרגול אחד.","בונה דוח — כללי
לפני החלפה: stable mastery: שליטה טובה שנשמרת לאורך זמן בשורות","בונה דוח — כללי
אחרי החלפה (ללא שינוי מוצע): stable mastery: שליטה טובה שנשמרת לאורך זמן בשורות",high,Source may feed parent report — confirm render path
200,parent-report-hebrew-owner-review-04-rows-151-200.xlsx,PR-HE-00940,utils/learning-patterns-analysis.js,1484,report_builder,general,,,,המנוע מנסה להסביר להורה את מצב התרגול או את ההמלצה בצורה פשוטה.,"בונה דוח — כללי
לפני החלפה: fragile success cluster: הצלחה עם שבירות בעזרה/עצמאות","בונה דוח — כללי
אחרי החלפה (ללא שינוי מוצע): fragile success cluster: הצלחה עם שבירות בעזרה/עצמאות",high,Source may feed parent report — confirm render path
201,parent-report-hebrew-owner-review-05-rows-201-250.xlsx,PR-HE-00941,utils/learning-patterns-analysis.js,1485,report_builder,general,,,,המנוע מנסה להסביר להורה את מצב התרגול או את ההמלצה בצורה פשוטה.,"בונה דוח — כללי
לפני החלפה: mixed: תערובת הצלחות","בונה דוח — כללי
אחרי החלפה (ללא שינוי מוצע): mixed: תערובת הצלחות",high,Source may feed parent report — confirm render path
202,parent-report-hebrew-owner-review-05-rows-201-250.xlsx,PR-HE-00942,utils/learning-patterns-analysis.js,1486,report_builder,general,,,,המנוע מנסה להסביר להורה את מצב התרגול או את ההמלצה בצורה פשוטה.,"בונה דוח — כללי
לפני החלפה: none sparse: מעט מדי תרגול בשורות","בונה דוח — כללי
אחרי החלפה (ללא שינוי מוצע): none sparse: מעט מדי תרגול בשורות",high,Source may feed parent report — confirm render path
203,parent-report-hebrew-owner-review-05-rows-201-250.xlsx,PR-HE-00943,utils/learning-patterns-analysis.js,1492,report_builder,general,,,,המנוע מנסה לתת להורה פעולה פשוטה שאפשר לעשות בבית בלי לחץ.,"בונה דוח — home recommendations
לפני החלפה: מה לעשות בבית: חזרה איטית על הבסיס ב[נתון משתנה] — משימה קצרה, בדיקה מול הפתרון, בלי עלייה מהירה מדי ברמה.","בונה דוח — home recommendations
אחרי החלפה: מה לעשות בבית: חזרה איטית על הבסיס ב… — משימה קצרה, בדיקה מול הפתרון, בלי עלייה מהירה מדי ברמה.",high,
204,parent-report-hebrew-owner-review-05-rows-201-250.xlsx,PR-HE-00944,utils/learning-patterns-analysis.js,1495,report_builder,general,,,,המנוע מנסה לתת להורה פעולה פשוטה שאפשר לעשות בבית בלי לחץ.,"בונה דוח — home recommendations
לפני החלפה: מה לעשות בבית: לפרק את הלחץ למהירות — תרגול באותה רמת קושי עם דגש על דיוק לפני מהירות, בלי להוריד רמה לכל המקצוע.","בונה דוח — home recommendations
אחרי החלפה (ללא שינוי מוצע): מה לעשות בבית: לפרק את הלחץ למהירות — תרגול באותה רמת קושי עם דגש על דיוק לפני מהירות, בלי להוריד רמה לכל המקצוע.",medium,
205,parent-report-hebrew-owner-review-05-rows-201-250.xlsx,PR-HE-00945,utils/learning-patterns-analysis.js,1498,report_builder,general,,,,המנוע מנסה לתת להורה פעולה פשוטה שאפשר לעשות בבית בלי לחץ.,"בונה דוח — home recommendations
לפני החלפה: מה לעשות בבית: קריאת משימה משותפת, זיהוי מה נשאל, ורק אז תשובה — לצמצם הילד עדיין נעזר ברמזים צעד אחר צעד.","בונה דוח — home recommendations
אחרי החלפה (ללא שינוי מוצע): מה לעשות בבית: קריאת משימה משותפת, זיהוי מה נשאל, ורק אז תשובה — לצמצם הילד עדיין נעזר ברמזים צעד אחר צעד.",medium,
206,parent-report-hebrew-owner-review-05-rows-201-250.xlsx,PR-HE-00946,utils/learning-patterns-analysis.js,1501,report_builder,general,,,,המנוע מנסה לתת להורה פעולה פשוטה שאפשר לעשות בבית בלי לחץ.,"בונה דוח — home recommendations
לפני החלפה: מה לעשות בבית: עצירה קצרה לפני שליחה, בדיקה מול הניסוח — לא מניחים מיד שזה קושי עמוק בבסיס.","בונה דוח — home recommendations
אחרי החלפה (ללא שינוי מוצע): מה לעשות בבית: עצירה קצרה לפני שליחה, בדיקה מול הניסוח — לא מניחים מיד שזה קושי עמוק בבסיס.",medium,
207,parent-report-hebrew-owner-review-05-rows-201-250.xlsx,PR-HE-00947,utils/learning-patterns-analysis.js,1504,report_builder,general,,,,המנוע מנסה לתת להורה פעולה פשוטה שאפשר לעשות בבית בלי לחץ.,"בונה דוח — home recommendations
לפני החלפה: מה לעשות בבית: לבנות עצמאות בהדרגה — תרגול קצר עם פחות עזרה אחרי שההבנה ברורה, בלי לדחוף עלייה מהירה מדי ברמה.","בונה דוח — home recommendations
אחרי החלפה (ללא שינוי מוצע): מה לעשות בבית: לבנות עצמאות בהדרגה — תרגול קצר עם פחות עזרה אחרי שההבנה ברורה, בלי לדחוף עלייה מהירה מדי ברמה.",medium,
208,parent-report-hebrew-owner-review-05-rows-201-250.xlsx,PR-HE-00948,utils/learning-patterns-analysis.js,1508,report_builder,general,,,,המנוע מנסה לתת להורה פעולה פשוטה שאפשר לעשות בבית בלי לחץ.,"בונה דוח — home recommendations
לפני החלפה: מה לעשות בבית: לשמור על תרגול קצר וקבוע, ולבדוק שהרמה נשמרת לפני שינוי הגדרות.","בונה דוח — home recommendations
אחרי החלפה (ללא שינוי מוצע): מה לעשות בבית: לשמור על תרגול קצר וקבוע, ולבדוק שהרמה נשמרת לפני שינוי הגדרות.",medium,
209,parent-report-hebrew-owner-review-05-rows-201-250.xlsx,PR-HE-00949,utils/learning-patterns-analysis.js,1509,report_builder,general,,,,המנוע מנסה לתת להורה פעולה פשוטה שאפשר לעשות בבית בלי לחץ.,"בונה דוח — home recommendations
לפני החלפה: מה לעשות בבית: להמשיך לאסוף תרגול קצר עד שהתמונה במקצוע מתייצבת.","בונה דוח — home recommendations
אחרי החלפה (ללא שינוי מוצע): מה לעשות בבית: להמשיך לאסוף תרגול קצר עד שהתמונה במקצוע מתייצבת.",high,
210,parent-report-hebrew-owner-review-05-rows-201-250.xlsx,PR-HE-00950,utils/learning-patterns-analysis.js,1514,report_builder,general,,,,"המנוע מזהה שבתקופה האחרונה היו פחות הצלחות, ורוצה שההורה ישים לב בלי להיבהל.","בונה דוח — home recommendations
לפני החלפה: לא לדחוף עלייה מהירה מדי ברמה או כיתה בבית בלי הצלחה שחוזרת ובלי ירידה בהילד עדיין נעזר ברמזים.","בונה דוח — home recommendations
אחרי החלפה (ללא שינוי מוצע): לא לדחוף עלייה מהירה מדי ברמה או כיתה בבית בלי הצלחה שחוזרת ובלי ירידה בהילד עדיין נעזר ברמזים.",medium,
211,parent-report-hebrew-owner-review-05-rows-201-250.xlsx,PR-HE-00951,utils/learning-patterns-analysis.js,1517,report_builder,subject_card,חשבון,,,המנוע מנסה להסביר איפה הופיע קושי בתרגול ומה כדאי לבדוק שוב.,"בונה דוח — כרטיס מקצוע | מקצוע לדוגמה: חשבון
אזור בדוח: subject_card
לפני החלפה: לא להפוך קושי במצב מהירות לירידת רמה בכל המקצוע.","בונה דוח — כרטיס מקצוע | מקצוע לדוגמה: חשבון
אזור בדוח: subject_card
אחרי החלפה (ללא שינוי מוצע): לא להפוך קושי במצב מהירות לירידת רמה בכל המקצוע.",medium,Source may feed parent report — confirm render path
212,parent-report-hebrew-owner-review-05-rows-201-250.xlsx,PR-HE-00952,utils/learning-patterns-analysis.js,1520,report_builder,general,,,,המנוע מנסה להסביר להורה את מצב התרגול או את ההמלצה בצורה פשוטה.,"בונה דוח — כללי
לפני החלפה: לא לרדת מיד לרמה קלה בלי לנסות קודם חיזוק ממוקד באותה רמה.","בונה דוח — כללי
אחרי החלפה (ללא שינוי מוצע): לא לרדת מיד לרמה קלה בלי לנסות קודם חיזוק ממוקד באותה רמה.",medium,Source may feed parent report — confirm render path
213,parent-report-hebrew-owner-review-05-rows-201-250.xlsx,PR-HE-00953,utils/learning-patterns-analysis.js,1523,report_builder,general,,,,המנוע מנסה להסביר להורה את מצב התרגול או את ההמלצה בצורה פשוטה.,"בונה דוח — כללי
לפני החלפה: לא להפסיק פתאום עזרה — אלא לצמצם אותה בהדרגה כשההבנה משתפרת.","בונה דוח — כללי
אחרי החלפה (ללא שינוי מוצע): לא להפסיק פתאום עזרה — אלא לצמצם אותה בהדרגה כשההבנה משתפרת.",medium,Source may feed parent report — confirm render path
214,parent-report-hebrew-owner-review-05-rows-201-250.xlsx,PR-HE-00954,utils/learning-patterns-analysis.js,1526,report_builder,general,,,,"המנוע מזהה שבתקופה האחרונה היו פחות הצלחות, ורוצה שההורה ישים לב בלי להיבהל.","בונה דוח — כללי
לפני החלפה: לא לפרש ירידה קצרה ככישלון קבוע — עדיף זהירות ובדיקה חוזרת.","בונה דוח — כללי
אחרי החלפה (ללא שינוי מוצע): לא לפרש ירידה קצרה ככישלון קבוע — עדיף זהירות ובדיקה חוזרת.",medium,Source may feed parent report — confirm render path
215,parent-report-hebrew-owner-review-05-rows-201-250.xlsx,PR-HE-00955,utils/learning-patterns-analysis.js,1528,report_builder,general,,,,המנוע מנסה להסביר להורה את מצב התרגול או את ההמלצה בצורה פשוטה.,"בונה דוח — כללי
לפני החלפה: לא לקבוע שינוי דרמטי בלי עוד תרגול בתקופה שנבחרה.","בונה דוח — כללי
אחרי החלפה: לא להחליט על שינוי גדול בלי עוד תרגול בתקופה שנבחרה.",high,Source may feed parent report — confirm render path
216,parent-report-hebrew-owner-review-05-rows-201-250.xlsx,PR-HE-00956,utils/learning-patterns-analysis.js,1568,report_builder,subject_card,חשבון,,,המנוע אומר שעדיין אין מספיק תרגול כדי להסיק מסקנה ברורה.,"בונה דוח — כרטיס מקצוע | מקצוע לדוגמה: חשבון
אזור בדוח: subject_card
לפני החלפה: ברוב נתוני המקצוע עדיין יש מעט מידע או מוקדם לקבוע — לא קובעים עדיין הסבר חד־משמעי.","בונה דוח — כרטיס מקצוע | מקצוע לדוגמה: חשבון
אזור בדוח: subject_card
אחרי החלפה (ללא שינוי מוצע): ברוב נתוני המקצוע עדיין יש מעט מידע או מוקדם לקבוע — לא קובעים עדיין הסבר חד־משמעי.",medium,Source may feed parent report — confirm render path
217,parent-report-hebrew-owner-review-05-rows-201-250.xlsx,PR-HE-00957,utils/learning-patterns-analysis.js,1571,report_builder,general,,,,המנוע מנסה להפוך את הנתונים להמלצה קצרה וברורה להורה.,"בונה דוח — כללי
לפני החלפה: יש מידע מסוים, אבל גם נתונים שדורשים זהירות — כדאי לעקוב ולא למהר לקבוע כיוון חזק מדי.","בונה דוח — כללי
אחרי החלפה (ללא שינוי מוצע): יש מידע מסוים, אבל גם נתונים שדורשים זהירות — כדאי לעקוב ולא למהר לקבוע כיוון חזק מדי.",medium,
218,parent-report-hebrew-owner-review-05-rows-201-250.xlsx,PR-HE-00958,utils/learning-patterns-analysis.js,1573,report_builder,subject_card,חשבון,,,המנוע מנסה להסביר להורה את מצב התרגול או את ההמלצה בצורה פשוטה.,"בונה דוח — כרטיס מקצוע | מקצוע לדוגמה: חשבון
לפני החלפה: יש כמה נתונים שמראים כיוון דומה — אפשר לסמוך יותר על הסיכום בתוך המקצוע.","בונה דוח — כרטיס מקצוע | מקצוע לדוגמה: חשבון
אחרי החלפה (ללא שינוי מוצע): יש כמה נתונים שמראים כיוון דומה — אפשר לסמוך יותר על הסיכום בתוך המקצוע.",medium,
219,parent-report-hebrew-owner-review-05-rows-201-250.xlsx,PR-HE-00959,utils/learning-patterns-analysis.js,1575,report_builder,topic_card,,שברים,,המנוע מנסה להפוך את הנתונים להמלצה קצרה וברורה להורה.,"בונה דוח — כרטיס נושא | נושא לדוגמה: שברים
אזור בדוח: topic_card
לפני החלפה: התמונה במקצוע עדיין מעורבת — כדאי לעבור על הנושאים בנפרד.","בונה דוח — כרטיס נושא | נושא לדוגמה: שברים
אזור בדוח: topic_card
אחרי החלפה (ללא שינוי מוצע): התמונה במקצוע עדיין מעורבת — כדאי לעבור על הנושאים בנפרד.",medium,Source may feed parent report — confirm render path
220,parent-report-hebrew-owner-review-05-rows-201-250.xlsx,PR-HE-00960,utils/learning-patterns-analysis.js,1644,report_builder,general,,,,המנוע מנסה להסביר להורה את מצב התרגול או את ההמלצה בצורה פשוטה.,"בונה דוח — כללי
לפני החלפה: עדיף חיזוק חוזר לפני הרחבה.","בונה דוח — כללי
אחרי החלפה (ללא שינוי מוצע): עדיף חיזוק חוזר לפני הרחבה.",medium,Source may feed parent report — confirm render path
221,parent-report-hebrew-owner-review-05-rows-201-250.xlsx,PR-HE-00961,utils/learning-patterns-analysis.js,1646,report_builder,general,,,,המנוע מנסה להפוך את הנתונים להמלצה קצרה וברורה להורה.,"בונה דוח — כללי
לפני החלפה: כדאי לעקוב לפני שינוי מהותי.","בונה דוח — כללי
אחרי החלפה (ללא שינוי מוצע): כדאי לעקוב לפני שינוי מהותי.",medium,Source may feed parent report — confirm render path
222,parent-report-hebrew-owner-review-05-rows-201-250.xlsx,PR-HE-00962,utils/learning-patterns-analysis.js,1647,report_builder,general,,,,המנוע מנסה להפוך את הנתונים להמלצה קצרה וברורה להורה.,"בונה דוח — כללי
לפני החלפה: אפשר להמשיך בקצב קבוע ולשים לב לתוצאות.","בונה דוח — כללי
אחרי החלפה (ללא שינוי מוצע): אפשר להמשיך בקצב קבוע ולשים לב לתוצאות.",high,Source may feed parent report — confirm render path
223,parent-report-hebrew-owner-review-05-rows-201-250.xlsx,PR-HE-00963,utils/learning-patterns-analysis.js,1653,report_builder,general,,,,"המנוע מנסה לבדוק אם יש מספיק סימנים כדי להתקדם, אבל בלי למהר לפני שההצלחה יציבה.","בונה דוח — כללי
לפני החלפה: לעצור לרגע לפני קידום: לחזור על אותה רמה עם מפגשים קצרים עד שמתייצב דיוק.","בונה דוח — כללי
אחרי החלפה: כדאי לבדוק שוב לפני שמחליטים אם מתאים להתקדם.",medium,Source may feed parent report — confirm render path
224,parent-report-hebrew-owner-review-05-rows-201-250.xlsx,PR-HE-00964,utils/learning-patterns-analysis.js,1657,report_builder,topic_card,,שברים,,המנוע מנסה להסביר איפה הופיע קושי בתרגול ומה כדאי לבדוק שוב.,"בונה דוח — כרטיס נושא | נושא לדוגמה: שברים
אזור בדוח: topic_card
לפני החלפה: לוודא חזרה על טעויות דומות באותה רמה לפני פתיחת נושא חדש.","בונה דוח — כרטיס נושא | נושא לדוגמה: שברים
אזור בדוח: topic_card
אחרי החלפה (ללא שינוי מוצע): לוודא חזרה על טעויות דומות באותה רמה לפני פתיחת נושא חדש.",medium,Source may feed parent report — confirm render path
225,parent-report-hebrew-owner-review-05-rows-201-250.xlsx,PR-HE-00965,utils/learning-patterns-analysis.js,1682,report_builder,subject_card,חשבון,,,המנוע מנסה להסביר להורה את מצב התרגול או את ההמלצה בצורה פשוטה.,"בונה דוח — כרטיס מקצוע | מקצוע לדוגמה: חשבון
אזור בדוח: subject_card
לפני החלפה: המקצוע","בונה דוח — כרטיס מקצוע | מקצוע לדוגמה: חשבון
אזור בדוח: subject_card
אחרי החלפה (ללא שינוי מוצע): המקצוע",medium,Source may feed parent report — confirm render path
226,parent-report-hebrew-owner-review-05-rows-201-250.xlsx,PR-HE-00966,utils/learning-patterns-analysis.js,1684,report_builder,subject_card,חשבון,,,המנוע מנסה להסביר להורה את מצב התרגול או את ההמלצה בצורה פשוטה.,"בונה דוח — כרטיס מקצוע | מקצוע לדוגמה: חשבון
לפני החלפה: ב[נתון משתנה]: [נתון משתנה].","בונה דוח — כרטיס מקצוע | מקצוע לדוגמה: חשבון
אחרי החלפה: ב…: ….",medium,
227,parent-report-hebrew-owner-review-05-rows-201-250.xlsx,PR-HE-00967,utils/learning-patterns-analysis.js,1716,report_builder,subject_card,חשבון,,,המנוע מנסה להסביר להורה את מצב התרגול או את ההמלצה בצורה פשוטה.,"בונה דוח — כרטיס מקצוע | מקצוע לדוגמה: חשבון
לפני החלפה: ב[נתון משתנה]: [נתון משתנה]. [נתון משתנה] ·","בונה דוח — כרטיס מקצוע | מקצוע לדוגמה: חשבון
אחרי החלפה: ב…: …. … ·",medium,
228,parent-report-hebrew-owner-review-05-rows-201-250.xlsx,PR-HE-00968,utils/learning-patterns-analysis.js,1765,report_builder,subject_card,חשבון,,,המנוע מנסה להסביר להורה את מצב התרגול או את ההמלצה בצורה פשוטה.,"בונה דוח — כרטיס מקצוע | מקצוע לדוגמה: חשבון
לפני החלפה: ב[נתון משתנה]: [נתון משתנה] ·","בונה דוח — כרטיס מקצוע | מקצוע לדוגמה: חשבון
אחרי החלפה: ב…: … ·",medium,
229,parent-report-hebrew-owner-review-05-rows-201-250.xlsx,PR-HE-00969,utils/learning-patterns-analysis.js,1838,report_builder,subject_card,חשבון,,,המנוע מנסה להסביר להורה את מצב התרגול או את ההמלצה בצורה פשוטה.,"בונה דוח — כרטיס מקצוע | מקצוע לדוגמה: חשבון
לפני החלפה: ב[נתון משתנה]: [נתון משתנה] · [נתון משתנה] ·","בונה דוח — כרטיס מקצוע | מקצוע לדוגמה: חשבון
אחרי החלפה: ב…: … · … ·",medium,
230,parent-report-hebrew-owner-review-05-rows-201-250.xlsx,PR-HE-00970,utils/learning-patterns-analysis.js,1895,report_builder,subject_card,חשבון,,,המנוע מנסה להפוך את הנתונים להמלצה קצרה וברורה להורה.,"בונה דוח — כרטיס מקצוע | מקצוע לדוגמה: חשבון
אזור בדוח: subject_card
לפני החלפה: כדאי לפתוח קודם ייצוב בסיס קצר במקצוע הזה — ורק אז להרחיב.","בונה דוח — כרטיס מקצוע | מקצוע לדוגמה: חשבון
אזור בדוח: subject_card
אחרי החלפה (ללא שינוי מוצע): כדאי לפתוח קודם ייצוב בסיס קצר במקצוע הזה — ורק אז להרחיב.",medium,Source may feed parent report — confirm render path
231,parent-report-hebrew-owner-review-05-rows-201-250.xlsx,PR-HE-00971,utils/learning-patterns-analysis.js,1896,report_builder,general,,,,המנוע מנסה להסביר להורה את מצב התרגול או את ההמלצה בצורה פשוטה.,"בונה דוח — כללי
לפני החלפה: אפשר להישאר עם תרגול ממוקד או קל במקביל — בלי להרחיב לסיפור רחב מיותר.","בונה דוח — כללי
אחרי החלפה (ללא שינוי מוצע): אפשר להישאר עם תרגול ממוקד או קל במקביל — בלי להרחיב לסיפור רחב מיותר.",high,Source may feed parent report — confirm render path
232,parent-report-hebrew-owner-review-05-rows-201-250.xlsx,PR-HE-00972,utils/learning-patterns-analysis.js,1904,report_builder,subject_card,חשבון,,,המנוע מנסה להסביר להורה את מצב התרגול או את ההמלצה בצורה פשוטה.,"בונה דוח — כרטיס מקצוע | מקצוע לדוגמה: חשבון
לפני החלפה: ב[נתון משתנה]: [נתון משתנה] · [נתון משתנה] · [נתון משתנה]","בונה דוח — כרטיס מקצוע | מקצוע לדוגמה: חשבון
אחרי החלפה: ב…: … · … · …",medium,
233,parent-report-hebrew-owner-review-05-rows-201-250.xlsx,PR-HE-00973,utils/learning-patterns-analysis.js,2046,report_builder,general,,,,המנוע מנסה להסביר איפה הופיע קושי בתרגול ומה כדאי לבדוק שוב.,"בונה דוח — כללי
לפני החלפה: note: פחות מ־5 טעויות באותו דפוס — עדיין מוקדם לקבוע קושי שחוזר","בונה דוח — כללי
אחרי החלפה (ללא שינוי מוצע): note: פחות מ־5 טעויות באותו דפוס — עדיין מוקדם לקבוע קושי שחוזר",high,Source may feed parent report — confirm render path
234,parent-report-hebrew-owner-review-05-rows-201-250.xlsx,PR-HE-00975,utils/learning-patterns-analysis.js,2112,report_builder,topic_card,,שברים,,המנוע מנסה להסביר איפה הופיע קושי בתרגול ומה כדאי לבדוק שוב.,"בונה דוח — כרטיס נושא | נושא לדוגמה: שברים
לפני החלפה: חוזרת אותה טעות — [נתון משתנה]. זה לא חירום, אבל שווה לטפל. מומלץ לשבת יחד על דוגמה אחת ולעבור עליה בקול צעד אחר צעד.","בונה דוח — כרטיס נושא | נושא לדוגמה: שברים
אחרי החלפה: חוזרת אותה טעות — …. זה לא חירום, אבל שווה לטפל. מומלץ לשבת יחד על דוגמה אחת ולעבור עליה בקול צעד אחר צעד.",medium,
235,parent-report-hebrew-owner-review-05-rows-201-250.xlsx,PR-HE-00976,utils/learning-patterns-analysis.js,2113,report_builder,topic_card,,שברים,,המנוע מנסה לתת להורה פעולה פשוטה שאפשר לעשות בבית בלי לחץ.,"בונה דוח — כרטיס נושא | נושא לדוגמה: שברים
לפני החלפה: מתחילה חזרה על אותו סוג טעות — [נתון משתנה]. לשבוע הקרוב מספיק מבט רגוע ותרגול קצר וממוקד.","בונה דוח — כרטיס נושא | נושא לדוגמה: שברים
אחרי החלפה: מתחילה חזרה על אותו סוג טעות — …. לשבוע הקרוב מספיק מבט רגוע ותרגול קצר וממוקד.",medium,
236,parent-report-hebrew-owner-review-05-rows-201-250.xlsx,PR-HE-00979,utils/learning-patterns-analysis.js,2140,report_builder,general,,,,המנוע מנסה להסביר איפה הופיע קושי בתרגול ומה כדאי לבדוק שוב.,"בונה דוח — כללי
לפני החלפה: יש טעויות בודדות אך בלי דפוס שחוזר מספיק פעמים — עדיין לא ניתן לקבוע קושי שחוזר.","בונה דוח — כללי
אחרי החלפה (ללא שינוי מוצע): יש טעויות בודדות אך בלי דפוס שחוזר מספיק פעמים — עדיין לא ניתן לקבוע קושי שחוזר.",medium,Source may feed parent report — confirm render path
237,parent-report-hebrew-owner-review-05-rows-201-250.xlsx,PR-HE-00981,utils/learning-patterns-analysis.js,2289,report_builder,subject_card,חשבון,,,"המנוע משווה את התוצאות לאורך זמן, ולא מסתמך רק על תרגול אחד.","בונה דוח — כרטיס מקצוע | מקצוע לדוגמה: חשבון
אזור בדוח: subject_card
לפני החלפה: summaryHe: תמונת המקצוע בחשבון: הילד מצליח בחיבור לאורך זמן. יש גם מקום לחיזוק בהשוואת כמויות או מספרים.","בונה דוח — כרטיס מקצוע | מקצוע לדוגמה: חשבון
אזור בדוח: subject_card
אחרי החלפה (ללא שינוי מוצע): summaryHe: תמונת המקצוע בחשבון: הילד מצליח בחיבור לאורך זמן. יש גם מקום לחיזוק בהשוואת כמויות או מספרים.",medium,Source may feed parent report — confirm render path
238,parent-report-hebrew-owner-review-05-rows-201-250.xlsx,PR-HE-00986,utils/learning-patterns-analysis.js,2315,report_builder,topic_card,,שברים,,המנוע מנסה להסביר להורה את מצב התרגול או את ההמלצה בצורה פשוטה.,"בונה דוח — כרטיס נושא | נושא לדוגמה: שברים
אזור בדוח: topic_card
לפני החלפה: parentActionHe: שלוש פעמים בשבוע, 15–20 דק׳ בכל מפגש: לבחור משימה אחת בחשבון בנושא בהשוואת כמויות או מספרים — לקרוא יחד את הניסוח, לנסח בקול מה נתון ומה מבקשים, לבצע צעד ראשון על דף טיוטה ורק אז לכתוב תשובה סופית ולבדוק מול הפתרון.","בונה דוח — כרטיס נושא | נושא לדוגמה: שברים
אזור בדוח: topic_card
אחרי החלפה (ללא שינוי מוצע): parentActionHe: שלוש פעמים בשבוע, 15–20 דק׳ בכל מפגש: לבחור משימה אחת בחשבון בנושא בהשוואת כמויות או מספרים — לקרוא יחד את הניסוח, לנסח בקול מה נתון ומה מבקשים, לבצע צעד ראשון על דף טיוטה ורק אז לכתוב תשובה סופית ולבדוק מול הפתרון.",medium,Source may feed parent report — confirm render path
239,parent-report-hebrew-owner-review-05-rows-201-250.xlsx,PR-HE-00987,utils/learning-patterns-analysis.js,2317,report_builder,topic_card,,שברים,,המנוע מנסה לתת להורה פעולה פשוטה שאפשר לעשות בבית בלי לחץ.,"בונה דוח — כרטיס נושא | נושא לדוגמה: שברים
אזור בדוח: topic_card
לפני החלפה: nextWeekGoalHe: יעד לחיזוק: להעלות את אחוזי ההצלחה בהשוואת כמויות או מספרים (לפחות ניסיון אחד מוצלח יותר מהשבוע שעבר). יעד לשימור: להמשיך בשגרת תרגול נינוחה בנושא חיבור כדי לשמר את רמת הדיוק.","בונה דוח — כרטיס נושא | נושא לדוגמה: שברים
אזור בדוח: topic_card
אחרי החלפה (ללא שינוי מוצע): nextWeekGoalHe: יעד לחיזוק: להעלות את אחוזי ההצלחה בהשוואת כמויות או מספרים (לפחות ניסיון אחד מוצלח יותר מהשבוע שעבר). יעד לשימור: להמשיך בשגרת תרגול נינוחה בנושא חיבור כדי לשמר את רמת הדיוק.",medium,Source may feed parent report — confirm render path
240,parent-report-hebrew-owner-review-05-rows-201-250.xlsx,PR-HE-00988,utils/learning-patterns-analysis.js,2321,report_builder,general,,,,המנוע מנסה להסביר להורה את מצב התרגול או את ההמלצה בצורה פשוטה.,"בונה דוח — כללי
לפני החלפה: exerciseText: בכמה שקים המחיר של המחשב גבוה יותר","בונה דוח — כללי
אחרי החלפה (ללא שינוי מוצע): exerciseText: בכמה שקים המחיר של המחשב גבוה יותר",high,Source may feed parent report — confirm render path
241,parent-report-hebrew-owner-review-05-rows-201-250.xlsx,PR-HE-00990,utils/learning-patterns-analysis.js,2331,report_builder,topic_card,,שברים,,המנוע מנסה להסביר להורה את מצב התרגול או את ההמלצה בצורה פשוטה.,"בונה דוח — כרטיס נושא | נושא לדוגמה: שברים
אזור בדוח: topic_card
לפני החלפה: bodyHe: בנושא חיבור יש הצלחה טובה בתקופה שנבחרה: כ־93% נכון מתוך 42 שאלות.","בונה דוח — כרטיס נושא | נושא לדוגמה: שברים
אזור בדוח: topic_card
אחרי החלפה (ללא שינוי מוצע): bodyHe: בנושא חיבור יש הצלחה טובה בתקופה שנבחרה: כ־93% נכון מתוך 42 שאלות.",medium,Source may feed parent report — confirm render path
242,parent-report-hebrew-owner-review-05-rows-201-250.xlsx,PR-HE-00993,utils/learning-patterns-analysis.js,2352,report_builder,topic_card,,שברים,,המנוע מנסה להסביר איפה הופיע קושי בתרגול ומה כדאי לבדוק שוב.,"בונה דוח — כרטיס נושא | נושא לדוגמה: שברים
אזור בדוח: topic_card
לפני החלפה: textHe: כדאי לתרגל עוד קצת בנושא: בהשוואת כמויות או מספרים — נרשמו 7 טעויות דומות בתקופה שנבחרה. נשארים עם תרגול ממוקד ולא עם «לנסות לתקן הכול בבת אחת».","בונה דוח — כרטיס נושא | נושא לדוגמה: שברים
אזור בדוח: topic_card
אחרי החלפה (ללא שינוי מוצע): textHe: כדאי לתרגל עוד קצת בנושא: בהשוואת כמויות או מספרים — נרשמו 7 טעויות דומות בתקופה שנבחרה. נשארים עם תרגול ממוקד ולא עם «לנסות לתקן הכול בבת אחת».",medium,Source may feed parent report — confirm render path
243,parent-report-hebrew-owner-review-05-rows-201-250.xlsx,PR-HE-00994,utils/learning-patterns-analysis.js,2360,report_builder,topic_card,,שברים,,המנוע מנסה להסביר להורה את מצב התרגול או את ההמלצה בצורה פשוטה.,"בונה דוח — כרטיס נושא | נושא לדוגמה: שברים
אזור בדוח: topic_card
לפני החלפה: textHe: להמשיך לתרגל בנוחות בנושא חיבור — הרמה שם נשמרת (דיוק כ־93%).","בונה דוח — כרטיס נושא | נושא לדוגמה: שברים
אזור בדוח: topic_card
אחרי החלפה (ללא שינוי מוצע): textHe: להמשיך לתרגל בנוחות בנושא חיבור — הרמה שם נשמרת (דיוק כ־93%).",medium,Source may feed parent report — confirm render path
244,parent-report-hebrew-owner-review-05-rows-201-250.xlsx,PR-HE-00995,utils/learning-patterns-analysis.js,2368,report_builder,topic_card,,שברים,,המנוע מנסה לתת להורה פעולה פשוטה שאפשר לעשות בבית בלי לחץ.,"בונה דוח — כרטיס נושא | נושא לדוגמה: שברים
אזור בדוח: topic_card
לפני החלפה: textHe: מתחילה חזרה על אותו סוג טעות — בנושא בהשוואת כמויות או מספרים. לשבוע הקרוב מספיק מבט רגוע ותרגול קצר וממוקד.","בונה דוח — כרטיס נושא | נושא לדוגמה: שברים
אזור בדוח: topic_card
אחרי החלפה (ללא שינוי מוצע): textHe: מתחילה חזרה על אותו סוג טעות — בנושא בהשוואת כמויות או מספרים. לשבוע הקרוב מספיק מבט רגוע ותרגול קצר וממוקד.",medium,Source may feed parent report — confirm render path
245,parent-report-hebrew-owner-review-05-rows-201-250.xlsx,PR-HE-00996,utils/learning-patterns-analysis.js,2376,report_builder,topic_card,,שברים,,המנוע מנסה להסביר איפה הופיע קושי בתרגול ומה כדאי לבדוק שוב.,"בונה דוח — כרטיס נושא | נושא לדוגמה: שברים
אזור בדוח: topic_card
לפני החלפה: textHe: מומלץ לעודד על ההתמדה בנושא חיבור — רואים הצלחה חוזרת; שימור הרגל חיובי חשוב לא פחות מתיקון טעויות.","בונה דוח — כרטיס נושא | נושא לדוגמה: שברים
אזור בדוח: topic_card
אחרי החלפה (ללא שינוי מוצע): textHe: מומלץ לעודד על ההתמדה בנושא חיבור — רואים הצלחה חוזרת; שימור הרגל חיובי חשוב לא פחות מתיקון טעויות.",medium,Source may feed parent report — confirm render path
246,parent-report-hebrew-owner-review-05-rows-201-250.xlsx,PR-HE-00997,utils/learning-patterns-analysis.js,2381,report_builder,general,,,,המנוע מנסה להסביר להורה את מצב התרגול או את ההמלצה בצורה פשוטה.,"בונה דוח — כללי
לפני החלפה: exerciseText: בכמה שקים המחיר של המחשב גבוה יותר","בונה דוח — כללי
אחרי החלפה (ללא שינוי מוצע): exerciseText: בכמה שקים המחיר של המחשב גבוה יותר",high,Source may feed parent report — confirm render path
247,parent-report-hebrew-owner-review-05-rows-201-250.xlsx,PR-HE-00999,utils/learning-patterns-analysis.js,2390,report_builder,topic_card,,שברים,,המנוע מנסה להסביר להורה את מצב התרגול או את ההמלצה בצורה פשוטה.,"בונה דוח — כרטיס נושא | נושא לדוגמה: שברים
אזור בדוח: topic_card
לפני החלפה: bodyHe: בנושא חיבור יש הצלחה טובה בתקופה שנבחרה: כ־93% נכון מתוך 42 שאלות.","בונה דוח — כרטיס נושא | נושא לדוגמה: שברים
אזור בדוח: topic_card
אחרי החלפה (ללא שינוי מוצע): bodyHe: בנושא חיבור יש הצלחה טובה בתקופה שנבחרה: כ־93% נכון מתוך 42 שאלות.",medium,Source may feed parent report — confirm render path
248,parent-report-hebrew-owner-review-05-rows-201-250.xlsx,PR-HE-01000,utils/learning-patterns-analysis.js,2396,report_builder,general,,,,המנוע מנסה להסביר איפה הופיע קושי בתרגול ומה כדאי לבדוק שוב.,"בונה דוח — כללי
לפני החלפה: note: פחות מ־5 טעויות באותו דפוס — עדיין מוקדם לקבוע קושי שחוזר","בונה דוח — כללי
אחרי החלפה (ללא שינוי מוצע): note: פחות מ־5 טעויות באותו דפוס — עדיין מוקדם לקבוע קושי שחוזר",high,Source may feed parent report — confirm render path
249,parent-report-hebrew-owner-review-05-rows-201-250.xlsx,PR-HE-01002,utils/learning-patterns-analysis.js,2408,report_builder,topic_card,,שברים,,המנוע מנסה להסביר להורה את מצב התרגול או את ההמלצה בצורה פשוטה.,"בונה דוח — כרטיס נושא | נושא לדוגמה: שברים
אזור בדוח: topic_card
לפני החלפה: summaryHe: תמונת המקצוע בגאומטריה: יש גם מקום לחיזוק בנושא בלבול חוזר בין היקף לשטח.","בונה דוח — כרטיס נושא | נושא לדוגמה: שברים
אזור בדוח: topic_card
אחרי החלפה (ללא שינוי מוצע): summaryHe: תמונת המקצוע בגאומטריה: יש גם מקום לחיזוק בנושא בלבול חוזר בין היקף לשטח.",medium,Source may feed parent report — confirm render path
250,parent-report-hebrew-owner-review-05-rows-201-250.xlsx,PR-HE-01005,utils/learning-patterns-analysis.js,2421,report_builder,topic_card,,שברים,,המנוע מנסה להסביר להורה את מצב התרגול או את ההמלצה בצורה פשוטה.,"בונה דוח — כרטיס נושא | נושא לדוגמה: שברים
אזור בדוח: topic_card
לפני החלפה: parentActionHe: שלוש פעמים בשבוע, 15–20 דק׳ בכל מפגש: לבחור משימה אחת בגאומטריה בנושא בלבול חוזר בין היקף לשטח — לקרוא יחד את הניסוח, לנסח בקול מה נתון ומה מבקשים, לבצע צעד ראשון על דף טיוטה ורק אז לכתוב תשובה סופית ולבדוק מול הפתרון.","בונה דוח — כרטיס נושא | נושא לדוגמה: שברים
אזור בדוח: topic_card
אחרי החלפה (ללא שינוי מוצע): parentActionHe: שלוש פעמים בשבוע, 15–20 דק׳ בכל מפגש: לבחור משימה אחת בגאומטריה בנושא בלבול חוזר בין היקף לשטח — לקרוא יחד את הניסוח, לנסח בקול מה נתון ומה מבקשים, לבצע צעד ראשון על דף טיוטה ורק אז לכתוב תשובה סופית ולבדוק מול הפתרון.",medium,Source may feed parent report — confirm render path
251,parent-report-hebrew-owner-review-06-rows-251-300.xlsx,PR-HE-01006,utils/learning-patterns-analysis.js,2423,report_builder,general,,,,המנוע מנסה להסביר להורה את מצב התרגול או את ההמלצה בצורה פשוטה.,"בונה דוח — כללי
לפני החלפה: nextWeekGoalHe: יעד לחיזוק: להעלות את אחוזי ההצלחה בלבול חוזר בין היקף לשטח (לפחות ניסיון אחד מוצלח יותר מהשבוע שעבר).","בונה דוח — כללי
אחרי החלפה (ללא שינוי מוצע): nextWeekGoalHe: יעד לחיזוק: להעלות את אחוזי ההצלחה בלבול חוזר בין היקף לשטח (לפחות ניסיון אחד מוצלח יותר מהשבוע שעבר).",high,Source may feed parent report — confirm render path
252,parent-report-hebrew-owner-review-06-rows-251-300.xlsx,PR-HE-01007,utils/learning-patterns-analysis.js,2427,report_builder,general,,,,המנוע מנסה להסביר להורה את מצב התרגול או את ההמלצה בצורה פשוטה.,"בונה דוח — כללי
לפני החלפה: exerciseText: מה ההיקף של מלבן 5×3 ס״מ","בונה דוח — כללי
אחרי החלפה (ללא שינוי מוצע): exerciseText: מה ההיקף של מלבן 5×3 ס״מ",high,Source may feed parent report — confirm render path
253,parent-report-hebrew-owner-review-06-rows-251-300.xlsx,PR-HE-01008,utils/learning-patterns-analysis.js,2429,report_builder,general,,,,המנוע מנסה להסביר להורה את מצב התרגול או את ההמלצה בצורה פשוטה.,"בונה דוח — כללי
לפני החלפה: correctAnswer: 16 ס״מ","בונה דוח — כללי
אחרי החלפה (ללא שינוי מוצע): correctAnswer: 16 ס״מ",high,Source may feed parent report — confirm render path
254,parent-report-hebrew-owner-review-06-rows-251-300.xlsx,PR-HE-01009,utils/learning-patterns-analysis.js,2430,report_builder,general,,,,המנוע מנסה להסביר להורה את מצב התרגול או את ההמלצה בצורה פשוטה.,"בונה דוח — כללי
לפני החלפה: userAnswer: 15 ס״מ","בונה דוח — כללי
אחרי החלפה (ללא שינוי מוצע): userAnswer: 15 ס״מ",high,Source may feed parent report — confirm render path
255,parent-report-hebrew-owner-review-06-rows-251-300.xlsx,PR-HE-01012,utils/learning-patterns-analysis.js,2451,report_builder,topic_card,,שברים,,המנוע מנסה להסביר איפה הופיע קושי בתרגול ומה כדאי לבדוק שוב.,"בונה דוח — כרטיס נושא | נושא לדוגמה: שברים
אזור בדוח: topic_card
לפני החלפה: textHe: כדאי לתרגל עוד קצת בנושא: בלבול חוזר בין היקף לשטח — נרשמו 6 טעויות דומות בתקופה שנבחרה. נשארים עם תרגול ממוקד ולא עם «לנסות לתקן הכול בבת אחת».","בונה דוח — כרטיס נושא | נושא לדוגמה: שברים
אזור בדוח: topic_card
אחרי החלפה (ללא שינוי מוצע): textHe: כדאי לתרגל עוד קצת בנושא: בלבול חוזר בין היקף לשטח — נרשמו 6 טעויות דומות בתקופה שנבחרה. נשארים עם תרגול ממוקד ולא עם «לנסות לתקן הכול בבת אחת».",medium,Source may feed parent report — confirm render path
256,parent-report-hebrew-owner-review-06-rows-251-300.xlsx,PR-HE-01013,utils/learning-patterns-analysis.js,2460,report_builder,topic_card,,שברים,,המנוע מנסה לתת להורה פעולה פשוטה שאפשר לעשות בבית בלי לחץ.,"בונה דוח — כרטיס נושא | נושא לדוגמה: שברים
אזור בדוח: topic_card
לפני החלפה: textHe: מתחילה חזרה על אותו סוג טעות — בנושא בלבול חוזר בין היקף לשטח. לשבוע הקרוב מספיק מבט רגוע ותרגול קצר וממוקד.","בונה דוח — כרטיס נושא | נושא לדוגמה: שברים
אזור בדוח: topic_card
אחרי החלפה (ללא שינוי מוצע): textHe: מתחילה חזרה על אותו סוג טעות — בנושא בלבול חוזר בין היקף לשטח. לשבוע הקרוב מספיק מבט רגוע ותרגול קצר וממוקד.",medium,Source may feed parent report — confirm render path
257,parent-report-hebrew-owner-review-06-rows-251-300.xlsx,PR-HE-01014,utils/learning-patterns-analysis.js,2466,report_builder,general,,,,המנוע מנסה להסביר להורה את מצב התרגול או את ההמלצה בצורה פשוטה.,"בונה דוח — כללי
לפני החלפה: exerciseText: מה ההיקף של מלבן 5×3 ס״מ","בונה דוח — כללי
אחרי החלפה (ללא שינוי מוצע): exerciseText: מה ההיקף של מלבן 5×3 ס״מ",high,Source may feed parent report — confirm render path
258,parent-report-hebrew-owner-review-06-rows-251-300.xlsx,PR-HE-01015,utils/learning-patterns-analysis.js,2468,report_builder,general,,,,המנוע מנסה להסביר להורה את מצב התרגול או את ההמלצה בצורה פשוטה.,"בונה דוח — כללי
לפני החלפה: correctAnswer: 16 ס״מ","בונה דוח — כללי
אחרי החלפה (ללא שינוי מוצע): correctAnswer: 16 ס״מ",high,Source may feed parent report — confirm render path
259,parent-report-hebrew-owner-review-06-rows-251-300.xlsx,PR-HE-01016,utils/learning-patterns-analysis.js,2469,report_builder,general,,,,המנוע מנסה להסביר להורה את מצב התרגול או את ההמלצה בצורה פשוטה.,"בונה דוח — כללי
לפני החלפה: userAnswer: 15 ס״מ","בונה דוח — כללי
אחרי החלפה (ללא שינוי מוצע): userAnswer: 15 ס״מ",high,Source may feed parent report — confirm render path
260,parent-report-hebrew-owner-review-06-rows-251-300.xlsx,PR-HE-01020,utils/learning-patterns-analysis.js,2537,report_builder,subject_card,חשבון,,,המנוע מנסה להסביר להורה את מצב התרגול או את ההמלצה בצורה פשוטה.,"בונה דוח — כרטיס מקצוע | מקצוע לדוגמה: חשבון
אזור בדוח: subject_card
לפני החלפה: summaryHe: תמונת המקצוע בעברית: יש גם מקום לחיזוק במילות יחס ובמבנה משפט.","בונה דוח — כרטיס מקצוע | מקצוע לדוגמה: חשבון
אזור בדוח: subject_card
אחרי החלפה (ללא שינוי מוצע): summaryHe: תמונת המקצוע בעברית: יש גם מקום לחיזוק במילות יחס ובמבנה משפט.",medium,Source may feed parent report — confirm render path
261,parent-report-hebrew-owner-review-06-rows-251-300.xlsx,PR-HE-01023,utils/learning-patterns-analysis.js,2550,report_builder,topic_card,,שברים,,המנוע מנסה להסביר להורה את מצב התרגול או את ההמלצה בצורה פשוטה.,"בונה דוח — כרטיס נושא | נושא לדוגמה: שברים
אזור בדוח: topic_card
לפני החלפה: parentActionHe: שלוש פעמים בשבוע, 15–20 דק׳ בכל מפגש: לבחור משימה אחת בעברית בנושא במילות יחס ובמבנה משפט — לקרוא יחד את הניסוח, לנסח בקול מה נתון ומה מבקשים, לבצע צעד ראשון על דף טיוטה ורק אז לכתוב תשובה סופית ולבדוק מול הפתרון.","בונה דוח — כרטיס נושא | נושא לדוגמה: שברים
אזור בדוח: topic_card
אחרי החלפה (ללא שינוי מוצע): parentActionHe: שלוש פעמים בשבוע, 15–20 דק׳ בכל מפגש: לבחור משימה אחת בעברית בנושא במילות יחס ובמבנה משפט — לקרוא יחד את הניסוח, לנסח בקול מה נתון ומה מבקשים, לבצע צעד ראשון על דף טיוטה ורק אז לכתוב תשובה סופית ולבדוק מול הפתרון.",medium,Source may feed parent report — confirm render path
262,parent-report-hebrew-owner-review-06-rows-251-300.xlsx,PR-HE-01024,utils/learning-patterns-analysis.js,2552,report_builder,general,,,,המנוע מנסה להסביר להורה את מצב התרגול או את ההמלצה בצורה פשוטה.,"בונה דוח — כללי
לפני החלפה: nextWeekGoalHe: יעד לחיזוק: להעלות את אחוזי ההצלחה במילות יחס ובמבנה משפט (לפחות ניסיון אחד מוצלח יותר מהשבוע שעבר).","בונה דוח — כללי
אחרי החלפה (ללא שינוי מוצע): nextWeekGoalHe: יעד לחיזוק: להעלות את אחוזי ההצלחה במילות יחס ובמבנה משפט (לפחות ניסיון אחד מוצלח יותר מהשבוע שעבר).",high,Source may feed parent report — confirm render path
263,parent-report-hebrew-owner-review-06-rows-251-300.xlsx,PR-HE-01025,utils/learning-patterns-analysis.js,2556,report_builder,general,,,,המנוע מנסה להסביר להורה את מצב התרגול או את ההמלצה בצורה פשוטה.,"בונה דוח — כללי
לפני החלפה: exerciseText: השלימו: הילדים שיחקו ___ הזמן בגן.","בונה דוח — כללי
אחרי החלפה (ללא שינוי מוצע): exerciseText: השלימו: הילדים שיחקו ___ הזמן בגן.",high,Source may feed parent report — confirm render path
264,parent-report-hebrew-owner-review-06-rows-251-300.xlsx,PR-HE-01026,utils/learning-patterns-analysis.js,2558,report_builder,general,,,,המנוע מנסה להסביר להורה את מצב התרגול או את ההמלצה בצורה פשוטה.,"בונה דוח — כללי
לפני החלפה: correctAnswer: בְּ","בונה דוח — כללי
אחרי החלפה (ללא שינוי מוצע): correctAnswer: בְּ",high,Source may feed parent report — confirm render path
265,parent-report-hebrew-owner-review-06-rows-251-300.xlsx,PR-HE-01027,utils/learning-patterns-analysis.js,2559,report_builder,general,,,,המנוע מנסה להסביר להורה את מצב התרגול או את ההמלצה בצורה פשוטה.,"בונה דוח — כללי
לפני החלפה: userAnswer: לְ","בונה דוח — כללי
אחרי החלפה (ללא שינוי מוצע): userAnswer: לְ",high,Source may feed parent report — confirm render path
266,parent-report-hebrew-owner-review-06-rows-251-300.xlsx,PR-HE-01030,utils/learning-patterns-analysis.js,2580,report_builder,topic_card,,שברים,,המנוע מנסה להסביר איפה הופיע קושי בתרגול ומה כדאי לבדוק שוב.,"בונה דוח — כרטיס נושא | נושא לדוגמה: שברים
אזור בדוח: topic_card
לפני החלפה: textHe: כדאי לתרגל עוד קצת בנושא: במילות יחס ובמבנה משפט — נרשמו 6 טעויות דומות בתקופה שנבחרה. נשארים עם תרגול ממוקד ולא עם «לנסות לתקן הכול בבת אחת».","בונה דוח — כרטיס נושא | נושא לדוגמה: שברים
אזור בדוח: topic_card
אחרי החלפה (ללא שינוי מוצע): textHe: כדאי לתרגל עוד קצת בנושא: במילות יחס ובמבנה משפט — נרשמו 6 טעויות דומות בתקופה שנבחרה. נשארים עם תרגול ממוקד ולא עם «לנסות לתקן הכול בבת אחת».",medium,Source may feed parent report — confirm render path
267,parent-report-hebrew-owner-review-06-rows-251-300.xlsx,PR-HE-01031,utils/learning-patterns-analysis.js,2589,report_builder,topic_card,,שברים,,המנוע מנסה לתת להורה פעולה פשוטה שאפשר לעשות בבית בלי לחץ.,"בונה דוח — כרטיס נושא | נושא לדוגמה: שברים
אזור בדוח: topic_card
לפני החלפה: textHe: מתחילה חזרה על אותו סוג טעות — בנושא במילות יחס ובמבנה משפט. לשבוע הקרוב מספיק מבט רגוע ותרגול קצר וממוקד.","בונה דוח — כרטיס נושא | נושא לדוגמה: שברים
אזור בדוח: topic_card
אחרי החלפה (ללא שינוי מוצע): textHe: מתחילה חזרה על אותו סוג טעות — בנושא במילות יחס ובמבנה משפט. לשבוע הקרוב מספיק מבט רגוע ותרגול קצר וממוקד.",medium,Source may feed parent report — confirm render path
268,parent-report-hebrew-owner-review-06-rows-251-300.xlsx,PR-HE-01032,utils/learning-patterns-analysis.js,2595,report_builder,general,,,,המנוע מנסה להסביר להורה את מצב התרגול או את ההמלצה בצורה פשוטה.,"בונה דוח — כללי
לפני החלפה: exerciseText: השלימו: הילדים שיחקו ___ הזמן בגן.","בונה דוח — כללי
אחרי החלפה (ללא שינוי מוצע): exerciseText: השלימו: הילדים שיחקו ___ הזמן בגן.",high,Source may feed parent report — confirm render path
269,parent-report-hebrew-owner-review-06-rows-251-300.xlsx,PR-HE-01033,utils/learning-patterns-analysis.js,2597,report_builder,general,,,,המנוע מנסה להסביר להורה את מצב התרגול או את ההמלצה בצורה פשוטה.,"בונה דוח — כללי
לפני החלפה: correctAnswer: בְּ","בונה דוח — כללי
אחרי החלפה (ללא שינוי מוצע): correctAnswer: בְּ",high,Source may feed parent report — confirm render path
270,parent-report-hebrew-owner-review-06-rows-251-300.xlsx,PR-HE-01034,utils/learning-patterns-analysis.js,2598,report_builder,general,,,,המנוע מנסה להסביר להורה את מצב התרגול או את ההמלצה בצורה פשוטה.,"בונה דוח — כללי
לפני החלפה: userAnswer: לְ","בונה דוח — כללי
אחרי החלפה (ללא שינוי מוצע): userAnswer: לְ",high,Source may feed parent report — confirm render path
271,parent-report-hebrew-owner-review-06-rows-251-300.xlsx,PR-HE-01035,utils/learning-patterns-analysis.js,2605,report_builder,general,,,,המנוע מנסה להסביר איפה הופיע קושי בתרגול ומה כדאי לבדוק שוב.,"בונה דוח — כללי
לפני החלפה: note: פחות מ־5 טעויות באותו דפוס — עדיין מוקדם לקבוע קושי שחוזר","בונה דוח — כללי
אחרי החלפה (ללא שינוי מוצע): note: פחות מ־5 טעויות באותו דפוס — עדיין מוקדם לקבוע קושי שחוזר",high,Source may feed parent report — confirm render path
272,parent-report-hebrew-owner-review-06-rows-251-300.xlsx,PR-HE-01038,utils/parent-data-presence.js,91,report_builder,data_health,,,,המנוע אומר שעדיין אין מספיק תרגול כדי להסיק מסקנה ברורה.,"בונה דוח — מצב נתונים
לפני החלפה: recommendationsExplainerHe: יש נתוני תרגול בתקופה שנבחרה, אך עדיין אין מספיק בסיס ברור מהתרגולים — כדאי להמשיך בתרגול ולעקוב שוב לאחר מכן.","בונה דוח — מצב נתונים
אחרי החלפה: recommendationsExplainerHe: יש נתוני תרגול בתקופה שנבחרה, אך עדיין אין מספיק מידע מספיק ברור מהתרגולים — כדאי להמשיך בתרגול ולעקוב שוב לאחר מכן.",high,
273,parent-report-hebrew-owner-review-06-rows-251-300.xlsx,PR-HE-01040,utils/parent-data-presence.js,102,report_builder,data_health,,,,המנוע אומר שעדיין אין מספיק תרגול כדי להסיק מסקנה ברורה.,"בונה דוח — מצב נתונים
לפני החלפה: recommendationsExplainerHe: יש נתוני תרגול בתקופה שנבחרה, אבל עדיין אין מספיק בסיס ברור מהתרגולים על פני המקצועות — כדאי להמשיך בתרגול ולעקוב שוב לאחר מכן.","בונה דוח — מצב נתונים
אחרי החלפה: recommendationsExplainerHe: יש נתוני תרגול בתקופה שנבחרה, אבל עדיין אין מספיק מידע מספיק ברור מהתרגולים על פני המקצועות — כדאי להמשיך בתרגול ולעקוב שוב לאחר מכן.",high,
274,parent-report-hebrew-owner-review-06-rows-251-300.xlsx,PR-HE-01043,utils/parent-data-presence.js,119,report_builder,data_health,,,,המנוע אומר שעדיין אין מספיק תרגול כדי להסיק מסקנה ברורה.,"בונה דוח — מצב נתונים
לפני החלפה: recommendationsExplainerHe: יש נתוני תרגול בתקופה שנבחרה, אבל עדיין אין מספיק בסיס ברור מהתרגולים על פני המקצועות — כדאי להמשיך בתרגול ולעקוב שוב לאחר מכן.","בונה דוח — מצב נתונים
אחרי החלפה: recommendationsExplainerHe: יש נתוני תרגול בתקופה שנבחרה, אבל עדיין אין מספיק מידע מספיק ברור מהתרגולים על פני המקצועות — כדאי להמשיך בתרגול ולעקוב שוב לאחר מכן.",high,
275,parent-report-hebrew-owner-review-06-rows-251-300.xlsx,PR-HE-01050,utils/parent-data-presence.js,149,report_builder,subject_card,חשבון,,,המנוע אומר שעדיין אין מספיק תרגול כדי להסיק מסקנה ברורה.,"בונה דוח — כרטיס מקצוע | מקצוע לדוגמה: חשבון
לפני החלפה: שברים נראה כמו מקצוע שהילד מצליח בו יותר כרגע: דיוק גבוה ([נתון משתנה]%) לאורך [נתון משתנה] שאלות בתקופה.","בונה דוח — כרטיס מקצוע | מקצוע לדוגמה: חשבון
אחרי החלפה: … נראה כמו מקצוע שהילד מצליח בו יותר כרגע: דיוק גבוה (…%) לאורך … שאלות בתקופה.",medium,
276,parent-report-hebrew-owner-review-06-rows-251-300.xlsx,PR-HE-01053,utils/parent-data-presence.js,192,report_builder,data_health,,,,המנוע אומר שעדיין אין מספיק תרגול כדי להסיק מסקנה ברורה.,"בונה דוח — מצב נתונים
לפני החלפה: יש נתוני תרגול בתקופה שנבחרה, אך כרגע אין מספיק נקודות ברורות להצגה — המשך התרגול יעזור להבהיר את התמונה.","בונה דוח — מצב נתונים
אחרי החלפה (ללא שינוי מוצע): יש נתוני תרגול בתקופה שנבחרה, אך כרגע אין מספיק נקודות ברורות להצגה — המשך התרגול יעזור להבהיר את התמונה.",medium,
277,parent-report-hebrew-owner-review-06-rows-251-300.xlsx,PR-HE-01057,utils/parent-report-ai/parent-report-ai-explainer.js,18,report_general,general,,,zero_data,המנוע מנסה להסביר להורה את מצב התרגול או את ההמלצה בצורה פשוטה.,"ai explainer — כללי
לפני החלפה: math: חשבון","ai explainer — כללי
אחרי החלפה (ללא שינוי מוצע): math: חשבון",medium,
278,parent-report-hebrew-owner-review-06-rows-251-300.xlsx,PR-HE-01058,utils/parent-report-ai/parent-report-ai-explainer.js,19,report_general,general,,,thin_data,המנוע מנסה להסביר להורה את מצב התרגול או את ההמלצה בצורה פשוטה.,"ai explainer — כללי
לפני החלפה: hebrew: עברית","ai explainer — כללי
אחרי החלפה (ללא שינוי מוצע): hebrew: עברית",high,
279,parent-report-hebrew-owner-review-06-rows-251-300.xlsx,PR-HE-01059,utils/parent-report-ai/parent-report-ai-explainer.js,20,report_general,general,,,zero_data_science_q0,המנוע מנסה להסביר להורה את מצב התרגול או את ההמלצה בצורה פשוטה.,"ai explainer — כללי
לפני החלפה: science: מדעים","ai explainer — כללי
אחרי החלפה (ללא שינוי מוצע): science: מדעים",high,
280,parent-report-hebrew-owner-review-06-rows-251-300.xlsx,PR-HE-01060,utils/parent-report-ai/parent-report-ai-explainer.js,21,report_general,general,,,,המנוע מנסה להסביר להורה את מצב התרגול או את ההמלצה בצורה פשוטה.,"ai explainer — כללי
לפני החלפה: geometry: גיאומטריה","ai explainer — כללי
אחרי החלפה (ללא שינוי מוצע): geometry: גיאומטריה",high,
281,parent-report-hebrew-owner-review-06-rows-251-300.xlsx,PR-HE-01061,utils/parent-report-ai/parent-report-ai-explainer.js,22,report_general,general,,,zero_data_english_q0,המנוע מנסה להסביר להורה את מצב התרגול או את ההמלצה בצורה פשוטה.,"ai explainer — כללי
לפני החלפה: english: אנגלית","ai explainer — כללי
אחרי החלפה (ללא שינוי מוצע): english: אנגלית",high,
282,parent-report-hebrew-owner-review-06-rows-251-300.xlsx,PR-HE-01062,utils/parent-report-ai/parent-report-ai-explainer.js,23,report_general,general,,,,המנוע מנסה להסביר להורה את מצב התרגול או את ההמלצה בצורה פשוטה.,"ai explainer — כללי
לפני החלפה: english: גיאוגרפיה","ai explainer — כללי
אחרי החלפה (ללא שינוי מוצע): english: גיאוגרפיה",high,
283,parent-report-hebrew-owner-review-06-rows-251-300.xlsx,PR-HE-01078,utils/parent-report-language/confidence-parent-he.js,18,language_layer,topic_card,,שברים,,המנוע אומר שעדיין אין מספיק תרגול כדי להסיק מסקנה ברורה.,"שכבת ניסוח — כרטיס נושא | נושא לדוגמה: שברים
אזור בדוח: topic_card
לפני החלפה: בתקופה שנבחרה עדיין מעט חומר לנושא — עוד קצת תרגול ייצר תמונה ברורה יותר.","שכבת ניסוח — כרטיס נושא | נושא לדוגמה: שברים
אזור בדוח: topic_card
אחרי החלפה (ללא שינוי מוצע): בתקופה שנבחרה עדיין מעט חומר לנושא — עוד קצת תרגול ייצר תמונה ברורה יותר.",medium,Parent language/template layer (*He fields)
284,parent-report-hebrew-owner-review-06-rows-251-300.xlsx,PR-HE-01270,utils/parent-report-language/grade-aware-recommendation-templates.js,111,language_layer,general,,,,המנוע אומר שעדיין אין מספיק תרגול כדי להסיק מסקנה ברורה.,"שכבת ניסוח — כללי
לפני החלפה: actionTextHe: כדאי לתרגל השוואת שברים בעזרת ציור מדויק או סרגל שברים, ואז להסביר מה מייצג המונה ומה מייצג המכנה. בשברים בעלי אותו מכנה, בקשו מהילד להסביר מדוע משווים לפי מספר החלקים שנלקחו.","שכבת ניסוח — כללי
אחרי החלפה (ללא שינוי מוצע): actionTextHe: כדאי לתרגל השוואת שברים בעזרת ציור מדויק או סרגל שברים, ואז להסביר מה מייצג המונה ומה מייצג המכנה. בשברים בעלי אותו מכנה, בקשו מהילד להסביר מדוע משווים לפי מספר החלקים שנלקחו.",medium,
285,parent-report-hebrew-owner-review-06-rows-251-300.xlsx,PR-HE-01272,utils/parent-report-language/grade-aware-recommendation-templates.js,119,language_layer,data_health,,,,המנוע אומר שעדיין אין מספיק תרגול כדי להסיק מסקנה ברורה.,"שכבת ניסוח — מצב נתונים
לפני החלפה: actionTextHe: כדאי לתרגל השוואת שברים בעזרת שברים שקולים, מכנה משותף או אומדן ביחס ל־0, חצי ו־1. בקשו מהילד להסביר מדוע שבר אחד גדול מאחר, ולא להסתמך רק על גודל המונה או המכנה.","שכבת ניסוח — מצב נתונים
אחרי החלפה (ללא שינוי מוצע): actionTextHe: כדאי לתרגל השוואת שברים בעזרת שברים שקולים, מכנה משותף או אומדן ביחס ל־0, חצי ו־1. בקשו מהילד להסביר מדוע שבר אחד גדול מאחר, ולא להסתמך רק על גודל המונה או המכנה.",medium,
286,parent-report-hebrew-owner-review-06-rows-251-300.xlsx,PR-HE-01274,utils/parent-report-language/grade-aware-recommendation-templates.js,135,language_layer,data_health,,,,המנוע אומר שעדיין אין מספיק תרגול כדי להסיק מסקנה ברורה.,"שכבת ניסוח — מצב נתונים
לפני החלפה: actionTextHe: כדאי לתרגל חיבור וחיסור שברים בעלי אותו מכנה. בקשו מהילד להסביר שהמכנה מתאר את גודל החלקים, ולכן מחברים או מחסרים את המונים ובודקים שהתוצאה מתאימה לשלם.","שכבת ניסוח — מצב נתונים
אחרי החלפה (ללא שינוי מוצע): actionTextHe: כדאי לתרגל חיבור וחיסור שברים בעלי אותו מכנה. בקשו מהילד להסביר שהמכנה מתאר את גודל החלקים, ולכן מחברים או מחסרים את המונים ובודקים שהתוצאה מתאימה לשלם.",medium,
287,parent-report-hebrew-owner-review-06-rows-251-300.xlsx,PR-HE-01280,utils/parent-report-language/grade-aware-recommendation-templates.js,189,language_layer,data_health,,,,המנוע אומר שעדיין אין מספיק תרגול כדי להסיק מסקנה ברורה.,"שכבת ניסוח — מצב נתונים
לפני החלפה: actionTextHe: כדאי לתרגל כפל במספרים גדולים יותר בעזרת פירוק מספרים, אומדן ובדיקת סבירות. בקשו מהילד להסביר את שלבי החישוב ולבדוק אם התוצאה מתאימה לגודל המספרים.","שכבת ניסוח — מצב נתונים
אחרי החלפה (ללא שינוי מוצע): actionTextHe: כדאי לתרגל כפל במספרים גדולים יותר בעזרת פירוק מספרים, אומדן ובדיקת סבירות. בקשו מהילד להסביר את שלבי החישוב ולבדוק אם התוצאה מתאימה לגודל המספרים.",high,
288,parent-report-hebrew-owner-review-06-rows-251-300.xlsx,PR-HE-01294,utils/parent-report-language/grade-aware-recommendation-templates.js,305,language_layer,general,,,,המנוע אומר שעדיין אין מספיק תרגול כדי להסיק מסקנה ברורה.,"שכבת ניסוח — כללי
לפני החלפה: actionTextHe: כדאי לתרגל חילוק במספרים גדולים יותר או בתוך בעיות מילוליות, עם אומדן לפני הפתרון ובדיקת התשובה בעזרת כפל. בקשו מהילד להסביר מהי הכמות שמחלקים, לכמה חלקים מחלקים, ומה משמעות המנה.","שכבת ניסוח — כללי
אחרי החלפה (ללא שינוי מוצע): actionTextHe: כדאי לתרגל חילוק במספרים גדולים יותר או בתוך בעיות מילוליות, עם אומדן לפני הפתרון ובדיקת התשובה בעזרת כפל. בקשו מהילד להסביר מהי הכמות שמחלקים, לכמה חלקים מחלקים, ומה משמעות המנה.",high,
289,parent-report-hebrew-owner-review-06-rows-251-300.xlsx,PR-HE-01324,utils/parent-report-language/grade-aware-recommendation-templates.js,558,language_layer,data_health,,,,המנוע אומר שעדיין אין מספיק תרגול כדי להסיק מסקנה ברורה.,"שכבת ניסוח — מצב נתונים
לפני החלפה: actionTextHe: כדאי לתרגל השוואת מספרים רב־ספרתיים לפי ערך הספרות. בקשו מהילד להתחיל מהספרה בעלת הערך הגבוה ביותר ולהסביר באיזו עמודה נקבע ההבדל.","שכבת ניסוח — מצב נתונים
אחרי החלפה (ללא שינוי מוצע): actionTextHe: כדאי לתרגל השוואת מספרים רב־ספרתיים לפי ערך הספרות. בקשו מהילד להתחיל מהספרה בעלת הערך הגבוה ביותר ולהסביר באיזו עמודה נקבע ההבדל.",high,
290,parent-report-hebrew-owner-review-06-rows-251-300.xlsx,PR-HE-01325,utils/parent-report-language/grade-aware-recommendation-templates.js,560,language_layer,data_health,,,,המנוע אומר שעדיין אין מספיק תרגול כדי להסיק מסקנה ברורה.,"שכבת ניסוח — מצב נתונים
לפני החלפה: goalTextHe: בשבוע הקרוב התמקדו בהשוואת מספרים לפי ערך מקום, מהספרה הגדולה ביותר ועד העמודה שבה מופיע ההבדל.","שכבת ניסוח — מצב נתונים
אחרי החלפה (ללא שינוי מוצע): goalTextHe: בשבוע הקרוב התמקדו בהשוואת מספרים לפי ערך מקום, מהספרה הגדולה ביותר ועד העמודה שבה מופיע ההבדל.",high,
291,parent-report-hebrew-owner-review-06-rows-251-300.xlsx,PR-HE-01329,utils/parent-report-language/grade-aware-recommendation-templates.js,578,language_layer,general,,,,המנוע אומר שעדיין אין מספיק תרגול כדי להסיק מסקנה ברורה.,"שכבת ניסוח — כללי
לפני החלפה: goalTextHe: בשבוע הקרוב התמקדו בהבנת מבנה המספר: עשרות, אחדות ופירוק מספרים קטנים לחלקים.","שכבת ניסוח — כללי
אחרי החלפה (ללא שינוי מוצע): goalTextHe: בשבוע הקרוב התמקדו בהבנת מבנה המספר: עשרות, אחדות ופירוק מספרים קטנים לחלקים.",high,
292,parent-report-hebrew-owner-review-06-rows-251-300.xlsx,PR-HE-01332,utils/parent-report-language/grade-aware-recommendation-templates.js,592,language_layer,data_health,,,,המנוע אומר שעדיין אין מספיק תרגול כדי להסיק מסקנה ברורה.,"שכבת ניסוח — מצב נתונים
לפני החלפה: actionTextHe: כדאי לתרגל מעבר בין ייצוגים של אותו מספר, כמו כתיבה רגילה, פירוק לפי ערך מקום ואומדן גודל. בקשו מהילד להסביר איך כל ייצוג מתאר את אותו מספר.","שכבת ניסוח — מצב נתונים
אחרי החלפה (ללא שינוי מוצע): actionTextHe: כדאי לתרגל מעבר בין ייצוגים של אותו מספר, כמו כתיבה רגילה, פירוק לפי ערך מקום ואומדן גודל. בקשו מהילד להסביר איך כל ייצוג מתאר את אותו מספר.",high,
293,parent-report-hebrew-owner-review-06-rows-251-300.xlsx,PR-HE-01336,utils/parent-report-language/grade-aware-recommendation-templates.js,610,language_layer,data_health,,,,המנוע אומר שעדיין אין מספיק תרגול כדי להסיק מסקנה ברורה.,"שכבת ניסוח — מצב נתונים
לפני החלפה: actionTextHe: כדאי לתרגל אומדן לפני חישוב במספרים רב־ספרתיים. בקשו מהילד לעגל את המספרים בקירוב, לשער מה גודל התשובה, ואז לבדוק אם החישוב הסופי סביר.","שכבת ניסוח — מצב נתונים
אחרי החלפה (ללא שינוי מוצע): actionTextHe: כדאי לתרגל אומדן לפני חישוב במספרים רב־ספרתיים. בקשו מהילד לעגל את המספרים בקירוב, לשער מה גודל התשובה, ואז לבדוק אם החישוב הסופי סביר.",high,
294,parent-report-hebrew-owner-review-06-rows-251-300.xlsx,PR-HE-01338,utils/parent-report-language/grade-aware-recommendation-templates.js,618,language_layer,data_health,,,,המנוע אומר שעדיין אין מספיק תרגול כדי להסיק מסקנה ברורה.,"שכבת ניסוח — מצב נתונים
לפני החלפה: actionTextHe: כדאי לתרגל אומדן בתרגילים מורכבים יותר, כולל מספרים גדולים, שברים פשוטים, עשרוניים או אחוזים. לפני הפתרון בקשו מהילד לשער את גודל התשובה ולבדוק בסוף אם היא הגיונית.","שכבת ניסוח — מצב נתונים
אחרי החלפה (ללא שינוי מוצע): actionTextHe: כדאי לתרגל אומדן בתרגילים מורכבים יותר, כולל מספרים גדולים, שברים פשוטים, עשרוניים או אחוזים. לפני הפתרון בקשו מהילד לשער את גודל התשובה ולבדוק בסוף אם היא הגיונית.",medium,
295,parent-report-hebrew-owner-review-06-rows-251-300.xlsx,PR-HE-01342,utils/parent-report-language/grade-aware-recommendation-templates.js,668,language_layer,data_health,,,,המנוע אומר שעדיין אין מספיק תרגול כדי להסיק מסקנה ברורה.,"שכבת ניסוח — מצב נתונים
לפני החלפה: actionTextHe: כדאי לתרגל מדידה והערכת גודל של זוויות, כולל שימוש נכון במד־זווית כאשר הוא נדרש. בקשו מהילד להסביר מאיפה מתחילים למדוד, איזה קו הוא קו הבסיס, והאם התוצאה הגיונית לפי סוג הזווית.","שכבת ניסוח — מצב נתונים
אחרי החלפה (ללא שינוי מוצע): actionTextHe: כדאי לתרגל מדידה והערכת גודל של זוויות, כולל שימוש נכון במד־זווית כאשר הוא נדרש. בקשו מהילד להסביר מאיפה מתחילים למדוד, איזה קו הוא קו הבסיס, והאם התוצאה הגיונית לפי סוג הזווית.",high,
296,parent-report-hebrew-owner-review-06-rows-251-300.xlsx,PR-HE-01343,utils/parent-report-language/grade-aware-recommendation-templates.js,670,language_layer,data_health,,,,המנוע אומר שעדיין אין מספיק תרגול כדי להסיק מסקנה ברורה.,"שכבת ניסוח — מצב נתונים
לפני החלפה: goalTextHe: בשבוע הקרוב התמקדו במדידת זוויות, באומדן גודל הזווית ובבדיקת סבירות המדידה לפי סוג הזווית.","שכבת ניסוח — מצב נתונים
אחרי החלפה (ללא שינוי מוצע): goalTextHe: בשבוע הקרוב התמקדו במדידת זוויות, באומדן גודל הזווית ובבדיקת סבירות המדידה לפי סוג הזווית.",high,
297,parent-report-hebrew-owner-review-06-rows-251-300.xlsx,PR-HE-01344,utils/parent-report-language/grade-aware-recommendation-templates.js,684,language_layer,general,,,,המנוע אומר שעדיין אין מספיק תרגול כדי להסיק מסקנה ברורה.,"שכבת ניסוח — כללי
לפני החלפה: actionTextHe: כדאי לתרגל זיהוי חלקי המעגל בעזרת ציור ברור: מרכז, רדיוס וקוטר. בקשו מהילד לסמן כל חלק בציור ולהסביר מה הקשר שלו למעגל.","שכבת ניסוח — כללי
אחרי החלפה (ללא שינוי מוצע): actionTextHe: כדאי לתרגל זיהוי חלקי המעגל בעזרת ציור ברור: מרכז, רדיוס וקוטר. בקשו מהילד לסמן כל חלק בציור ולהסביר מה הקשר שלו למעגל.",high,
298,parent-report-hebrew-owner-review-06-rows-251-300.xlsx,PR-HE-01346,utils/parent-report-language/grade-aware-recommendation-templates.js,692,language_layer,data_health,,,,המנוע אומר שעדיין אין מספיק תרגול כדי להסיק מסקנה ברורה.,"שכבת ניסוח — מצב נתונים
לפני החלפה: actionTextHe: כדאי לתרגל קשרים בין רדיוס, קוטר ומדידות במעגל. בקשו מהילד לסמן את הנתונים בציור, להסביר איזה גודל חסר, ולבדוק שהתשובה מתאימה לקשר בין רדיוס לקוטר.","שכבת ניסוח — מצב נתונים
אחרי החלפה (ללא שינוי מוצע): actionTextHe: כדאי לתרגל קשרים בין רדיוס, קוטר ומדידות במעגל. בקשו מהילד לסמן את הנתונים בציור, להסביר איזה גודל חסר, ולבדוק שהתשובה מתאימה לקשר בין רדיוס לקוטר.",high,
299,parent-report-hebrew-owner-review-06-rows-251-300.xlsx,PR-HE-01357,utils/parent-report-language/grade-aware-recommendation-templates.js,762,language_layer,data_health,,,,המנוע אומר שעדיין אין מספיק תרגול כדי להסיק מסקנה ברורה.,"שכבת ניסוח — מצב נתונים
לפני החלפה: goalTextHe: בשבוע הקרוב התמקדו בסיבוב צורות סביב נקודה ובתיאור כיוון וגודל הסיבוב.","שכבת ניסוח — מצב נתונים
אחרי החלפה (ללא שינוי מוצע): goalTextHe: בשבוע הקרוב התמקדו בסיבוב צורות סביב נקודה ובתיאור כיוון וגודל הסיבוב.",high,
300,parent-report-hebrew-owner-review-06-rows-251-300.xlsx,PR-HE-01410,utils/parent-report-language/grade-aware-recommendation-templates.js,1168,language_layer,general,,,,המנוע אומר שעדיין אין מספיק תרגול כדי להסיק מסקנה ברורה.,"שכבת ניסוח — כללי
לפני החלפה: actionTextHe: כדאי לתרגל שטח בעזרת כיסוי משבצות או פירוק הצורה לחלקים פשוטים. בקשו מהילד להסביר מה בדיוק סופרים או מודדים, ולבדוק שלא בלבל בין שטח להיקף.","שכבת ניסוח — כללי
אחרי החלפה (ללא שינוי מוצע): actionTextHe: כדאי לתרגל שטח בעזרת כיסוי משבצות או פירוק הצורה לחלקים פשוטים. בקשו מהילד להסביר מה בדיוק סופרים או מודדים, ולבדוק שלא בלבל בין שטח להיקף.",high,
301,parent-report-hebrew-owner-review-07-rows-301-350.xlsx,PR-HE-01412,utils/parent-report-language/grade-aware-recommendation-templates.js,1176,language_layer,general,,,,המנוע אומר שעדיין אין מספיק תרגול כדי להסיק מסקנה ברורה.,"שכבת ניסוח — כללי
לפני החלפה: actionTextHe: כדאי לתרגל חישובי שטח בצורות מורכבות בעזרת פירוק והרכבה. בקשו מהילד להסביר אילו חלקים חישב, באיזו נוסחה השתמש לכל חלק, ואיך חיבר את התוצאות.","שכבת ניסוח — כללי
אחרי החלפה (ללא שינוי מוצע): actionTextHe: כדאי לתרגל חישובי שטח בצורות מורכבות בעזרת פירוק והרכבה. בקשו מהילד להסביר אילו חלקים חישב, באיזו נוסחה השתמש לכל חלק, ואיך חיבר את התוצאות.",high,
302,parent-report-hebrew-owner-review-07-rows-301-350.xlsx,PR-HE-01418,utils/parent-report-language/grade-aware-recommendation-templates.js,1245,language_layer,general,,,,המנוע אומר שעדיין אין מספיק תרגול כדי להסיק מסקנה ברורה.,"שכבת ניסוח — כללי
לפני החלפה: actionTextHe: כדאי לתרגל שטח משולש בעזרת בסיס וגובה, ולהבין מדוע מחלקים את מכפלת הבסיס והגובה ב־2. בקשו מהילד לסמן בסיס וגובה מתאימים ולבדוק שהגובה מאונך לבסיס.","שכבת ניסוח — כללי
אחרי החלפה (ללא שינוי מוצע): actionTextHe: כדאי לתרגל שטח משולש בעזרת בסיס וגובה, ולהבין מדוע מחלקים את מכפלת הבסיס והגובה ב־2. בקשו מהילד לסמן בסיס וגובה מתאימים ולבדוק שהגובה מאונך לבסיס.",high,
303,parent-report-hebrew-owner-review-07-rows-301-350.xlsx,PR-HE-01441,utils/parent-report-language/grade-aware-recommendation-templates.js,1452,language_layer,general,,,,המנוע אומר שעדיין אין מספיק תרגול כדי להסיק מסקנה ברורה.,"שכבת ניסוח — כללי
לפני החלפה: goalTextHe: בשבוע הקרוב התמקדו בדיוק דקדוקי במשפטים בעברית, כולל התאמה, צורת פועל וקשר תקין בין חלקי המשפט.","שכבת ניסוח — כללי
אחרי החלפה (ללא שינוי מוצע): goalTextHe: בשבוע הקרוב התמקדו בדיוק דקדוקי במשפטים בעברית, כולל התאמה, צורת פועל וקשר תקין בין חלקי המשפט.",high,
304,parent-report-hebrew-owner-review-07-rows-301-350.xlsx,PR-HE-01446,utils/parent-report-language/grade-aware-recommendation-templates.js,1530,language_layer,general,,,,המנוע אומר שעדיין אין מספיק תרגול כדי להסיק מסקנה ברורה.,"שכבת ניסוח — כללי
לפני החלפה: actionTextHe: כדאי לתרגל ניתוח של משפטים בעברית לפי חלקי המשפט והקשר ביניהם. בקשו מהילד לזהות מי מבצע את הפעולה, מה נאמר עליו, ואיזו מילה מחברת בין הרעיונות במשפט.","שכבת ניסוח — כללי
אחרי החלפה (ללא שינוי מוצע): actionTextHe: כדאי לתרגל ניתוח של משפטים בעברית לפי חלקי המשפט והקשר ביניהם. בקשו מהילד לזהות מי מבצע את הפעולה, מה נאמר עליו, ואיזו מילה מחברת בין הרעיונות במשפט.",high,
305,parent-report-hebrew-owner-review-07-rows-301-350.xlsx,PR-HE-01447,utils/parent-report-language/grade-aware-recommendation-templates.js,1531,language_layer,general,,,,המנוע אומר שעדיין אין מספיק תרגול כדי להסיק מסקנה ברורה.,"שכבת ניסוח — כללי
לפני החלפה: goalTextHe: בשבוע הקרוב התמקדו בהבנת מבנה המשפט בעברית ובקשר בין חלקי המשפט.","שכבת ניסוח — כללי
אחרי החלפה (ללא שינוי מוצע): goalTextHe: בשבוע הקרוב התמקדו בהבנת מבנה המשפט בעברית ובקשר בין חלקי המשפט.",high,
306,parent-report-hebrew-owner-review-07-rows-301-350.xlsx,PR-HE-01466,utils/parent-report-language/grade-aware-recommendation-templates.js,1764,language_layer,general,,,,המנוע אומר שעדיין אין מספיק תרגול כדי להסיק מסקנה ברורה.,"שכבת ניסוח — כללי
לפני החלפה: actionTextHe: כדאי לתרגל קריאה של קטעים באנגלית תוך מעקב מדויק אחרי שורות, פסקאות או טורים. בקשו מהילד לעצור לפני תשובה, להראות מאיזו שורה או פסקה לקח את המידע, ולוודא שלא ערבב בין חלקים שונים בטקסט.","שכבת ניסוח — כללי
אחרי החלפה (ללא שינוי מוצע): actionTextHe: כדאי לתרגל קריאה של קטעים באנגלית תוך מעקב מדויק אחרי שורות, פסקאות או טורים. בקשו מהילד לעצור לפני תשובה, להראות מאיזו שורה או פסקה לקח את המידע, ולוודא שלא ערבב בין חלקים שונים בטקסט.",high,
307,parent-report-hebrew-owner-review-07-rows-301-350.xlsx,PR-HE-01492,utils/parent-report-language/grade-aware-recommendation-templates.js,2034,language_layer,general,,,,המנוע אומר שעדיין אין מספיק תרגול כדי להסיק מסקנה ברורה.,"שכבת ניסוח — כללי
לפני החלפה: actionTextHe: כדאי לתרגל מיון צמחים לפי חלקי הצמח ותפקידיהם, כמו שורש, גבעול, עלים, פרח או פרי. בקשו מהילד להסביר איזה חלק הוא מזהה ומה התפקיד שלו בצמח.","שכבת ניסוח — כללי
אחרי החלפה (ללא שינוי מוצע): actionTextHe: כדאי לתרגל מיון צמחים לפי חלקי הצמח ותפקידיהם, כמו שורש, גבעול, עלים, פרח או פרי. בקשו מהילד להסביר איזה חלק הוא מזהה ומה התפקיד שלו בצמח.",high,
308,parent-report-hebrew-owner-review-07-rows-301-350.xlsx,PR-HE-01493,utils/parent-report-language/grade-aware-recommendation-templates.js,2036,language_layer,general,,,,המנוע אומר שעדיין אין מספיק תרגול כדי להסיק מסקנה ברורה.,"שכבת ניסוח — כללי
לפני החלפה: goalTextHe: בשבוע הקרוב התמקדו בזיהוי חלקי הצמח, תפקידיהם ומיון צמחים לפי מאפיינים ברורים.","שכבת ניסוח — כללי
אחרי החלפה (ללא שינוי מוצע): goalTextHe: בשבוע הקרוב התמקדו בזיהוי חלקי הצמח, תפקידיהם ומיון צמחים לפי מאפיינים ברורים.",high,
309,parent-report-hebrew-owner-review-07-rows-301-350.xlsx,PR-HE-01508,utils/parent-report-language/grade-aware-recommendation-templates.js,2175,language_layer,general,,,,המנוע אומר שעדיין אין מספיק תרגול כדי להסיק מסקנה ברורה.,"שכבת ניסוח — כללי
לפני החלפה: actionTextHe: כדאי לתרגל קריאת תרשים פשוט של גוף או מערכת בעזרת סימון חלקים וכיוונים. בקשו מהילד להצביע על כל חלק, לומר מה התפקיד שלו, ולהסביר לאן משהו עובר או זורם בתרשים.","שכבת ניסוח — כללי
אחרי החלפה (ללא שינוי מוצע): actionTextHe: כדאי לתרגל קריאת תרשים פשוט של גוף או מערכת בעזרת סימון חלקים וכיוונים. בקשו מהילד להצביע על כל חלק, לומר מה התפקיד שלו, ולהסביר לאן משהו עובר או זורם בתרשים.",high,
310,parent-report-hebrew-owner-review-07-rows-301-350.xlsx,PR-HE-01509,utils/parent-report-language/grade-aware-recommendation-templates.js,2177,language_layer,general,,,,המנוע אומר שעדיין אין מספיק תרגול כדי להסיק מסקנה ברורה.,"שכבת ניסוח — כללי
לפני החלפה: goalTextHe: בשבוע הקרוב התמקדו בקריאת תרשימי גוף פשוטים: זיהוי חלקים, תפקידים וכיוון מעבר או זרימה.","שכבת ניסוח — כללי
אחרי החלפה (ללא שינוי מוצע): goalTextHe: בשבוע הקרוב התמקדו בקריאת תרשימי גוף פשוטים: זיהוי חלקים, תפקידים וכיוון מעבר או זרימה.",high,
311,parent-report-hebrew-owner-review-07-rows-301-350.xlsx,PR-HE-01510,utils/parent-report-language/grade-aware-recommendation-templates.js,2183,language_layer,general,,,,המנוע אומר שעדיין אין מספיק תרגול כדי להסיק מסקנה ברורה.,"שכבת ניסוח — כללי
לפני החלפה: actionTextHe: כדאי לתרגל תרשימי מערכות בגוף דרך הקשר בין מבנה לתפקיד. בקשו מהילד להסביר מה כל חלק עושה, איך החלקים קשורים זה לזה, ואיך התרשים עוזר להבין את פעולת המערכת.","שכבת ניסוח — כללי
אחרי החלפה (ללא שינוי מוצע): actionTextHe: כדאי לתרגל תרשימי מערכות בגוף דרך הקשר בין מבנה לתפקיד. בקשו מהילד להסביר מה כל חלק עושה, איך החלקים קשורים זה לזה, ואיך התרשים עוזר להבין את פעולת המערכת.",high,
312,parent-report-hebrew-owner-review-07-rows-301-350.xlsx,PR-HE-01511,utils/parent-report-language/grade-aware-recommendation-templates.js,2185,language_layer,general,,,,המנוע אומר שעדיין אין מספיק תרגול כדי להסיק מסקנה ברורה.,"שכבת ניסוח — כללי
לפני החלפה: goalTextHe: בשבוע הקרוב התמקדו בהבנת מערכות בגוף דרך תרשים: מבנה, תפקיד וקשר בין חלקים.","שכבת ניסוח — כללי
אחרי החלפה (ללא שינוי מוצע): goalTextHe: בשבוע הקרוב התמקדו בהבנת מערכות בגוף דרך תרשים: מבנה, תפקיד וקשר בין חלקים.",high,
313,parent-report-hebrew-owner-review-07-rows-301-350.xlsx,PR-HE-01514,utils/parent-report-language/grade-aware-recommendation-templates.js,2228,language_layer,general,,,,המנוע אומר שעדיין אין מספיק תרגול כדי להסיק מסקנה ברורה.,"שכבת ניסוח — כללי
לפני החלפה: actionTextHe: כדאי לתרגל שינויי מצב בחומר בעזרת תרשים חלקיקים או טבלת לפני־אחרי. בקשו מהילד להסביר מה השתנה במצב החומר, מה נשמר, ואיך יודעים שהחומר לא נעלם אלא עבר שינוי.","שכבת ניסוח — כללי
אחרי החלפה (ללא שינוי מוצע): actionTextHe: כדאי לתרגל שינויי מצב בחומר בעזרת תרשים חלקיקים או טבלת לפני־אחרי. בקשו מהילד להסביר מה השתנה במצב החומר, מה נשמר, ואיך יודעים שהחומר לא נעלם אלא עבר שינוי.",high,
314,parent-report-hebrew-owner-review-07-rows-301-350.xlsx,PR-HE-01518,utils/parent-report-language/grade-aware-recommendation-templates.js,2273,language_layer,general,,,,המנוע אומר שעדיין אין מספיק תרגול כדי להסיק מסקנה ברורה.,"שכבת ניסוח — כללי
לפני החלפה: actionTextHe: כדאי לתרגל רשת מזון או מערכת אקולוגית בעזרת תרשים. בקשו מהילד לזהות יצרנים, צרכנים וקשרים בין יצורים, ולהסביר איך שינוי באחד החלקים יכול להשפיע על חלקים אחרים במערכת.","שכבת ניסוח — כללי
אחרי החלפה (ללא שינוי מוצע): actionTextHe: כדאי לתרגל רשת מזון או מערכת אקולוגית בעזרת תרשים. בקשו מהילד לזהות יצרנים, צרכנים וקשרים בין יצורים, ולהסביר איך שינוי באחד החלקים יכול להשפיע על חלקים אחרים במערכת.",high,
315,parent-report-hebrew-owner-review-07-rows-301-350.xlsx,PR-HE-01668,utils/parent-report-language/parent-facing-normalize-he.js,150,language_layer,data_health,,,,המנוע אומר שעדיין אין מספיק תרגול כדי להסיק מסקנה ברורה.,"שכבת ניסוח — מצב נתונים
לפני החלפה: כרגע אין מספיק נקודות ברורות להצגה","שכבת ניסוח — מצב נתונים
אחרי החלפה (ללא שינוי מוצע): כרגע אין מספיק נקודות ברורות להצגה",medium,
316,parent-report-hebrew-owner-review-07-rows-301-350.xlsx,PR-HE-01743,utils/parent-report-language/short-report-source-label-he.js,7,language_layer,general,,,,המנוע מנסה להסביר להורה את מצב התרגול או את ההמלצה בצורה פשוטה.,"שכבת ניסוח — כללי
לפני החלפה: האבחון מבוסס על ניתוח מעודכן של פעילות התרגול בתקופה.","שכבת ניסוח — כללי
אחרי החלפה (ללא שינוי מוצע): האבחון מבוסס על ניתוח מעודכן של פעילות התרגול בתקופה.",medium,Parent language/template layer (*He fields)
317,parent-report-hebrew-owner-review-07-rows-301-350.xlsx,PR-HE-01750,utils/parent-report-language/short-report-v2-copy.js,28,language_layer,data_health,,,,המנוע אומר שעדיין אין מספיק תרגול כדי להסיק מסקנה ברורה.,"שכבת ניסוח — מצב נתונים
לפני החלפה: עדיין אין מספיק פרטים כאן כדי להאריך — עדיף להמשיך בתרגול קצר ואז לחזור לניסוח.","שכבת ניסוח — מצב נתונים
אחרי החלפה (ללא שינוי מוצע): עדיין אין מספיק פרטים כאן כדי להאריך — עדיף להמשיך בתרגול קצר ואז לחזור לניסוח.",medium,
318,parent-report-hebrew-owner-review-07-rows-301-350.xlsx,PR-HE-01751,utils/parent-report-language/short-report-v2-copy.js,32,language_layer,topic_card,,שברים,,המנוע אומר שעדיין אין מספיק תרגול כדי להסיק מסקנה ברורה.,"שכבת ניסוח — כרטיס נושא | נושא לדוגמה: שברים
אזור בדוח: topic_card
לפני החלפה: בחלק מהנושאים עדיין מעט תרגול — עוד כמה שאלות יעשו את התמונה ברורה יותר.","שכבת ניסוח — כרטיס נושא | נושא לדוגמה: שברים
אזור בדוח: topic_card
אחרי החלפה (ללא שינוי מוצע): בחלק מהנושאים עדיין מעט תרגול — עוד כמה שאלות יעשו את התמונה ברורה יותר.",medium,Parent language/template layer (*He fields)
319,parent-report-hebrew-owner-review-07-rows-301-350.xlsx,PR-HE-01753,utils/parent-report-language/short-report-v2-copy.js,41,language_layer,general,,,,המנוע אומר שעדיין אין מספיק תרגול כדי להסיק מסקנה ברורה.,"שכבת ניסוח — כללי
לפני החלפה: הנתונים עדיין חלקיים, ולכן כדאי לאסוף עוד מידע לפני שקובעים כיוון סופי.","שכבת ניסוח — כללי
אחרי החלפה (ללא שינוי מוצע): הנתונים עדיין חלקיים, ולכן כדאי לאסוף עוד מידע לפני שקובעים כיוון סופי.",medium,
320,parent-report-hebrew-owner-review-07-rows-301-350.xlsx,PR-HE-01755,utils/parent-report-language/subject-evidence-policy.js,44,language_layer,subject_card,חשבון,,,המנוע אומר שעדיין אין מספיק תרגול כדי להסיק מסקנה ברורה.,"שכבת ניסוח — כרטיס מקצוע | מקצוע לדוגמה: חשבון
לפני החלפה: חשבון: [נתון משתנה] שאלות בתקופה שנבחרה — עדיין מעט מידע; כדאי להמשיך לתרגל ולבדוק שוב","שכבת ניסוח — כרטיס מקצוע | מקצוע לדוגמה: חשבון
אחרי החלפה: …: … שאלות בתקופה שנבחרה — עדיין אין מספיק מידע; כדאי להמשיך לתרגל ולבדוק שוב",medium,
321,parent-report-hebrew-owner-review-07-rows-301-350.xlsx,PR-HE-01757,utils/parent-report-language/subject-evidence-policy.js,107,language_layer,subject_card,חשבון,,,המנוע מנסה להסביר להורה את מצב התרגול או את ההמלצה בצורה פשוטה.,"שכבת ניסוח — כרטיס מקצוע | מקצוע לדוגמה: חשבון
לפני החלפה: המקצוע שתורגל בתקופה: [נתון משתנה].","שכבת ניסוח — כרטיס מקצוע | מקצוע לדוגמה: חשבון
אחרי החלפה: המקצוע שתורגל בתקופה: ….",medium,
322,parent-report-hebrew-owner-review-07-rows-301-350.xlsx,PR-HE-01758,utils/parent-report-language/subject-evidence-policy.js,108,language_layer,subject_card,חשבון,,,המנוע מנסה להסביר להורה את מצב התרגול או את ההמלצה בצורה פשוטה.,"שכבת ניסוח — כרטיס מקצוע | מקצוע לדוגמה: חשבון
לפני החלפה: המקצועות שתורגלו בתקופה: [נתון משתנה].","שכבת ניסוח — כרטיס מקצוע | מקצוע לדוגמה: חשבון
אחרי החלפה: המקצועות שתורגלו בתקופה: ….",medium,
323,parent-report-hebrew-owner-review-07-rows-301-350.xlsx,PR-HE-01759,utils/parent-report-language/subject-evidence-policy.js,120,language_layer,data_health,,,,המנוע אומר שעדיין אין מספיק תרגול כדי להסיק מסקנה ברורה.,"שכבת ניסוח — מצב נתונים
לפני החלפה: מקצועות שלא תורגלו בתקופה: [נתון משתנה].","שכבת ניסוח — מצב נתונים
אחרי החלפה: מקצועות שלא תורגלו בתקופה: ….",high,
324,parent-report-hebrew-owner-review-07-rows-301-350.xlsx,PR-HE-01772,utils/parent-report-language/subject-withhold-summary-he.js,35,language_layer,topic_card,,שברים,,המנוע אומר שעדיין אין מספיק תרגול כדי להסיק מסקנה ברורה.,"שכבת ניסוח — כרטיס נושא | נושא לדוגמה: שברים
אזור בדוח: topic_card
לפני החלפה: unstable: רואים תשובות פחות עקביות בין חלקי הנושא — כדאי לייצב בסיס קצר לפני מסקנה חדה.","שכבת ניסוח — כרטיס נושא | נושא לדוגמה: שברים
אזור בדוח: topic_card
אחרי החלפה: unstable: רואים תשובות פחות עקביות בין חלקי הנושא — כדאי לייצב בסיס קצר לפני קביעה ברורה.",medium,Parent language/template layer (*He fields)
325,parent-report-hebrew-owner-review-07-rows-301-350.xlsx,PR-HE-01782,utils/parent-report-language/subject-withhold-summary-he.js,156,language_layer,data_health,,,,המנוע אומר שעדיין אין מספיק תרגול כדי להסיק מסקנה ברורה.,"שכבת ניסוח — מצב נתונים
לפני החלפה: אין מספיק מה שרואים בשורות בשלב זה.","שכבת ניסוח — מצב נתונים
אחרי החלפה (ללא שינוי מוצע): אין מספיק מה שרואים בשורות בשלב זה.",medium,
326,parent-report-hebrew-owner-review-07-rows-301-350.xlsx,PR-HE-01803,utils/parent-report-language/v2-parent-copy.js,65,language_layer,data_health,,,,המנוע אומר שעדיין אין מספיק תרגול כדי להסיק מסקנה ברורה.,"שכבת ניסוח — מצב נתונים
לפני החלפה: מבט כולל: עדיין אין מספיק נושאים בתקופה שנבחרה כדי לבנות תמונה ביתית ברורה.","שכבת ניסוח — מצב נתונים
אחרי החלפה (ללא שינוי מוצע): מבט כולל: עדיין אין מספיק נושאים בתקופה שנבחרה כדי לבנות תמונה ביתית ברורה.",medium,
327,parent-report-hebrew-owner-review-07-rows-301-350.xlsx,PR-HE-01810,utils/parent-report-language/v2-parent-copy.js,100,language_layer,general,,,,המנוע אומר שעדיין אין מספיק תרגול כדי להסיק מסקנה ברורה.,"שכבת ניסוח — executive summary
לפני החלפה: התרגול בתקופה שנבחרה עדיין מצומצם — כדאי לקרוא את הסיכום בעיון ולהמשיך לאסוף תרגול.","שכבת ניסוח — executive summary
אחרי החלפה (ללא שינוי מוצע): התרגול בתקופה שנבחרה עדיין מצומצם — כדאי לקרוא את הסיכום בעיון ולהמשיך לאסוף תרגול.",high,
328,parent-report-hebrew-owner-review-07-rows-301-350.xlsx,PR-HE-01824,utils/parent-report-row-diagnostics.js,269,report_builder,general,,,,המנוע אומר שעדיין אין מספיק תרגול כדי להסיק מסקנה ברורה.,"בונה דוח — כללי
לפני החלפה: labelHe: מעט מדי שאלות בתקופה — ההסקות לשורה זו חלקיות מאוד.","בונה דוח — כללי
אחרי החלפה (ללא שינוי מוצע): labelHe: מעט מדי שאלות בתקופה — ההסקות לשורה זו חלקיות מאוד.",high,Parent language/template layer (*He fields)
329,parent-report-hebrew-owner-review-07-rows-301-350.xlsx,PR-HE-01826,utils/parent-report-row-diagnostics.js,285,report_builder,topic_card,,שברים,,המנוע מנסה להסביר להורה את מצב התרגול או את ההמלצה בצורה פשוטה.,"בונה דוח — כרטיס נושא | נושא לדוגמה: שברים
אזור בדוח: topic_card
לפני החלפה: יש מספיק שאלות — אפשר לסמוך יותר על מה שרואים בנושא הזה.","בונה דוח — כרטיס נושא | נושא לדוגמה: שברים
אזור בדוח: topic_card
אחרי החלפה (ללא שינוי מוצע): יש מספיק שאלות — אפשר לסמוך יותר על מה שרואים בנושא הזה.",medium,Source may feed parent report — confirm render path
330,parent-report-hebrew-owner-review-07-rows-301-350.xlsx,PR-HE-01827,utils/parent-report-row-diagnostics.js,286,report_builder,topic_card,,שברים,,המנוע מנסה להסביר להורה את מצב התרגול או את ההמלצה בצורה פשוטה.,"בונה דוח — כרטיס נושא | נושא לדוגמה: שברים
אזור בדוח: topic_card
לפני החלפה: יש מספיק שאלות לנושא הזה — שינויים זהירים בתת־מיומנות בלבד.","בונה דוח — כרטיס נושא | נושא לדוגמה: שברים
אזור בדוח: topic_card
אחרי החלפה (ללא שינוי מוצע): יש מספיק שאלות לנושא הזה — שינויים זהירים בתת־מיומנות בלבד.",medium,Source may feed parent report — confirm render path
331,parent-report-hebrew-owner-review-07-rows-301-350.xlsx,PR-HE-01828,utils/parent-report-row-diagnostics.js,293,report_builder,general,,,,המנוע אומר שעדיין אין מספיק תרגול כדי להסיק מסקנה ברורה.,"בונה דוח — כללי
לפני החלפה: labelHe: המידע עדיין חלקי — לא משנים כיתה או רמה לפי שורה אחת בלבד.","בונה דוח — כללי
אחרי החלפה (ללא שינוי מוצע): labelHe: המידע עדיין חלקי — לא משנים כיתה או רמה לפי שורה אחת בלבד.",high,Parent language/template layer (*He fields)
332,parent-report-hebrew-owner-review-07-rows-301-350.xlsx,PR-HE-01833,utils/parent-report-row-diagnostics.js,412,report_builder,general,,,,"המנוע משווה את התוצאות לאורך זמן, ולא מסתמך רק על תרגול אחד.","בונה דוח — כללי
לפני החלפה: עדיין מוקדם — לא ברור אם זה נשמר לאורך זמן רק מהנתונים כאן.","בונה דוח — כללי
אחרי החלפה (ללא שינוי מוצע): עדיין מוקדם — לא ברור אם זה נשמר לאורך זמן רק מהנתונים כאן.",medium,Source may feed parent report — confirm render path
333,parent-report-hebrew-owner-review-07-rows-301-350.xlsx,PR-HE-01834,utils/parent-report-row-diagnostics.js,414,report_builder,general,,,,המנוע מנסה להסביר להורה את מצב התרגול או את ההמלצה בצורה פשוטה.,"בונה דוח — כללי
לפני החלפה: זה חוזר בכמה תרגולים — התמונה משקפת מגמה ולא רק מפגש בודד.","בונה דוח — כללי
אחרי החלפה (ללא שינוי מוצע): זה חוזר בכמה תרגולים — התמונה משקפת מגמה ולא רק מפגש בודד.",medium,Source may feed parent report — confirm render path
334,parent-report-hebrew-owner-review-07-rows-301-350.xlsx,PR-HE-01835,utils/parent-report-row-diagnostics.js,416,report_builder,general,,,,המנוע אומר שעדיין אין מספיק תרגול כדי להסיק מסקנה ברורה.,"בונה דוח — כללי
לפני החלפה: יש כיוון חלקי — כדאי לאסוף עוד תרגול לפני שאומרים משהו חד־משמעי.","בונה דוח — כללי
אחרי החלפה (ללא שינוי מוצע): יש כיוון חלקי — כדאי לאסוף עוד תרגול לפני שאומרים משהו חד־משמעי.",medium,
335,parent-report-hebrew-owner-review-07-rows-301-350.xlsx,PR-HE-01836,utils/parent-report-row-diagnostics.js,457,report_builder,general,,,,המנוע אומר שעדיין אין מספיק תרגול כדי להסיק מסקנה ברורה.,"בונה דוח — כללי
לפני החלפה: ההמלצה מבוססת על נתונים חלקיים; עדיף לא לעשות שינוי דרמטי בלי לבדוק שוב אחרי עוד תרגול.","בונה דוח — כללי
אחרי החלפה: ההמלצה מבוססת על נתונים חלקיים; עדיף לא לעשות שינוי גדול בלי לבדוק שוב אחרי עוד תרגול.",medium,
336,parent-report-hebrew-owner-review-07-rows-301-350.xlsx,PR-HE-01837,utils/parent-report-row-diagnostics.js,458,report_builder,general,,,,המנוע מנסה להסביר איפה הופיע קושי בתרגול ומה כדאי לבדוק שוב.,"בונה דוח — כללי
לפני החלפה: ההמלצה מבוססת על שילוב דיוק, כמות שאלות, טעויות ועדכניות בתקופה שנבחרה.","בונה דוח — כללי
אחרי החלפה (ללא שינוי מוצע): ההמלצה מבוססת על שילוב דיוק, כמות שאלות, טעויות ועדכניות בתקופה שנבחרה.",high,
337,parent-report-hebrew-owner-review-07-rows-301-350.xlsx,PR-HE-01838,utils/parent-report-ui-explain-he.js,12,report_builder,general,,,,המנוע מנסה להסביר איפה הופיע קושי בתרגול ומה כדאי לבדוק שוב.,"בונה דוח — כללי
לפני החלפה: knowledge gap: קושי בבסיס","בונה דוח — כללי
אחרי החלפה (ללא שינוי מוצע): knowledge gap: קושי בבסיס",high,Source may feed parent report — confirm render path
338,parent-report-hebrew-owner-review-07-rows-301-350.xlsx,PR-HE-01839,utils/parent-report-ui-explain-he.js,13,report_builder,general,,,,המנוע מנסה להסביר להורה את מצב התרגול או את ההמלצה בצורה פשוטה.,"בונה דוח — כללי
לפני החלפה: speed pressure: לחץ מהירות","בונה דוח — כללי
אחרי החלפה (ללא שינוי מוצע): speed pressure: לחץ מהירות",high,Source may feed parent report — confirm render path
339,parent-report-hebrew-owner-review-07-rows-301-350.xlsx,PR-HE-01840,utils/parent-report-ui-explain-he.js,14,report_builder,general,,,,המנוע מנסה להסביר להורה את מצב התרגול או את ההמלצה בצורה פשוטה.,"בונה דוח — כללי
לפני החלפה: instruction friction: עוזר לו יותר כשיש ליווי או הסבר ליד","בונה דוח — כללי
אחרי החלפה (ללא שינוי מוצע): instruction friction: עוזר לו יותר כשיש ליווי או הסבר ליד",high,Source may feed parent report — confirm render path
340,parent-report-hebrew-owner-review-07-rows-301-350.xlsx,PR-HE-01841,utils/parent-report-ui-explain-he.js,15,report_builder,general,,,,המנוע מנסה להסביר להורה את מצב התרגול או את ההמלצה בצורה פשוטה.,"בונה דוח — כללי
לפני החלפה: careless pattern: רגעים של חוסר ריכוז שחוזרים","בונה דוח — כללי
אחרי החלפה (ללא שינוי מוצע): careless pattern: רגעים של חוסר ריכוז שחוזרים",high,Source may feed parent report — confirm render path
341,parent-report-hebrew-owner-review-07-rows-301-350.xlsx,PR-HE-01842,utils/parent-report-ui-explain-he.js,16,report_builder,general,,,,המנוע מנסה להסביר להורה את מצב התרגול או את ההמלצה בצורה פשוטה.,"בונה דוח — כללי
לפני החלפה: fragile success: הצלחה שבירה","בונה דוח — כללי
אחרי החלפה (ללא שינוי מוצע): fragile success: הצלחה שבירה",high,Source may feed parent report — confirm render path
342,parent-report-hebrew-owner-review-07-rows-301-350.xlsx,PR-HE-01843,utils/parent-report-ui-explain-he.js,17,report_builder,topic_card,,שברים,,"המנוע משווה את התוצאות לאורך זמן, ולא מסתמך רק על תרגול אחד.","בונה דוח — כרטיס נושא | נושא לדוגמה: שברים
אזור בדוח: topic_card
לפני החלפה: stable mastery: שליטה טובה בנושא לאורך זמן","בונה דוח — כרטיס נושא | נושא לדוגמה: שברים
אזור בדוח: topic_card
אחרי החלפה (ללא שינוי מוצע): stable mastery: שליטה טובה בנושא לאורך זמן",medium,Source may feed parent report — confirm render path
343,parent-report-hebrew-owner-review-07-rows-301-350.xlsx,PR-HE-01844,utils/parent-report-ui-explain-he.js,18,report_builder,general,,,,המנוע מנסה להסביר להורה את מצב התרגול או את ההמלצה בצורה פשוטה.,"בונה דוח — כללי
לפני החלפה: undetermined: לא נקבע","בונה דוח — כללי
אחרי החלפה (ללא שינוי מוצע): undetermined: לא נקבע",high,Source may feed parent report — confirm render path
344,parent-report-hebrew-owner-review-07-rows-301-350.xlsx,PR-HE-01845,utils/parent-report-ui-explain-he.js,19,report_builder,general,,,,המנוע מנסה להסביר להורה את מצב התרגול או את ההמלצה בצורה פשוטה.,"בונה דוח — כללי
לפני החלפה: mixed: מעורב","בונה דוח — כללי
אחרי החלפה (ללא שינוי מוצע): mixed: מעורב",high,Source may feed parent report — confirm render path
345,parent-report-hebrew-owner-review-07-rows-301-350.xlsx,PR-HE-01846,utils/parent-report-ui-explain-he.js,20,report_builder,general,,,,המנוע אומר שעדיין אין מספיק תרגול כדי להסיק מסקנה ברורה.,"בונה דוח — כללי
לפני החלפה: mixed low signal: עדיין מעט מידע — אי אפשר להסיק בוודאות","בונה דוח — כללי
אחרי החלפה: mixed low signal: עדיין אין מספיק מידע — אי אפשר להסיק בוודאות",high,Source may feed parent report — confirm render path
346,parent-report-hebrew-owner-review-07-rows-301-350.xlsx,PR-HE-01847,utils/parent-report-ui-explain-he.js,21,report_builder,topic_card,,שברים,,המנוע מנסה להסביר להורה את מצב התרגול או את ההמלצה בצורה פשוטה.,"בונה דוח — כרטיס נושא | נושא לדוגמה: שברים
אזור בדוח: topic_card
לפני החלפה: none sparse: עדיין מעט תרגול בנושא זה","בונה דוח — כרטיס נושא | נושא לדוגמה: שברים
אזור בדוח: topic_card
אחרי החלפה (ללא שינוי מוצע): none sparse: עדיין מעט תרגול בנושא זה",medium,Source may feed parent report — confirm render path
347,parent-report-hebrew-owner-review-07-rows-301-350.xlsx,PR-HE-01848,utils/parent-report-ui-explain-he.js,22,report_builder,general,,,,המנוע מנסה להסביר איפה הופיע קושי בתרגול ומה כדאי לבדוק שוב.,"בונה דוח — כללי
לפני החלפה: none observed: בלי קושי חוזר שבולט","בונה דוח — כללי
אחרי החלפה (ללא שינוי מוצע): none observed: בלי קושי חוזר שבולט",high,Source may feed parent report — confirm render path
348,parent-report-hebrew-owner-review-07-rows-301-350.xlsx,PR-HE-01849,utils/parent-report-ui-explain-he.js,23,report_builder,general,,,,המנוע מנסה להסביר להורה את מצב התרגול או את ההמלצה בצורה פשוטה.,"בונה דוח — כללי
לפני החלפה: fragile success cluster: רצף הצלחות שבירות","בונה דוח — כללי
אחרי החלפה (ללא שינוי מוצע): fragile success cluster: רצף הצלחות שבירות",high,Source may feed parent report — confirm render path
349,parent-report-hebrew-owner-review-07-rows-301-350.xlsx,PR-HE-01850,utils/parent-report-ui-explain-he.js,27,report_builder,general,,,,המנוע מנסה להסביר להורה את מצב התרגול או את ההמלצה בצורה פשוטה.,"בונה דוח — כללי
לפני החלפה: high: אפשר לסמוך על זה: גבוהה","בונה דוח — כללי
אחרי החלפה (ללא שינוי מוצע): high: אפשר לסמוך על זה: גבוהה",high,Source may feed parent report — confirm render path
350,parent-report-hebrew-owner-review-07-rows-301-350.xlsx,PR-HE-01851,utils/parent-report-ui-explain-he.js,28,report_builder,general,,,,המנוע מנסה להסביר להורה את מצב התרגול או את ההמלצה בצורה פשוטה.,"בונה דוח — כללי
לפני החלפה: medium: אפשר לסמוך על זה: בינונית","בונה דוח — כללי
אחרי החלפה (ללא שינוי מוצע): medium: אפשר לסמוך על זה: בינונית",high,Source may feed parent report — confirm render path
351,parent-report-hebrew-owner-review-08-rows-351-400.xlsx,PR-HE-01852,utils/parent-report-ui-explain-he.js,29,report_builder,general,,,,המנוע אומר שעדיין אין מספיק תרגול כדי להסיק מסקנה ברורה.,"בונה דוח — כללי
לפני החלפה: low: אפשר לסמוך על זה רק חלקית — קוראים בזהירות","בונה דוח — כללי
אחרי החלפה (ללא שינוי מוצע): low: אפשר לסמוך על זה רק חלקית — קוראים בזהירות",high,Source may feed parent report — confirm render path
352,parent-report-hebrew-owner-review-08-rows-351-400.xlsx,PR-HE-01853,utils/parent-report-ui-explain-he.js,33,report_builder,general,,,,המנוע מנסה להסביר להורה את מצב התרגול או את ההמלצה בצורה פשוטה.,"בונה דוח — כללי
לפני החלפה: high: כמות התרגול: טובה","בונה דוח — כללי
אחרי החלפה (ללא שינוי מוצע): high: כמות התרגול: טובה",high,Source may feed parent report — confirm render path
353,parent-report-hebrew-owner-review-08-rows-351-400.xlsx,PR-HE-01854,utils/parent-report-ui-explain-he.js,34,report_builder,general,,,,המנוע מנסה להסביר להורה את מצב התרגול או את ההמלצה בצורה פשוטה.,"בונה דוח — כללי
לפני החלפה: medium: כמות התרגול: בינונית","בונה דוח — כללי
אחרי החלפה (ללא שינוי מוצע): medium: כמות התרגול: בינונית",high,Source may feed parent report — confirm render path
354,parent-report-hebrew-owner-review-08-rows-351-400.xlsx,PR-HE-01855,utils/parent-report-ui-explain-he.js,35,report_builder,general,,,,המנוע מנסה להסביר להורה את מצב התרגול או את ההמלצה בצורה פשוטה.,"בונה דוח — כללי
לפני החלפה: low: כמות התרגול: נמוכה","בונה דוח — כללי
אחרי החלפה (ללא שינוי מוצע): low: כמות התרגול: נמוכה",high,Source may feed parent report — confirm render path
355,parent-report-hebrew-owner-review-08-rows-351-400.xlsx,PR-HE-01856,utils/parent-report-ui-explain-he.js,39,report_builder,general,,,,המנוע מנסה להסביר להורה את מצב התרגול או את ההמלצה בצורה פשוטה.,"בונה דוח — כללי
לפני החלפה: falsePromotionRisk: חשש מעליית רמה מוקדמת מדי","בונה דוח — כללי
אחרי החלפה (ללא שינוי מוצע): falsePromotionRisk: חשש מעליית רמה מוקדמת מדי",high,Source may feed parent report — confirm render path
356,parent-report-hebrew-owner-review-08-rows-351-400.xlsx,PR-HE-01857,utils/parent-report-ui-explain-he.js,40,report_builder,general,,,,המנוע מנסה להסביר להורה את מצב התרגול או את ההמלצה בצורה פשוטה.,"בונה דוח — כללי
לפני החלפה: falseRemediationRisk: חשש מטיפול יתר","בונה דוח — כללי
אחרי החלפה (ללא שינוי מוצע): falseRemediationRisk: חשש מטיפול יתר",high,Source may feed parent report — confirm render path
357,parent-report-hebrew-owner-review-08-rows-351-400.xlsx,PR-HE-01858,utils/parent-report-ui-explain-he.js,41,report_builder,general,,,,המנוע מנסה להסביר להורה את מצב התרגול או את ההמלצה בצורה פשוטה.,"בונה דוח — כללי
לפני החלפה: speedOnlyRisk: נטייה למהירות","בונה דוח — כללי
אחרי החלפה (ללא שינוי מוצע): speedOnlyRisk: נטייה למהירות",high,Source may feed parent report — confirm render path
358,parent-report-hebrew-owner-review-08-rows-351-400.xlsx,PR-HE-01859,utils/parent-report-ui-explain-he.js,42,report_builder,general,,,,המנוע מנסה להסביר להורה את מצב התרגול או את ההמלצה בצורה פשוטה.,"בונה דוח — כללי
לפני החלפה: hintDependenceRisk: הילד עדיין נעזר ברמזים","בונה דוח — כללי
אחרי החלפה (ללא שינוי מוצע): hintDependenceRisk: הילד עדיין נעזר ברמזים",high,Source may feed parent report — confirm render path
359,parent-report-hebrew-owner-review-08-rows-351-400.xlsx,PR-HE-01860,utils/parent-report-ui-explain-he.js,43,report_builder,data_health,,,,המנוע אומר שעדיין אין מספיק תרגול כדי להסיק מסקנה ברורה.,"בונה דוח — מצב נתונים
לפני החלפה: insufficientEvidenceRisk: מידע חלקי בלבד","בונה דוח — מצב נתונים
אחרי החלפה (ללא שינוי מוצע): insufficientEvidenceRisk: מידע חלקי בלבד",high,
360,parent-report-hebrew-owner-review-08-rows-351-400.xlsx,PR-HE-01861,utils/parent-report-ui-explain-he.js,44,report_builder,general,,,,המנוע מנסה להסביר להורה את מצב התרגול או את ההמלצה בצורה פשוטה.,"בונה דוח — כללי
לפני החלפה: recentTransitionRisk: שינוי קטן לאחרונה","בונה דוח — כללי
אחרי החלפה (ללא שינוי מוצע): recentTransitionRisk: שינוי קטן לאחרונה",high,Source may feed parent report — confirm render path
361,parent-report-hebrew-owner-review-08-rows-351-400.xlsx,PR-HE-01862,utils/parent-report-ui-explain-he.js,48,report_builder,general,,,,המנוע מנסה להסביר להורה את מצב התרגול או את ההמלצה בצורה פשוטה.,"בונה דוח — כללי
לפני החלפה: up: בשיפור","בונה דוח — כללי
אחרי החלפה (ללא שינוי מוצע): up: בשיפור",high,Source may feed parent report — confirm render path
362,parent-report-hebrew-owner-review-08-rows-351-400.xlsx,PR-HE-01864,utils/parent-report-ui-explain-he.js,50,report_builder,general,,,,המנוע מנסה להסביר להורה את מצב התרגול או את ההמלצה בצורה פשוטה.,"בונה דוח — כללי
לפני החלפה: flat: ללא שינוי","בונה דוח — כללי
אחרי החלפה (ללא שינוי מוצע): flat: ללא שינוי",high,Source may feed parent report — confirm render path
363,parent-report-hebrew-owner-review-08-rows-351-400.xlsx,PR-HE-01865,utils/parent-report-ui-explain-he.js,51,report_builder,general,,,,המנוע מנסה להסביר להורה את מצב התרגול או את ההמלצה בצורה פשוטה.,"בונה דוח — כללי
לפני החלפה: unknown: לא ברורה מספיק","בונה דוח — כללי
אחרי החלפה (ללא שינוי מוצע): unknown: לא ברורה מספיק",high,Source may feed parent report — confirm render path
364,parent-report-hebrew-owner-review-08-rows-351-400.xlsx,PR-HE-01870,utils/parent-report-ui-explain-he.js,198,report_builder,topic_card,,שברים,,המנוע אומר שעדיין אין מספיק תרגול כדי להסיק מסקנה ברורה.,"בונה דוח — כרטיס נושא | נושא לדוגמה: שברים
אזור בדוח: topic_card
לפני החלפה: knowledge gap: קושי בחלקים פשוטים יותר של הנושא","בונה דוח — כרטיס נושא | נושא לדוגמה: שברים
אזור בדוח: topic_card
אחרי החלפה (ללא שינוי מוצע): knowledge gap: קושי בחלקים פשוטים יותר של הנושא",medium,Exported builder/UI function: ROOT_CAUSE_LABEL_HE
365,parent-report-hebrew-owner-review-08-rows-351-400.xlsx,PR-HE-01891,utils/parent-report-ui-explain-he.js,227,report_builder,data_health,,,,המנוע אומר שעדיין אין מספיק תרגול כדי להסיק מסקנה ברורה.,"בונה דוח — מצב נתונים
לפני החלפה: careless flip: טעות קטנה כשנמהרים או מדלגים על צעד","בונה דוח — מצב נתונים
אחרי החלפה (ללא שינוי מוצע): careless flip: טעות קטנה כשנמהרים או מדלגים על צעד",high,
366,parent-report-hebrew-owner-review-08-rows-351-400.xlsx,PR-HE-01895,utils/parent-report-ui-explain-he.js,231,report_builder,data_health,,,,המנוע אומר שעדיין אין מספיק תרגול כדי להסיק מסקנה ברורה.,"בונה דוח — מצב נתונים
לפני החלפה: insufficient mistake evidence: עדיין אין מספיק דוגמאות כדי לראות טעות חוזרת ברורה","בונה דוח — מצב נתונים
אחרי החלפה (ללא שינוי מוצע): insufficient mistake evidence: עדיין אין מספיק דוגמאות כדי לראות טעות חוזרת ברורה",high,
367,parent-report-hebrew-owner-review-08-rows-351-400.xlsx,PR-HE-01929,utils/parent-report-ui-explain-he.js,382,report_builder,data_health,,,,המנוע אומר שעדיין אין מספיק תרגול כדי להסיק מסקנה ברורה.,"בונה דוח — מצב נתונים
לפני החלפה: not enough evidence: עדיין אין מספיק ניסיון כדי לדעת אם מה שניסינו באמת עוזר","בונה דוח — מצב נתונים
אחרי החלפה (ללא שינוי מוצע): not enough evidence: עדיין אין מספיק ניסיון כדי לדעת אם מה שניסינו באמת עוזר",high,
368,parent-report-hebrew-owner-review-08-rows-351-400.xlsx,PR-HE-01937,utils/parent-report-ui-explain-he.js,393,report_builder,general,,,,המנוע אומר שעדיין אין מספיק תרגול כדי להסיק מסקנה ברורה.,"בונה דוח — כללי
לפני החלפה: partial fit: התאמה חלקית — לעקוב ולכוון","בונה דוח — כללי
אחרי החלפה (ללא שינוי מוצע): partial fit: התאמה חלקית — לעקוב ולכוון",high,Exported builder/UI function: SUPPORT_FIT_LABEL_HE
369,parent-report-hebrew-owner-review-08-rows-351-400.xlsx,PR-HE-01947,utils/parent-report-ui-explain-he.js,410,report_builder,general,,,,המנוע אומר שעדיין אין מספיק תרגול כדי להסיק מסקנה ברורה.,"בונה דוח — כללי
לפני החלפה: recent but partial: עדכני חלקית — חסרים עדיין פרטים","בונה דוח — כללי
אחרי החלפה (ללא שינוי מוצע): recent but partial: עדכני חלקית — חסרים עדיין פרטים",high,Exported builder/UI function: FRESHNESS_STATE_LABEL_HE
370,parent-report-hebrew-owner-review-08-rows-351-400.xlsx,PR-HE-01970,utils/parent-report-ui-explain-he.js,448,report_builder,data_health,,,,המנוע אומר שעדיין אין מספיק תרגול כדי להסיק מסקנה ברורה.,"בונה דוח — מצב נתונים
לפני החלפה: insufficient sequence evidence: עדיין אין מספיק מידע כדי לדעת איך העזרה התקדמה.","בונה דוח — מצב נתונים
אחרי החלפה (ללא שינוי מוצע): insufficient sequence evidence: עדיין אין מספיק מידע כדי לדעת איך העזרה התקדמה.",high,
371,parent-report-hebrew-owner-review-08-rows-351-400.xlsx,PR-HE-02009,utils/parent-report-ui-explain-he.js,516,report_builder,data_health,,,,המנוע אומר שעדיין אין מספיק תרגול כדי להסיק מסקנה ברורה.,"בונה דוח — מצב נתונים
לפני החלפה: no memory: עדיין אין מספיק מידע מהעבר כדי לדעת אם מה שניסינו קודם עדיין מתאים","בונה דוח — מצב נתונים
אחרי החלפה (ללא שינוי מוצע): no memory: עדיין אין מספיק מידע מהעבר כדי לדעת אם מה שניסינו קודם עדיין מתאים",high,
372,parent-report-hebrew-owner-review-08-rows-351-400.xlsx,PR-HE-02039,utils/parent-report-ui-explain-he.js,565,report_builder,general,,,,המנוע אומר שעדיין אין מספיק תרגול כדי להסיק מסקנה ברורה.,"בונה דוח — כללי
לפני החלפה: partial progress: בפועל יש התקדמות חלקית","בונה דוח — כללי
אחרי החלפה (ללא שינוי מוצע): partial progress: בפועל יש התקדמות חלקית",high,Exported builder/UI function: OBSERVED_OUTCOME_STATE_LABEL_HE
373,parent-report-hebrew-owner-review-08-rows-351-400.xlsx,PR-HE-02044,utils/parent-report-ui-explain-he.js,573,report_builder,general,,,,המנוע אומר שעדיין אין מספיק תרגול כדי להסיק מסקנה ברורה.,"בונה דוח — כללי
לפני החלפה: partly aligned: יש חפיפה חלקית בין מה שציפינו למה שרואים","בונה דוח — כללי
אחרי החלפה (ללא שינוי מוצע): partly aligned: יש חפיפה חלקית בין מה שציפינו למה שרואים",high,Exported builder/UI function: EXPECTED_VS_OBSERVED_MATCH_LABEL_HE
374,parent-report-hebrew-owner-review-08-rows-351-400.xlsx,PR-HE-02063,utils/parent-report-ui-explain-he.js,605,report_builder,data_health,,,,המנוע אומר שעדיין אין מספיק תרגול כדי להסיק מסקנה ברורה.,"בונה דוח — מצב נתונים
לפני החלפה: gates not ready: עדיין אין מספיק בסיס — נשארים עם החלטה זהירה","בונה דוח — מצב נתונים
אחרי החלפה (ללא שינוי מוצע): gates not ready: עדיין אין מספיק בסיס — נשארים עם החלטה זהירה",high,
375,parent-report-hebrew-owner-review-08-rows-351-400.xlsx,PR-HE-02094,utils/parent-report-ui-explain-he.js,653,report_builder,general,,,,המנוע אומר שעדיין אין מספיק תרגול כדי להסיק מסקנה ברורה.,"בונה דוח — כללי
לפני החלפה: refresh baseline before decision: לבדוק שוב את החלקים הפשוטים יותר לפני החלטה גדולה","בונה דוח — כללי
אחרי החלפה (ללא שינוי מוצע): refresh baseline before decision: לבדוק שוב את החלקים הפשוטים יותר לפני החלטה גדולה",high,Exported builder/UI function: NEXT_CYCLE_DECISION_FOCUS_LABEL_HE
376,parent-report-hebrew-owner-review-08-rows-351-400.xlsx,PR-HE-02097,utils/parent-report-ui-explain-he.js,661,report_builder,topic_card,,שברים,,המנוע אומר שעדיין אין מספיק תרגול כדי להסיק מסקנה ברורה.,"בונה דוח — כרטיס נושא | נושא לדוגמה: שברים
אזור בדוח: topic_card
לפני החלפה: likely foundational block: הנתונים מרמזים שהקושי אולי מתחיל בחלקים פשוטים יותר של הנושא","בונה דוח — כרטיס נושא | נושא לדוגמה: שברים
אזור בדוח: topic_card
אחרי החלפה (ללא שינוי מוצע): likely foundational block: הנתונים מרמזים שהקושי אולי מתחיל בחלקים פשוטים יותר של הנושא",medium,Exported builder/UI function: DEPENDENCY_STATE_LABEL_HE
377,parent-report-hebrew-owner-review-08-rows-351-400.xlsx,PR-HE-02098,utils/parent-report-ui-explain-he.js,662,report_builder,topic_card,,שברים,,המנוע אומר שעדיין אין מספיק תרגול כדי להסיק מסקנה ברורה.,"בונה דוח — כרטיס נושא | נושא לדוגמה: שברים
אזור בדוח: topic_card
לפני החלפה: mixed dependency signal: לא ברור עדיין אם הקושי ממוקד בנושא הזה או מתחיל בחלקים פשוטים יותר","בונה דוח — כרטיס נושא | נושא לדוגמה: שברים
אזור בדוח: topic_card
אחרי החלפה (ללא שינוי מוצע): mixed dependency signal: לא ברור עדיין אם הקושי ממוקד בנושא הזה או מתחיל בחלקים פשוטים יותר",medium,Exported builder/UI function: DEPENDENCY_STATE_LABEL_HE
378,parent-report-hebrew-owner-review-08-rows-351-400.xlsx,PR-HE-02099,utils/parent-report-ui-explain-he.js,663,report_builder,data_health,,,,המנוע אומר שעדיין אין מספיק תרגול כדי להסיק מסקנה ברורה.,"בונה דוח — מצב נתונים
לפני החלפה: insufficient dependency evidence: אין מספיק מידע כדי לדעת מאיפה הקושי מתחיל","בונה דוח — מצב נתונים
אחרי החלפה (ללא שינוי מוצע): insufficient dependency evidence: אין מספיק מידע כדי לדעת מאיפה הקושי מתחיל",high,
379,parent-report-hebrew-owner-review-08-rows-351-400.xlsx,PR-HE-02100,utils/parent-report-ui-explain-he.js,667,report_builder,topic_card,,שברים,,המנוע אומר שעדיין אין מספיק תרגול כדי להסיק מסקנה ברורה.,"בונה דוח — כרטיס נושא | נושא לדוגמה: שברים
אזור בדוח: topic_card
לפני החלפה: accuracy foundation gap: נראה שהילד צריך עוד תרגול בחלקים פשוטים יותר של הנושא","בונה דוח — כרטיס נושא | נושא לדוגמה: שברים
אזור בדוח: topic_card
אחרי החלפה (ללא שינוי מוצע): accuracy foundation gap: נראה שהילד צריך עוד תרגול בחלקים פשוטים יותר של הנושא",medium,Exported builder/UI function: FOUNDATIONAL_BLOCKER_LABEL_HE
380,parent-report-hebrew-owner-review-08-rows-351-400.xlsx,PR-HE-02110,utils/parent-report-ui-explain-he.js,684,report_builder,topic_card,,שברים,,המנוע אומר שעדיין אין מספיק תרגול כדי להסיק מסקנה ברורה.,"בונה דוח — כרטיס נושא | נושא לדוגמה: שברים
אזור בדוח: topic_card
לפני החלפה: foundation first: קודם לחזק את החלקים הפשוטים יותר — ואז לחזור לנושא עצמו","בונה דוח — כרטיס נושא | נושא לדוגמה: שברים
אזור בדוח: topic_card
אחרי החלפה (ללא שינוי מוצע): foundation first: קודם לחזק את החלקים הפשוטים יותר — ואז לחזור לנושא עצמו",medium,Exported builder/UI function: INTERVENTION_ORDERING_LABEL_HE
381,parent-report-hebrew-owner-review-08-rows-351-400.xlsx,PR-HE-02114,utils/parent-report-ui-explain-he.js,692,report_builder,general,,,,המנוע אומר שעדיין אין מספיק תרגול כדי להסיק מסקנה ברורה.,"בונה דוח — כללי
לפני החלפה: stabilize foundation first: לחזק קודם את החלקים הפשוטים יותר לפני שמרחיבים","בונה דוח — כללי
אחרי החלפה (ללא שינוי מוצע): stabilize foundation first: לחזק קודם את החלקים הפשוטים יותר לפני שמרחיבים",high,Exported builder/UI function: FOUNDATION_DECISION_LABEL_HE
382,parent-report-hebrew-owner-review-08-rows-351-400.xlsx,PR-HE-02116,utils/parent-report-ui-explain-he.js,694,report_builder,topic_card,,שברים,,המנוע אומר שעדיין אין מספיק תרגול כדי להסיק מסקנה ברורה.,"בונה דוח — כרטיס נושא | נושא לדוגמה: שברים
לפני החלפה: run parallel light support: לשלב תרגול קצר של החלקים הפשוטים יותר יחד עם הנושא עצמו","בונה דוח — כרטיס נושא | נושא לדוגמה: שברים
אחרי החלפה (ללא שינוי מוצע): run parallel light support: לשלב תרגול קצר של החלקים הפשוטים יותר יחד עם הנושא עצמו",medium,
383,parent-report-hebrew-owner-review-08-rows-351-400.xlsx,PR-HE-02119,utils/parent-report-ui-explain-he.js,700,report_builder,general,,,,המנוע אומר שעדיין אין מספיק תרגול כדי להסיק מסקנה ברורה.,"בונה דוח — כללי
לפני החלפה: foundation targeted: תרגול ממוקד בחלקים הפשוטים יותר שצריך לחזק","בונה דוח — כללי
אחרי החלפה (ללא שינוי מוצע): foundation targeted: תרגול ממוקד בחלקים הפשוטים יותר שצריך לחזק",high,Exported builder/UI function: NEXT_CYCLE_SUPPORT_LEVEL_LABEL_HE
384,parent-report-hebrew-owner-review-08-rows-351-400.xlsx,PR-HE-02125,utils/parent-report-v2.js,97,report_builder,general,,,,המנוע מנסה להסביר להורה את מצב התרגול או את ההמלצה בצורה פשוטה.,"בונה דוח — כללי
לפני החלפה: קל","בונה דוח — כללי
אחרי החלפה (ללא שינוי מוצע): קל",high,Source may feed parent report — confirm render path
385,parent-report-hebrew-owner-review-08-rows-351-400.xlsx,PR-HE-02126,utils/parent-report-v2.js,97,report_builder,general,,,,המנוע מנסה להסביר להורה את מצב התרגול או את ההמלצה בצורה פשוטה.,"בונה דוח — כללי
לפני החלפה: בינוני","בונה דוח — כללי
אחרי החלפה (ללא שינוי מוצע): בינוני",high,Source may feed parent report — confirm render path
386,parent-report-hebrew-owner-review-08-rows-351-400.xlsx,PR-HE-02127,utils/parent-report-v2.js,97,report_builder,general,,,,המנוע מנסה להסביר להורה את מצב התרגול או את ההמלצה בצורה פשוטה.,"בונה דוח — כללי
לפני החלפה: קשה","בונה דוח — כללי
אחרי החלפה (ללא שינוי מוצע): קשה",high,Source may feed parent report — confirm render path
387,parent-report-hebrew-owner-review-08-rows-351-400.xlsx,PR-HE-02128,utils/parent-report-v2.js,100,report_builder,general,,,,המנוע מנסה להסביר להורה את מצב התרגול או את ההמלצה בצורה פשוטה.,"בונה דוח — כללי
לפני החלפה: learning: למידה","בונה דוח — כללי
אחרי החלפה (ללא שינוי מוצע): learning: למידה",high,Source may feed parent report — confirm render path
388,parent-report-hebrew-owner-review-08-rows-351-400.xlsx,PR-HE-02129,utils/parent-report-v2.js,101,report_builder,general,,,zero_data_math_q0,המנוע מנסה להסביר להורה את מצב התרגול או את ההמלצה בצורה פשוטה.,"בונה דוח — כללי
לפני החלפה: practice: תרגול","בונה דוח — כללי
אחרי החלפה (ללא שינוי מוצע): practice: תרגול",high,Source may feed parent report — confirm render path
389,parent-report-hebrew-owner-review-08-rows-351-400.xlsx,PR-HE-02130,utils/parent-report-v2.js,102,report_builder,general,,,,המנוע מנסה להסביר להורה את מצב התרגול או את ההמלצה בצורה פשוטה.,"בונה דוח — כללי
לפני החלפה: challenge: אתגר","בונה דוח — כללי
אחרי החלפה (ללא שינוי מוצע): challenge: אתגר",high,Source may feed parent report — confirm render path
390,parent-report-hebrew-owner-review-08-rows-351-400.xlsx,PR-HE-02131,utils/parent-report-v2.js,103,report_builder,general,,,,המנוע מנסה להסביר להורה את מצב התרגול או את ההמלצה בצורה פשוטה.,"בונה דוח — כללי
לפני החלפה: speed: מהירות","בונה דוח — כללי
אחרי החלפה (ללא שינוי מוצע): speed: מהירות",high,Source may feed parent report — confirm render path
391,parent-report-hebrew-owner-review-08-rows-351-400.xlsx,PR-HE-02132,utils/parent-report-v2.js,104,report_builder,general,,,,המנוע מנסה להסביר להורה את מצב התרגול או את ההמלצה בצורה פשוטה.,"בונה דוח — כללי
לפני החלפה: marathon: תרגול ארוך","בונה דוח — כללי
אחרי החלפה (ללא שינוי מוצע): marathon: תרגול ארוך",high,Source may feed parent report — confirm render path
392,parent-report-hebrew-owner-review-08-rows-351-400.xlsx,PR-HE-02133,utils/parent-report-v2.js,105,report_builder,general,,,,המנוע מנסה להסביר להורה את מצב התרגול או את ההמלצה בצורה פשוטה.,"בונה דוח — כללי
לפני החלפה: graded: מדורג","בונה דוח — כללי
אחרי החלפה (ללא שינוי מוצע): graded: מדורג",high,Source may feed parent report — confirm render path
393,parent-report-hebrew-owner-review-08-rows-351-400.xlsx,PR-HE-02134,utils/parent-report-v2.js,106,report_builder,general,,,zero_data_geometry_q0,המנוע מנסה להסביר להורה את מצב התרגול או את ההמלצה בצורה פשוטה.,"בונה דוח — כללי
לפני החלפה: normal: רגיל","בונה דוח — כללי
אחרי החלפה (ללא שינוי מוצע): normal: רגיל",high,Source may feed parent report — confirm render path
394,parent-report-hebrew-owner-review-08-rows-351-400.xlsx,PR-HE-02135,utils/parent-report-v2.js,107,report_builder,general,,,,המנוע מנסה להסביר איפה הופיע קושי בתרגול ומה כדאי לבדוק שוב.,"בונה דוח — כללי
לפני החלפה: mistakes: טעויות","בונה דוח — כללי
אחרי החלפה (ללא שינוי מוצע): mistakes: טעויות",high,Source may feed parent report — confirm render path
395,parent-report-hebrew-owner-review-08-rows-351-400.xlsx,PR-HE-02136,utils/parent-report-v2.js,108,report_builder,general,,,,המנוע מנסה להסביר להורה את מצב התרגול או את ההמלצה בצורה פשוטה.,"בונה דוח — כללי
לפני החלפה: practice mistakes: חזרה על שגיאות","בונה דוח — כללי
אחרי החלפה (ללא שינוי מוצע): practice mistakes: חזרה על שגיאות",high,Source may feed parent report — confirm render path
396,parent-report-hebrew-owner-review-08-rows-351-400.xlsx,PR-HE-02137,utils/parent-report-v2.js,128,report_builder,general,,,,המנוע מנסה להסביר להורה את מצב התרגול או את ההמלצה בצורה פשוטה.,"בונה דוח — כללי
לפני החלפה: לא זמין","בונה דוח — כללי
אחרי החלפה (ללא שינוי מוצע): לא זמין",medium,Source may feed parent report — confirm render path
397,parent-report-hebrew-owner-review-08-rows-351-400.xlsx,PR-HE-02138,utils/parent-report-v2.js,395,report_builder,general,,,,המנוע מנסה להסביר להורה את מצב התרגול או את ההמלצה בצורה פשוטה.,"בונה דוח — כללי
לפני החלפה: level: לא זמין","בונה דוח — כללי
אחרי החלפה (ללא שינוי מוצע): level: לא זמין",high,Source may feed parent report — confirm render path
398,parent-report-hebrew-owner-review-08-rows-351-400.xlsx,PR-HE-02139,utils/parent-report-v2.js,398,report_builder,general,,,,המנוע מנסה להסביר להורה את מצב התרגול או את ההמלצה בצורה פשוטה.,"בונה דוח — כללי
לפני החלפה: lastSessionAt: לא זמין","בונה דוח — כללי
אחרי החלפה (ללא שינוי מוצע): lastSessionAt: לא זמין",high,Source may feed parent report — confirm render path
399,parent-report-hebrew-owner-review-08-rows-351-400.xlsx,PR-HE-02140,utils/parent-report-v2.js,400,report_builder,general,,,,המנוע מנסה להסביר להורה את מצב התרגול או את ההמלצה בצורה פשוטה.,"בונה דוח — כללי
לפני החלפה: latestActivityAt: לא זמין","בונה דוח — כללי
אחרי החלפה (ללא שינוי מוצע): latestActivityAt: לא זמין",high,Source may feed parent report — confirm render path
400,parent-report-hebrew-owner-review-08-rows-351-400.xlsx,PR-HE-02141,utils/parent-report-v2.js,576,report_builder,general,,,,המנוע מנסה להסביר להורה את מצב התרגול או את ההמלצה בצורה פשוטה.,"בונה דוח — כללי
לפני החלפה: level: לא זמין","בונה דוח — כללי
אחרי החלפה (ללא שינוי מוצע): level: לא זמין",high,Source may feed parent report — confirm render path
401,parent-report-hebrew-owner-review-09-rows-401-450.xlsx,PR-HE-02142,utils/parent-report-v2.js,799,report_builder,general,,,zero_data,המנוע מנסה להסביר להורה את מצב התרגול או את ההמלצה בצורה פשוטה.,"בונה דוח — כללי
לפני החלפה: math: חשבון","בונה דוח — כללי
אחרי החלפה (ללא שינוי מוצע): math: חשבון",medium,Source may feed parent report — confirm render path
402,parent-report-hebrew-owner-review-09-rows-401-450.xlsx,PR-HE-02143,utils/parent-report-v2.js,800,report_builder,general,,,zero_data_geometry_q0,המנוע מנסה להסביר להורה את מצב התרגול או את ההמלצה בצורה פשוטה.,"בונה דוח — כללי
לפני החלפה: geometry: גאומטריה","בונה דוח — כללי
אחרי החלפה (ללא שינוי מוצע): geometry: גאומטריה",high,Source may feed parent report — confirm render path
403,parent-report-hebrew-owner-review-09-rows-401-450.xlsx,PR-HE-02144,utils/parent-report-v2.js,801,report_builder,general,,,zero_data_english_q0,המנוע מנסה להסביר להורה את מצב התרגול או את ההמלצה בצורה פשוטה.,"בונה דוח — כללי
לפני החלפה: english: אנגלית","בונה דוח — כללי
אחרי החלפה (ללא שינוי מוצע): english: אנגלית",high,Source may feed parent report — confirm render path
404,parent-report-hebrew-owner-review-09-rows-401-450.xlsx,PR-HE-02145,utils/parent-report-v2.js,802,report_builder,general,,,zero_data_science_q0,המנוע מנסה להסביר להורה את מצב התרגול או את ההמלצה בצורה פשוטה.,"בונה דוח — כללי
לפני החלפה: science: מדעים","בונה דוח — כללי
אחרי החלפה (ללא שינוי מוצע): science: מדעים",high,Source may feed parent report — confirm render path
405,parent-report-hebrew-owner-review-09-rows-401-450.xlsx,PR-HE-02146,utils/parent-report-v2.js,803,report_builder,general,,,thin_data,המנוע מנסה להסביר להורה את מצב התרגול או את ההמלצה בצורה פשוטה.,"בונה דוח — כללי
לפני החלפה: hebrew: עברית","בונה דוח — כללי
אחרי החלפה (ללא שינוי מוצע): hebrew: עברית",high,Source may feed parent report — confirm render path
406,parent-report-hebrew-owner-review-09-rows-401-450.xlsx,PR-HE-02147,utils/parent-report-v2.js,804,report_builder,general,,,zero_data_moledet_geography_q0,המנוע מנסה להסביר להורה את מצב התרגול או את ההמלצה בצורה פשוטה.,"בונה דוח — כללי
לפני החלפה: hebrew: מולדת וגאוגרפיה","בונה דוח — כללי
אחרי החלפה (ללא שינוי מוצע): hebrew: מולדת וגאוגרפיה",high,Source may feed parent report — confirm render path
407,parent-report-hebrew-owner-review-09-rows-401-450.xlsx,PR-HE-02148,utils/parent-report-v2.js,812,report_builder,general,,,,המנוע מנסה להסביר להורה את מצב התרגול או את ההמלצה בצורה פשוטה.,"בונה דוח — כללי
לפני החלפה: מוגבלת","בונה דוח — כללי
אחרי החלפה (ללא שינוי מוצע): מוגבלת",high,Source may feed parent report — confirm render path
408,parent-report-hebrew-owner-review-09-rows-401-450.xlsx,PR-HE-02149,utils/parent-report-v2.js,812,report_builder,general,,,,המנוע מנסה להסביר להורה את מצב התרגול או את ההמלצה בצורה פשוטה.,"בונה דוח — כללי
לפני החלפה: בינונית","בונה דוח — כללי
אחרי החלפה (ללא שינוי מוצע): בינונית",high,Source may feed parent report — confirm render path
409,parent-report-hebrew-owner-review-09-rows-401-450.xlsx,PR-HE-02150,utils/parent-report-v2.js,812,report_builder,general,,,,המנוע מנסה להסביר להורה את מצב התרגול או את ההמלצה בצורה פשוטה.,"בונה דוח — כללי
לפני החלפה: טובה","בונה דוח — כללי
אחרי החלפה (ללא שינוי מוצע): טובה",high,Source may feed parent report — confirm render path
410,parent-report-hebrew-owner-review-09-rows-401-450.xlsx,PR-HE-02151,utils/parent-report-v2.js,815,report_builder,topic_card,,שברים,,המנוע מנסה להפוך את הנתונים להמלצה קצרה וברורה להורה.,"בונה דוח — כרטיס נושא | נושא לדוגמה: שברים
לפני החלפה: מידע מועט בנושא — כדאי להמשיך בתרגול לפני שקובעים כיוון חד־משמעי.","בונה דוח — כרטיס נושא | נושא לדוגמה: שברים
אחרי החלפה (ללא שינוי מוצע): מידע מועט בנושא — כדאי להמשיך בתרגול לפני שקובעים כיוון חד־משמעי.",medium,
411,parent-report-hebrew-owner-review-09-rows-401-450.xlsx,PR-HE-02155,utils/parent-report-v2.js,875,report_builder,general,,,,המנוע מנסה להסביר להורה את מצב התרגול או את ההמלצה בצורה פשוטה.,"בונה דוח — כללי
לפני החלפה: בתקופה שנבחרה: [נתון משתנה] שאלות, דיוק כ-[נתון משתנה]%.","בונה דוח — כללי
אחרי החלפה: בתקופה שנבחרה: … שאלות, דיוק כ-…%.",medium,
412,parent-report-hebrew-owner-review-09-rows-401-450.xlsx,PR-HE-02156,utils/parent-report-v2.js,882,report_builder,general,,,,המנוע מנסה להסביר איפה הופיע קושי בתרגול ומה כדאי לבדוק שוב.,"בונה דוח — כללי
לפני החלפה: נרשמו [נתון משתנה] טעויות רלוונטיות (מתוך [נתון משתנה] ניסיונות).","בונה דוח — כללי
אחרי החלפה: נרשמו … טעויות רלוונטיות (מתוך … ניסיונות).",medium,
413,parent-report-hebrew-owner-review-09-rows-401-450.xlsx,PR-HE-02157,utils/parent-report-v2.js,899,report_builder,general,,,,המנוע מנסה להסביר להורה את מצב התרגול או את ההמלצה בצורה פשוטה.,"בונה דוח — כללי
לפני החלפה: עד כמה הנתונים מבוססים כרגע: [נתון משתנה].","בונה דוח — כללי
אחרי החלפה: עד כמה הנתונים מבוססים כרגע: ….",medium,
414,parent-report-hebrew-owner-review-09-rows-401-450.xlsx,PR-HE-02158,utils/parent-report-v2.js,902,report_builder,general,,,,המנוע מנסה להסביר להורה את מצב התרגול או את ההמלצה בצורה פשוטה.,"בונה דוח — כללי
לפני החלפה: הדיוק השתפר לעומת התקופה הקודמת.","בונה דוח — כללי
אחרי החלפה (ללא שינוי מוצע): הדיוק השתפר לעומת התקופה הקודמת.",medium,Source may feed parent report — confirm render path
415,parent-report-hebrew-owner-review-09-rows-401-450.xlsx,PR-HE-02159,utils/parent-report-v2.js,903,report_builder,general,,,,"המנוע מזהה שבתקופה האחרונה היו פחות הצלחות, ורוצה שההורה ישים לב בלי להיבהל.","בונה דוח — כללי
לפני החלפה: הדיוק ירד לעומת התקופה הקודמת.","בונה דוח — כללי
אחרי החלפה (ללא שינוי מוצע): הדיוק ירד לעומת התקופה הקודמת.",medium,Source may feed parent report — confirm render path
416,parent-report-hebrew-owner-review-09-rows-401-450.xlsx,PR-HE-02160,utils/parent-report-v2.js,904,report_builder,general,,,,המנוע מנסה להסביר להורה את מצב התרגול או את ההמלצה בצורה פשוטה.,"בונה דוח — כללי
לפני החלפה: הדיוק דומה לתקופה הקודמת.","בונה דוח — כללי
אחרי החלפה (ללא שינוי מוצע): הדיוק דומה לתקופה הקודמת.",medium,Source may feed parent report — confirm render path
417,parent-report-hebrew-owner-review-09-rows-401-450.xlsx,PR-HE-02161,utils/parent-report-v2.js,907,report_builder,general,,,,"המנוע מזהה שבתקופה האחרונה היו פחות הצלחות, ורוצה שההורה ישים לב בלי להיבהל.","בונה דוח — כללי
לפני החלפה: בגלל מגמת ירידה בדיוק, ההמלצה כרגע זהירה יותר.","בונה דוח — כללי
לפני החלפה: בגלל מגמת ירידה בדיוק, ההמלצה כרגע זהירה יותר.",medium,no suggested replacement in owner-review row
418,parent-report-hebrew-owner-review-09-rows-401-450.xlsx,PR-HE-02162,utils/parent-report-v2.js,909,report_builder,general,,,,המנוע מנסה להפוך את הנתונים להמלצה קצרה וברורה להורה.,"בונה דוח — כללי
לפני החלפה: בגלל שיפור במגמה, ההמלצה רוככה לתרגול מתאים יותר.","בונה דוח — כללי
אחרי החלפה (ללא שינוי מוצע): בגלל שיפור במגמה, ההמלצה רוככה לתרגול מתאים יותר.",medium,
419,parent-report-hebrew-owner-review-09-rows-401-450.xlsx,PR-HE-02163,utils/parent-report-v2.js,913,report_builder,topic_card,,שברים,,המנוע מנסה להסביר להורה את מצב התרגול או את ההמלצה בצורה פשוטה.,"בונה דוח — כרטיס נושא | נושא לדוגמה: שברים
אזור בדוח: topic_card
לפני החלפה: הנושא קיבל עדיפות גבוהה יחסית ברשימת הפעולות.","בונה דוח — כרטיס נושא | נושא לדוגמה: שברים
אזור בדוח: topic_card
אחרי החלפה (ללא שינוי מוצע): הנושא קיבל עדיפות גבוהה יחסית ברשימת הפעולות.",medium,Source may feed parent report — confirm render path
420,parent-report-hebrew-owner-review-09-rows-401-450.xlsx,PR-HE-02166,utils/parent-report-v2.js,997,report_builder,topic_card,,שברים,weak_topic_math_q20,המנוע מנסה להסביר להורה את מצב התרגול או את ההמלצה בצורה פשוטה.,"בונה דוח — כרטיס נושא | נושא לדוגמה: שברים
אזור בדוח: topic_card
לפני החלפה: הנושא","בונה דוח — כרטיס נושא | נושא לדוגמה: שברים
אזור בדוח: topic_card
אחרי החלפה (ללא שינוי מוצע): הנושא",medium,Source may feed parent report — confirm render path
421,parent-report-hebrew-owner-review-09-rows-401-450.xlsx,PR-HE-02167,utils/parent-report-v2.js,1094,report_builder,topic_card,,שברים,weak_topic_math_q20,המנוע מנסה להסביר להורה את מצב התרגול או את ההמלצה בצורה פשוטה.,"בונה דוח — כרטיס נושא | נושא לדוגמה: שברים
אזור בדוח: topic_card
לפני החלפה: נושא","בונה דוח — כרטיס נושא | נושא לדוגמה: שברים
אזור בדוח: topic_card
אחרי החלפה (ללא שינוי מוצע): נושא",medium,Source may feed parent report — confirm render path
422,parent-report-hebrew-owner-review-09-rows-401-450.xlsx,PR-HE-02168,utils/parent-report-v2.js,1104,report_builder,general,,,,המנוע מנסה להסביר להורה את מצב התרגול או את ההמלצה בצורה פשוטה.,"בונה דוח — כללי
לפני החלפה: [נתון משתנה]: כ-[נתון משתנה] שאלות, דיוק [נתון משתנה]%","בונה דוח — כללי
אחרי החלפה: …: כ-… שאלות, דיוק …%",medium,
423,parent-report-hebrew-owner-review-09-rows-401-450.xlsx,PR-HE-02169,utils/parent-report-v2.js,1110,report_builder,general,,,,המנוע מנסה להסביר להורה את מצב התרגול או את ההמלצה בצורה פשוטה.,"בונה דוח — כללי
לפני החלפה: [נתון משתנה]: [נתון משתנה] שאלות, דיוק [נתון משתנה]%","בונה דוח — כללי
אחרי החלפה: …: … שאלות, דיוק …%",medium,
424,parent-report-hebrew-owner-review-09-rows-401-450.xlsx,PR-HE-02174,utils/parent-report-v2.js,1509,report_builder,data_health,,,,המנוע אומר שעדיין אין מספיק תרגול כדי להסיק מסקנה ברורה.,"בונה דוח — מצב נתונים
לפני החלפה: בנושא [נתון משתנה]: עדיין אין מספיק מה שרואים בשורות כדי לסגור תמונה ברורה.","בונה דוח — מצב נתונים
אחרי החלפה: בנושא …: עדיין אין מספיק מה שרואים בשורות כדי לסגור תמונה ברורה.",high,
425,parent-report-hebrew-owner-review-09-rows-401-450.xlsx,PR-HE-02177,utils/parent-report-v2.js,2017,report_builder,general,,,,המנוע מנסה להסביר להורה את מצב התרגול או את ההמלצה בצורה פשוטה.,"בונה דוח — כללי
לפני החלפה: חשבון: [נתון משתנה]","בונה דוח — כללי
אחרי החלפה: חשבון: …",medium,
426,parent-report-hebrew-owner-review-09-rows-401-450.xlsx,PR-HE-02178,utils/parent-report-v2.js,2021,report_builder,topic_card,,שברים,,המנוע מנסה להסביר להורה את מצב התרגול או את ההמלצה בצורה פשוטה.,"בונה דוח — כרטיס נושא | נושא לדוגמה: שברים
לפני החלפה: גאומטריה: [נתון משתנה]","בונה דוח — כרטיס נושא | נושא לדוגמה: שברים
אחרי החלפה: גאומטריה: …",medium,
427,parent-report-hebrew-owner-review-09-rows-401-450.xlsx,PR-HE-02179,utils/parent-report-v2.js,2024,report_builder,topic_card,,שברים,,המנוע מנסה להסביר להורה את מצב התרגול או את ההמלצה בצורה פשוטה.,"בונה דוח — כרטיס נושא | נושא לדוגמה: שברים
לפני החלפה: אנגלית: [נתון משתנה]","בונה דוח — כרטיס נושא | נושא לדוגמה: שברים
אחרי החלפה: אנגלית: …",medium,
428,parent-report-hebrew-owner-review-09-rows-401-450.xlsx,PR-HE-02180,utils/parent-report-v2.js,2027,report_builder,topic_card,,שברים,,המנוע מנסה להסביר להורה את מצב התרגול או את ההמלצה בצורה פשוטה.,"בונה דוח — כרטיס נושא | נושא לדוגמה: שברים
לפני החלפה: מדעים: [נתון משתנה]","בונה דוח — כרטיס נושא | נושא לדוגמה: שברים
אחרי החלפה: מדעים: …",medium,
429,parent-report-hebrew-owner-review-09-rows-401-450.xlsx,PR-HE-02181,utils/parent-report-v2.js,2030,report_builder,topic_card,,שברים,,המנוע מנסה להסביר להורה את מצב התרגול או את ההמלצה בצורה פשוטה.,"בונה דוח — כרטיס נושא | נושא לדוגמה: שברים
לפני החלפה: עברית: [נתון משתנה]","בונה דוח — כרטיס נושא | נושא לדוגמה: שברים
אחרי החלפה: עברית: …",medium,
430,parent-report-hebrew-owner-review-09-rows-401-450.xlsx,PR-HE-02182,utils/parent-report-v2.js,2035,report_builder,topic_card,,שברים,,המנוע מנסה להסביר להורה את מצב התרגול או את ההמלצה בצורה פשוטה.,"בונה דוח — כרטיס נושא | נושא לדוגמה: שברים
לפני החלפה: מולדת וגאוגרפיה: [נתון משתנה]","בונה דוח — כרטיס נושא | נושא לדוגמה: שברים
אחרי החלפה: מולדת וגאוגרפיה: …",medium,
431,parent-report-hebrew-owner-review-09-rows-401-450.xlsx,PR-HE-02183,utils/parent-report-v2.js,2044,report_builder,general,,,,המנוע מנסה להסביר להורה את מצב התרגול או את ההמלצה בצורה פשוטה.,"בונה דוח — כללי
לפני החלפה: חשבון: [נתון משתנה]","בונה דוח — כללי
אחרי החלפה: חשבון: …",medium,
432,parent-report-hebrew-owner-review-09-rows-401-450.xlsx,PR-HE-02184,utils/parent-report-v2.js,2048,report_builder,topic_card,,שברים,,המנוע מנסה להסביר להורה את מצב התרגול או את ההמלצה בצורה פשוטה.,"בונה דוח — כרטיס נושא | נושא לדוגמה: שברים
לפני החלפה: גאומטריה: [נתון משתנה]","בונה דוח — כרטיס נושא | נושא לדוגמה: שברים
אחרי החלפה: גאומטריה: …",medium,
433,parent-report-hebrew-owner-review-09-rows-401-450.xlsx,PR-HE-02185,utils/parent-report-v2.js,2051,report_builder,topic_card,,שברים,,המנוע מנסה להסביר להורה את מצב התרגול או את ההמלצה בצורה פשוטה.,"בונה דוח — כרטיס נושא | נושא לדוגמה: שברים
לפני החלפה: אנגלית: [נתון משתנה]","בונה דוח — כרטיס נושא | נושא לדוגמה: שברים
אחרי החלפה: אנגלית: …",medium,
434,parent-report-hebrew-owner-review-09-rows-401-450.xlsx,PR-HE-02186,utils/parent-report-v2.js,2054,report_builder,topic_card,,שברים,,המנוע מנסה להסביר להורה את מצב התרגול או את ההמלצה בצורה פשוטה.,"בונה דוח — כרטיס נושא | נושא לדוגמה: שברים
לפני החלפה: מדעים: [נתון משתנה]","בונה דוח — כרטיס נושא | נושא לדוגמה: שברים
אחרי החלפה: מדעים: …",medium,
435,parent-report-hebrew-owner-review-09-rows-401-450.xlsx,PR-HE-02187,utils/parent-report-v2.js,2057,report_builder,topic_card,,שברים,,המנוע מנסה להסביר להורה את מצב התרגול או את ההמלצה בצורה פשוטה.,"בונה דוח — כרטיס נושא | נושא לדוגמה: שברים
לפני החלפה: עברית: [נתון משתנה]","בונה דוח — כרטיס נושא | נושא לדוגמה: שברים
אחרי החלפה: עברית: …",medium,
436,parent-report-hebrew-owner-review-09-rows-401-450.xlsx,PR-HE-02188,utils/parent-report-v2.js,2062,report_builder,topic_card,,שברים,,המנוע מנסה להסביר להורה את מצב התרגול או את ההמלצה בצורה פשוטה.,"בונה דוח — כרטיס נושא | נושא לדוגמה: שברים
לפני החלפה: מולדת וגאוגרפיה: [נתון משתנה]","בונה דוח — כרטיס נושא | נושא לדוגמה: שברים
אחרי החלפה: מולדת וגאוגרפיה: …",medium,
437,parent-report-hebrew-owner-review-09-rows-401-450.xlsx,PR-HE-02189,utils/parent-report-v2.js,2364,report_builder,general,,,,המנוע מנסה להסביר להורה את מצב התרגול או את ההמלצה בצורה פשוטה.,"בונה דוח — כללי
לפני החלפה: חלק מהתרגול בוצע בכיתה שונה מהכיתה הרשומה, ולכן הוא מוצג בנפרד.","בונה דוח — כללי
אחרי החלפה (ללא שינוי מוצע): חלק מהתרגול בוצע בכיתה שונה מהכיתה הרשומה, ולכן הוא מוצג בנפרד.",medium,Source may feed parent report — confirm render path
438,parent-report-hebrew-owner-review-09-rows-401-450.xlsx,PR-HE-02215,utils/topic-next-step-engine.js,250,report_builder,general,,,,המנוע אומר שעדיין אין מספיק תרגול כדי להסיק מסקנה ברורה.,"בונה דוח — כללי
לפני החלפה: (הנתון עדיין חלקי — לא משנים כיתה או רמת קושי כרגע; כדאי לבסס באותה הגדרה ולאסוף עוד קצת תרגול.)","בונה דוח — כללי
אחרי החלפה (ללא שינוי מוצע): (הנתון עדיין חלקי — לא משנים כיתה או רמת קושי כרגע; כדאי לבסס באותה הגדרה ולאסוף עוד קצת תרגול.)",medium,Source may feed parent report — confirm render path
439,parent-report-hebrew-owner-review-09-rows-401-450.xlsx,PR-HE-02216,utils/topic-next-step-engine.js,280,report_builder,topic_card,,שברים,weak_topic_math_q20,המנוע מנסה להסביר להורה את מצב התרגול או את ההמלצה בצורה פשוטה.,"בונה דוח — כרטיס נושא | נושא לדוגמה: שברים
אזור בדוח: topic_card
לפני החלפה: נושא","בונה דוח — כרטיס נושא | נושא לדוגמה: שברים
אזור בדוח: topic_card
אחרי החלפה (ללא שינוי מוצע): נושא",medium,Source may feed parent report — confirm render path
440,parent-report-hebrew-owner-review-09-rows-401-450.xlsx,PR-HE-02217,utils/topic-next-step-engine.js,293,report_builder,general,,,,המנוע מנסה להסביר להורה את מצב התרגול או את ההמלצה בצורה פשוטה.,"בונה דוח — כללי
לפני החלפה: levelLabel: לא זמין","בונה דוח — כללי
אחרי החלפה (ללא שינוי מוצע): levelLabel: לא זמין",high,Source may feed parent report — confirm render path
441,parent-report-hebrew-owner-review-09-rows-401-450.xlsx,PR-HE-02218,utils/topic-next-step-engine.js,294,report_builder,general,,,,המנוע מנסה להסביר להורה את מצב התרגול או את ההמלצה בצורה פשוטה.,"בונה דוח — כללי
לפני החלפה: gradeLabel: לא זמין","בונה דוח — כללי
אחרי החלפה (ללא שינוי מוצע): gradeLabel: לא זמין",high,Source may feed parent report — confirm render path
442,parent-report-hebrew-owner-review-09-rows-401-450.xlsx,PR-HE-02220,utils/topic-next-step-engine.js,349,report_builder,general,,,,המנוע אומר שעדיין אין מספיק תרגול כדי להסיק מסקנה ברורה.,"בונה דוח — כללי
לפני החלפה: parentHe: ב«דני» יש עדיין מעט נתונים ([מספר שאלות] שאלות). המלצה להמשיך באותה רמת קושי, להוסיף שניים־שלושה תרגולים קצרים כדי שההמלצה הבאה תהיה מדויקת יותר.","בונה דוח — כללי
אחרי החלפה: parentHe: ב«…» יש עדיין אין מספיק נתוני תרגול (… שאלות). המלצה להמשיך באותה רמת קושי, להוסיף שניים־שלושה תרגולים קצרים כדי שההמלצה הבאה תהיה מדויקת יותר.",high,
443,parent-report-hebrew-owner-review-09-rows-401-450.xlsx,PR-HE-02222,utils/topic-next-step-engine.js,616,report_builder,topic_card,,שברים,weak_topic_math_q20,המנוע מנסה להסביר להורה את מצב התרגול או את ההמלצה בצורה פשוטה.,"בונה דוח — כרטיס נושא | נושא לדוגמה: שברים
אזור בדוח: topic_card
לפני החלפה: נושא","בונה דוח — כרטיס נושא | נושא לדוגמה: שברים
אזור בדוח: topic_card
אחרי החלפה (ללא שינוי מוצע): נושא",medium,Source may feed parent report — confirm render path
444,parent-report-hebrew-owner-review-09-rows-401-450.xlsx,PR-HE-02223,utils/topic-next-step-engine.js,624,report_builder,general,,,,המנוע מנסה להסביר להורה את מצב התרגול או את ההמלצה בצורה פשוטה.,"בונה דוח — כללי
לפני החלפה: levelLabel: לא זמין","בונה דוח — כללי
אחרי החלפה (ללא שינוי מוצע): levelLabel: לא זמין",high,Source may feed parent report — confirm render path
445,parent-report-hebrew-owner-review-09-rows-401-450.xlsx,PR-HE-02224,utils/topic-next-step-engine.js,625,report_builder,general,,,,המנוע מנסה להסביר להורה את מצב התרגול או את ההמלצה בצורה פשוטה.,"בונה דוח — כללי
לפני החלפה: gradeLabel: לא זמין","בונה דוח — כללי
אחרי החלפה (ללא שינוי מוצע): gradeLabel: לא זמין",high,Source may feed parent report — confirm render path
446,parent-report-hebrew-owner-review-09-rows-401-450.xlsx,PR-HE-02225,utils/topic-next-step-engine.js,639,report_builder,general,,,,המנוע מנסה להסביר להורה את מצב התרגול או את ההמלצה בצורה פשוטה.,"בונה דוח — כללי
לפני החלפה: [שלבים 2–7: [נתון משתנה]]","בונה דוח — כללי
אחרי החלפה: [שלבים 2–7: …]",high,
447,parent-report-hebrew-owner-review-09-rows-401-450.xlsx,PR-HE-02226,utils/topic-next-step-engine.js,1021,report_builder,general,,,,המנוע אומר שעדיין אין מספיק תרגול כדי להסיק מסקנה ברורה.,"בונה דוח — כללי
לפני החלפה: נשמר כלל זהירות — לא עושים שינוי גדול כשהמידע עדיין חלקי.","בונה דוח — כללי
אחרי החלפה (ללא שינוי מוצע): נשמר כלל זהירות — לא עושים שינוי גדול כשהמידע עדיין חלקי.",medium,Source may feed parent report — confirm render path
448,parent-report-hebrew-owner-review-09-rows-401-450.xlsx,PR-HE-02227,utils/topic-next-step-engine.js,1023,report_builder,general,,,,המנוע מנסה להפוך את הנתונים להמלצה קצרה וברורה להורה.,"בונה דוח — כללי
לפני החלפה: נקודה שכדאי לשים עליה לב: [נתון משתנה].","בונה דוח — כללי
אחרי החלפה: נקודה שכדאי לשים עליה לב: ….",medium,
449,parent-report-hebrew-owner-review-09-rows-401-450.xlsx,PR-HE-02228,utils/topic-next-step-engine.js,1027,report_builder,general,,,,המנוע מנסה להסביר להורה את מצב התרגול או את ההמלצה בצורה פשוטה.,"בונה דוח — כללי
לפני החלפה: הנתונים בתקופה שנבחרה מתחילים להתיישן — נשארים עם ניסוח זהיר יחסית.","בונה דוח — כללי
אחרי החלפה (ללא שינוי מוצע): הנתונים בתקופה שנבחרה מתחילים להתיישן — נשארים עם ניסוח זהיר יחסית.",medium,Source may feed parent report — confirm render path
450,parent-report-hebrew-owner-review-09-rows-401-450.xlsx,PR-HE-02229,utils/topic-next-step-engine.js,1080,report_builder,general,,,,המנוע מנסה להסביר להורה את מצב התרגול או את ההמלצה בצורה פשוטה.,"בונה דוח — כללי
לפני החלפה: לא מרחיבים שחרור","בונה דוח — כללי
אחרי החלפה (ללא שינוי מוצע): לא מרחיבים שחרור",medium,Source may feed parent report — confirm render path
451,parent-report-hebrew-owner-review-10-rows-451-500.xlsx,PR-HE-02230,utils/topic-next-step-engine.js,1082,report_builder,general,,,,המנוע מנסה להסביר איפה הופיע קושי בתרגול ומה כדאי לבדוק שוב.,"בונה דוח — כללי
לפני החלפה: כל עוד לא ברור מאיפה מתחיל הקושי — לא מפחיתים עזרה ולא מקדמים מהר מדי.","בונה דוח — כללי
אחרי החלפה (ללא שינוי מוצע): כל עוד לא ברור מאיפה מתחיל הקושי — לא מפחיתים עזרה ולא מקדמים מהר מדי.",medium,Source may feed parent report — confirm render path
452,parent-report-hebrew-owner-review-10-rows-451-500.xlsx,PR-HE-02231,utils/topic-next-step-engine.js,1329,report_builder,general,,,,המנוע מנסה להסביר להורה את מצב התרגול או את ההמלצה בצורה פשוטה.,"בונה דוח — כללי
לפני החלפה: מידע ברור יחסית","בונה דוח — כללי
אחרי החלפה (ללא שינוי מוצע): מידע ברור יחסית",medium,Source may feed parent report — confirm render path
453,parent-report-hebrew-owner-review-10-rows-451-500.xlsx,PR-HE-02232,utils/topic-next-step-engine.js,1331,report_builder,general,,,,המנוע אומר שעדיין אין מספיק תרגול כדי להסיק מסקנה ברורה.,"בונה דוח — כללי
לפני החלפה: מידע חלקי אך שימושי","בונה דוח — כללי
אחרי החלפה (ללא שינוי מוצע): מידע חלקי אך שימושי",medium,Source may feed parent report — confirm render path
454,parent-report-hebrew-owner-review-10-rows-451-500.xlsx,PR-HE-02233,utils/topic-next-step-engine.js,1332,report_builder,general,,,,המנוע אומר שעדיין אין מספיק תרגול כדי להסיק מסקנה ברורה.,"בונה דוח — כללי
לפני החלפה: מידע מצומצם","בונה דוח — כללי
אחרי החלפה (ללא שינוי מוצע): מידע מצומצם",high,
455,parent-report-hebrew-owner-review-10-rows-451-500.xlsx,PR-HE-02234,utils/topic-next-step-phase2.js,33,report_builder,topic_card,,שברים,,המנוע מנסה להסביר להורה את מצב התרגול או את ההמלצה בצורה פשוטה.,"בונה דוח — כרטיס נושא | נושא לדוגמה: שברים
אזור בדוח: topic_card
לפני החלפה: המשך תמיכה מדודה באותו נושא","בונה דוח — כרטיס נושא | נושא לדוגמה: שברים
אזור בדוח: topic_card
אחרי החלפה (ללא שינוי מוצע): המשך תמיכה מדודה באותו נושא",medium,Source may feed parent report — confirm render path
456,parent-report-hebrew-owner-review-10-rows-451-500.xlsx,PR-HE-02235,utils/topic-next-step-phase2.js,34,report_builder,general,,,,המנוע מנסה להסביר להורה את מצב התרגול או את ההמלצה בצורה פשוטה.,"בונה דוח — כללי
לפני החלפה: תמיכה מדודה ובדיקה חוזרת לפני שינוי נוסף","בונה דוח — כללי
אחרי החלפה (ללא שינוי מוצע): תמיכה מדודה ובדיקה חוזרת לפני שינוי נוסף",medium,Source may feed parent report — confirm render path
457,parent-report-hebrew-owner-review-10-rows-451-500.xlsx,PR-HE-02236,utils/topic-next-step-phase2.js,256,report_builder,general,,,,המנוע מנסה להסביר להורה את מצב התרגול או את ההמלצה בצורה פשוטה.,"בונה דוח — כללי
לפני החלפה: הילד עדיין נעזר ברמזים גבוהה — לא מקדמים רמה/כיתה אוטומטית.","בונה דוח — כללי
אחרי החלפה (ללא שינוי מוצע): הילד עדיין נעזר ברמזים גבוהה — לא מקדמים רמה/כיתה אוטומטית.",high,Source may feed parent report — confirm render path
458,parent-report-hebrew-owner-review-10-rows-451-500.xlsx,PR-HE-02237,utils/topic-next-step-phase2.js,265,report_builder,general,,,,המנוע מנסה להסביר להורה את מצב התרגול או את ההמלצה בצורה פשוטה.,"בונה דוח — home recommendations
לפני החלפה: ההצלחה עדיין לא תמיד נשמרת לבד — לא מתקדמים מהר לפני שרואים יותר עצמאות וחזרה עקבית של ההצלחה.","בונה דוח — home recommendations
אחרי החלפה (ללא שינוי מוצע): ההצלחה עדיין לא תמיד נשמרת לבד — לא מתקדמים מהר לפני שרואים יותר עצמאות וחזרה עקבית של ההצלחה.",high,
459,parent-report-hebrew-owner-review-10-rows-451-500.xlsx,PR-HE-02238,utils/topic-next-step-phase2.js,275,report_builder,topic_card,,שברים,,"המנוע מנסה לבדוק אם יש מספיק סימנים כדי להתקדם, אבל בלי למהר לפני שההצלחה יציבה.","בונה דוח — כרטיס נושא | נושא לדוגמה: שברים
אזור בדוח: topic_card
לפני החלפה: הילד מצליח בנושא הזה לאורך זמן — מקדמים רק כשיש מספיק תרגול והסיכון לקידום שווא נמוך.","בונה דוח — כרטיס נושא | נושא לדוגמה: שברים
אזור בדוח: topic_card
אחרי החלפה: הילד מצליח בנושא הזה לאורך זמן — מקדמים רק כשיש מספיק תרגול והסיכון להתקדמות מוקדמת מדי נמוך.",medium,Source may feed parent report — confirm render path
460,parent-report-hebrew-owner-review-10-rows-451-500.xlsx,PR-HE-02239,utils/topic-next-step-phase2.js,282,report_builder,general,,,,המנוע מנסה להסביר להורה את מצב התרגול או את ההמלצה בצורה פשוטה.,"בונה דוח — כללי
לפני החלפה: יש חשש שהתקדמות תהיה מוקדמת מדי — לא מקדמים עכשיו.","בונה דוח — כללי
אחרי החלפה (ללא שינוי מוצע): יש חשש שהתקדמות תהיה מוקדמת מדי — לא מקדמים עכשיו.",high,Source may feed parent report — confirm render path
461,parent-report-hebrew-owner-review-10-rows-451-500.xlsx,PR-HE-02241,utils/topic-next-step-phase2.js,308,report_builder,general,,,,המנוע מנסה להסביר להורה את מצב התרגול או את ההמלצה בצורה פשוטה.,"בונה דוח — כללי
לפני החלפה: הדיוק עולה, אבל הילד עדיין צריך יותר עזרה — לא מתקדמים מהר מדי.","בונה דוח — כללי
אחרי החלפה (ללא שינוי מוצע): הדיוק עולה, אבל הילד עדיין צריך יותר עזרה — לא מתקדמים מהר מדי.",high,Source may feed parent report — confirm render path
462,parent-report-hebrew-owner-review-10-rows-451-500.xlsx,PR-HE-02242,utils/topic-next-step-phase2.js,314,report_builder,general,,,,המנוע מנסה להסביר איפה הופיע קושי בתרגול ומה כדאי לבדוק שוב.,"בונה דוח — כללי
לפני החלפה: קושי שמופיע בעיקר תחת לחץ זמן — לא מורידים רמה/כיתה רק בגלל זה.","בונה דוח — כללי
אחרי החלפה (ללא שינוי מוצע): קושי שמופיע בעיקר תחת לחץ זמן — לא מורידים רמה/כיתה רק בגלל זה.",high,Source may feed parent report — confirm render path
463,parent-report-hebrew-owner-review-10-rows-451-500.xlsx,PR-HE-02244,utils/topic-next-step-phase2.js,326,report_builder,general,,,,"המנוע מזהה שבתקופה האחרונה היו פחות הצלחות, ורוצה שההורה ישים לב בלי להיבהל.","בונה דוח — כללי
לפני החלפה: דפוס רשלנות — מעדיפים חיזוק ברמה לפני ירידה.","בונה דוח — כללי
אחרי החלפה (ללא שינוי מוצע): דפוס רשלנות — מעדיפים חיזוק ברמה לפני ירידה.",high,Source may feed parent report — confirm render path
464,parent-report-hebrew-owner-review-10-rows-451-500.xlsx,PR-HE-02246,utils/topic-next-step-phase2.js,341,report_builder,general,,,,המנוע מנסה להסביר להורה את מצב התרגול או את ההמלצה בצורה פשוטה.,"בונה דוח — כללי
לפני החלפה: יש חשש לתרגול כבד מדי — עדיף חיזוק קצר וממוקד.","בונה דוח — כללי
אחרי החלפה (ללא שינוי מוצע): יש חשש לתרגול כבד מדי — עדיף חיזוק קצר וממוקד.",high,Source may feed parent report — confirm render path
465,parent-report-hebrew-owner-review-10-rows-451-500.xlsx,PR-HE-02247,utils/topic-next-step-phase2.js,348,report_builder,general,,,,"המנוע מזהה שבתקופה האחרונה היו פחות הצלחות, ורוצה שההורה ישים לב בלי להיבהל.","בונה דוח — כללי
לפני החלפה: אחרי קושי אחרון נראית ירידה — כדאי לבדוק בזהירות לפני שמורידים כיתה.","בונה דוח — כללי
אחרי החלפה (ללא שינוי מוצע): אחרי קושי אחרון נראית ירידה — כדאי לבדוק בזהירות לפני שמורידים כיתה.",high,Source may feed parent report — confirm render path
466,parent-report-hebrew-owner-review-10-rows-451-500.xlsx,PR-HE-02248,utils/topic-next-step-phase2.js,356,report_builder,general,,,,"המנוע מזהה שבתקופה האחרונה היו פחות הצלחות, ורוצה שההורה ישים לב בלי להיבהל.","בונה דוח — כללי
לפני החלפה: יש שיפור בקצב בלי ירידה בדיוק — לא מורידים רמה רק בגלל מהירות.","בונה דוח — כללי
אחרי החלפה (ללא שינוי מוצע): יש שיפור בקצב בלי ירידה בדיוק — לא מורידים רמה רק בגלל מהירות.",high,Source may feed parent report — confirm render path
467,parent-report-hebrew-owner-review-10-rows-451-500.xlsx,PR-HE-02249,utils/topic-next-step-phase2.js,362,report_builder,data_health,,,,המנוע אומר שעדיין אין מספיק תרגול כדי להסיק מסקנה ברורה.,"בונה דוח — מצב נתונים
לפני החלפה: אין מספיק מידע לשינוי גדול עכשיו.","בונה דוח — מצב נתונים
אחרי החלפה (ללא שינוי מוצע): אין מספיק מידע לשינוי גדול עכשיו.",high,
468,parent-report-hebrew-owner-review-10-rows-451-500.xlsx,PR-HE-02250,utils/topic-next-step-phase2.js,384,report_builder,general,,,,המנוע מנסה להסביר להורה את מצב התרגול או את ההמלצה בצורה פשוטה.,"בונה דוח — כללי
לפני החלפה: זוהה דפוס סיכון/שבריריות — מעדיפים חיזוק ממוקד באותה רמה על פני עבודה כללית בלבד.","בונה דוח — כללי
אחרי החלפה (ללא שינוי מוצע): זוהה דפוס סיכון/שבריריות — מעדיפים חיזוק ממוקד באותה רמה על פני עבודה כללית בלבד.",high,Source may feed parent report — confirm render path
469,parent-report-hebrew-owner-review-10-rows-451-500.xlsx,PR-HE-02251,utils/topic-next-step-phase2.js,449,report_builder,general,,,,המנוע אומר שעדיין אין מספיק תרגול כדי להסיק מסקנה ברורה.,"בונה דוח — כללי
לפני החלפה: הנתונים עדיין חלקיים או לא אחידים — לא מקדמים כיתה או רמת קושי כרגע.","בונה דוח — כללי
אחרי החלפה (ללא שינוי מוצע): הנתונים עדיין חלקיים או לא אחידים — לא מקדמים כיתה או רמת קושי כרגע.",high,Source may feed parent report — confirm render path
470,parent-report-hebrew-owner-review-10-rows-451-500.xlsx,PR-HE-02252,utils/topic-next-step-phase2.js,456,report_builder,data_health,,,,המנוע אומר שעדיין אין מספיק תרגול כדי להסיק מסקנה ברורה.,"בונה דוח — מצב נתונים
לפני החלפה: לא מורידים רמה או כיתה כשעדיין אין מספיק מידע — ממשיכים בחיזוק באותה רמה.","בונה דוח — מצב נתונים
אחרי החלפה (ללא שינוי מוצע): לא מורידים רמה או כיתה כשעדיין אין מספיק מידע — ממשיכים בחיזוק באותה רמה.",high,
471,parent-report-hebrew-owner-review-10-rows-451-500.xlsx,PR-HE-02253,utils/topic-next-step-phase2.js,465,report_builder,general,,,,המנוע מנסה להסביר איפה הופיע קושי בתרגול ומה כדאי לבדוק שוב.,"בונה דוח — כללי
לפני החלפה: אין עדיין מספיק מידע כדי להבין מאיפה הקושי מתחיל — לא מורידים רמה; ממשיכים בחיזוק מבוקר.","בונה דוח — כללי
אחרי החלפה (ללא שינוי מוצע): אין עדיין מספיק מידע כדי להבין מאיפה הקושי מתחיל — לא מורידים רמה; ממשיכים בחיזוק מבוקר.",high,Source may feed parent report — confirm render path
472,parent-report-hebrew-owner-review-10-rows-451-500.xlsx,PR-HE-02254,utils/topic-next-step-phase2.js,473,report_builder,general,,,,המנוע מנסה להסביר להורה את מצב התרגול או את ההמלצה בצורה פשוטה.,"בונה דוח — כללי
לפני החלפה: עדיין מוקדם להוריד רמה — קודם מנסים חיזוק קצר.","בונה דוח — כללי
אחרי החלפה (ללא שינוי מוצע): עדיין מוקדם להוריד רמה — קודם מנסים חיזוק קצר.",high,Source may feed parent report — confirm render path
473,parent-report-hebrew-owner-review-10-rows-451-500.xlsx,PR-HE-02260,utils/topic-next-step-phase2.js,563,report_builder,general,,,,המנוע מנסה לתת להורה פעולה פשוטה שאפשר לעשות בבית בלי לחץ.,"בונה דוח — כללי
לפני החלפה: לצבור עוד תרגול קצר באותה רמת קושי, עם דגש על דיוק ולא על קפיצת רמה.","בונה דוח — כללי
אחרי החלפה (ללא שינוי מוצע): לצבור עוד תרגול קצר באותה רמת קושי, עם דגש על דיוק ולא על קפיצת רמה.",medium,Source may feed parent report — confirm render path
474,parent-report-hebrew-owner-review-10-rows-451-500.xlsx,PR-HE-02261,utils/topic-next-step-phase2.js,565,report_builder,general,,,,המנוע מנסה להסביר איפה הופיע קושי בתרגול ומה כדאי לבדוק שוב.,"בונה דוח — כללי
לפני החלפה: אותה רמת קושי במצב רגוע — דיוק לפני מהירות.","בונה דוח — כללי
אחרי החלפה (ללא שינוי מוצע): אותה רמת קושי במצב רגוע — דיוק לפני מהירות.",medium,Source may feed parent report — confirm render path
475,parent-report-hebrew-owner-review-10-rows-451-500.xlsx,PR-HE-02262,utils/topic-next-step-phase2.js,567,report_builder,general,,,,המנוע מנסה להסביר להורה את מצב התרגול או את ההמלצה בצורה פשוטה.,"בונה דוח — כללי
לפני החלפה: לקרוא את ניסוח המשימה ביחד ואז לנסות לפני רמז נוסף.","בונה דוח — כללי
אחרי החלפה (ללא שינוי מוצע): לקרוא את ניסוח המשימה ביחד ואז לנסות לפני רמז נוסף.",medium,Source may feed parent report — confirm render path
476,parent-report-hebrew-owner-review-10-rows-451-500.xlsx,PR-HE-02263,utils/topic-next-step-phase2.js,569,report_builder,general,,,,המנוע מנסה להסביר להורה את מצב התרגול או את ההמלצה בצורה פשוטה.,"בונה דוח — כללי
לפני החלפה: להפחית בהדרגה את ההכוונה אחרי הצלחה קטנה ברורה.","בונה דוח — כללי
אחרי החלפה (ללא שינוי מוצע): להפחית בהדרגה את ההכוונה אחרי הצלחה קטנה ברורה.",medium,Source may feed parent report — confirm render path
477,parent-report-hebrew-owner-review-10-rows-451-500.xlsx,PR-HE-02264,utils/topic-next-step-phase2.js,571,report_builder,general,,,,המנוע מנסה להסביר איפה הופיע קושי בתרגול ומה כדאי לבדוק שוב.,"בונה דוח — כללי
לפני החלפה: לחזור על טעויות ספציפיות באותה רמה עד לייצוב.","בונה דוח — כללי
אחרי החלפה (ללא שינוי מוצע): לחזור על טעויות ספציפיות באותה רמה עד לייצוב.",medium,Source may feed parent report — confirm render path
478,parent-report-hebrew-owner-review-10-rows-451-500.xlsx,PR-HE-02265,utils/topic-next-step-phase2.js,573,report_builder,general,,,,המנוע מנסה להסביר להורה את מצב התרגול או את ההמלצה בצורה פשוטה.,"בונה דוח — כללי
לפני החלפה: עצירה קצרה לפני שליחה — בדיקה מול הניסוח.","בונה דוח — כללי
אחרי החלפה (ללא שינוי מוצע): עצירה קצרה לפני שליחה — בדיקה מול הניסוח.",medium,Source may feed parent report — confirm render path
479,parent-report-hebrew-owner-review-10-rows-451-500.xlsx,PR-HE-02266,utils/topic-next-step-phase2.js,574,report_builder,general,,,,המנוע מנסה להסביר להורה את מצב התרגול או את ההמלצה בצורה פשוטה.,"בונה דוח — כללי
לפני החלפה: להמשיך מפגשים קצרים כדי לחדד את התמונה.","בונה דוח — כללי
אחרי החלפה (ללא שינוי מוצע): להמשיך מפגשים קצרים כדי לחדד את התמונה.",high,Source may feed parent report — confirm render path
480,parent-report-hebrew-owner-review-10-rows-451-500.xlsx,PR-HE-02267,utils/topic-next-step-phase2.js,579,report_builder,general,,,,המנוע מנסה להסביר להורה את מצב התרגול או את ההמלצה בצורה פשוטה.,"בונה דוח — כללי
לפני החלפה: לפי התרגול האחרון, זה הכיוון שעולה כרגע.","בונה דוח — כללי
אחרי החלפה (ללא שינוי מוצע): לפי התרגול האחרון, זה הכיוון שעולה כרגע.",high,
481,parent-report-hebrew-owner-review-10-rows-451-500.xlsx,PR-HE-02268,utils/topic-next-step-phase2.js,579,report_builder,general,,,,המנוע מנסה להסביר להורה את מצב התרגול או את ההמלצה בצורה פשוטה.,"בונה דוח — כללי
לפני החלפה: לגבי «דני»: [נתון משתנה]","בונה דוח — כללי
אחרי החלפה: לגבי «…»: …",high,
482,parent-report-hebrew-owner-review-10-rows-451-500.xlsx,PR-HE-02269,utils/topic-next-step-phase2.js,580,report_builder,general,,,,המנוע מנסה להסביר להורה את מצב התרגול או את ההמלצה בצורה פשוטה.,"בונה דוח — כללי
לפני החלפה: הצעד שנבחר: [נתון משתנה].","בונה דוח — כללי
אחרי החלפה: הצעד שנבחר: ….",medium,
483,parent-report-hebrew-owner-review-10-rows-451-500.xlsx,PR-HE-02270,utils/topic-next-step-phase2.js,581,report_builder,general,,,,המנוע מנסה להסביר להורה את מצב התרגול או את ההמלצה בצורה פשוטה.,"בונה דוח — כללי
לפני החלפה: מה מומלץ לעשות עכשיו: [נתון משתנה].","בונה דוח — כללי
אחרי החלפה: מה מומלץ לעשות עכשיו: ….",medium,
484,parent-report-hebrew-owner-review-10-rows-451-500.xlsx,PR-HE-02271,utils/topic-next-step-phase2.js,582,report_builder,general,,,,המנוע מנסה להסביר להורה את מצב התרגול או את ההמלצה בצורה פשוטה.,"בונה דוח — כללי
לפני החלפה: נשמרו גם שיקולי זהירות.","בונה דוח — כללי
אחרי החלפה (ללא שינוי מוצע): נשמרו גם שיקולי זהירות.",medium,Source may feed parent report — confirm render path
485,parent-report-hebrew-owner-review-10-rows-451-500.xlsx,PR-HE-02272,utils/topic-next-step-phase2.js,583,report_builder,general,,,,המנוע מנסה להסביר להורה את מצב התרגול או את ההמלצה בצורה פשוטה.,"בונה דוח — כללי
לפני החלפה: הופעל הקשר מהירות.","בונה דוח — כללי
אחרי החלפה (ללא שינוי מוצע): הופעל הקשר מהירות.",medium,Source may feed parent report — confirm render path
486,parent-report-hebrew-owner-review-10-rows-451-500.xlsx,PR-HE-02273,utils/topic-next-step-phase2.js,584,report_builder,general,,,,המנוע מנסה להסביר להורה את מצב התרגול או את ההמלצה בצורה פשוטה.,"בונה דוח — כללי
לפני החלפה: ההצלחה עדיין לא יציבה לגמרי.","בונה דוח — כללי
אחרי החלפה (ללא שינוי מוצע): ההצלחה עדיין לא יציבה לגמרי.",medium,Source may feed parent report — confirm render path
487,parent-report-hebrew-owner-review-10-rows-451-500.xlsx,PR-HE-02274,utils/topic-next-step-phase2.js,586,report_builder,general,,,,המנוע מנסה להסביר להורה את מצב התרגול או את ההמלצה בצורה פשוטה.,"בונה דוח — כללי
לפני החלפה: הדפוס הנראה בביצוע: [נתון משתנה].","בונה דוח — כללי
אחרי החלפה: הדפוס הנראה בביצוע: ….",medium,
488,parent-report-hebrew-owner-review-10-rows-451-500.xlsx,PR-HE-02275,utils/topic-next-step-phase2.js,593,report_builder,general,,,,המנוע אומר שעדיין אין מספיק תרגול כדי להסיק מסקנה ברורה.,"בונה דוח — כללי
לפני החלפה: עוד שאלות בתקופה שנבחרה, כיוון ברור יותר בדיוק, ופחות צורך ברמזים — יעזרו להבין את התמונה טוב יותר.","בונה דוח — כללי
אחרי החלפה (ללא שינוי מוצע): עוד שאלות בתקופה שנבחרה, כיוון ברור יותר בדיוק, ופחות צורך ברמזים — יעזרו להבין את התמונה טוב יותר.",high,
489,parent-report-hebrew-owner-review-10-rows-451-500.xlsx,PR-HE-02276,utils/topic-next-step-phase2.js,598,report_builder,general,,,,המנוע מנסה להסביר להורה את מצב התרגול או את ההמלצה בצורה פשוטה.,"בונה דוח — כללי
לפני החלפה: אין סימן מיוחד שמחייב לעצור בשלב זה.","בונה דוח — כללי
אחרי החלפה (ללא שינוי מוצע): אין סימן מיוחד שמחייב לעצור בשלב זה.",medium,
490,parent-report-hebrew-owner-review-10-rows-451-500.xlsx,PR-HE-02277,utils/topic-next-step-phase2.js,599,report_builder,general,,,,המנוע מנסה להסביר להורה את מצב התרגול או את ההמלצה בצורה פשוטה.,"בונה דוח — כללי
לפני החלפה: כרגע שומרים על ניסוח זהיר בגלל היקף התרגול והמגמה.","בונה דוח — כללי
אחרי החלפה (ללא שינוי מוצע): כרגע שומרים על ניסוח זהיר בגלל היקף התרגול והמגמה.",high,Source may feed parent report — confirm render path
491,parent-report-hebrew-owner-review-10-rows-451-500.xlsx,PR-HE-02278,utils/topic-next-step-phase2.js,659,report_builder,topic_card,,שברים,,המנוע מנסה להסביר איפה הופיע קושי בתרגול ומה כדאי לבדוק שוב.,"בונה דוח — כרטיס נושא | נושא לדוגמה: שברים
אזור בדוח: topic_card
לפני החלפה: לחזור על אותה רמה בכמה תרגולים קצרים לפני שינוי רמת קושי או פתיחת נושא חדש.","בונה דוח — כרטיס נושא | נושא לדוגמה: שברים
אזור בדוח: topic_card
אחרי החלפה (ללא שינוי מוצע): לחזור על אותה רמה בכמה תרגולים קצרים לפני שינוי רמת קושי או פתיחת נושא חדש.",medium,Source may feed parent report — confirm render path
492,parent-report-hebrew-owner-review-10-rows-451-500.xlsx,PR-HE-02279,utils/topic-next-step-phase2.js,661,report_builder,general,,,,המנוע מנסה להסביר איפה הופיע קושי בתרגול ומה כדאי לבדוק שוב.,"בונה דוח — כללי
לפני החלפה: לסגור מעגל טעויות דומות באותה רמה לפני קפיצה קדימה.","בונה דוח — כללי
אחרי החלפה (ללא שינוי מוצע): לסגור מעגל טעויות דומות באותה רמה לפני קפיצה קדימה.",medium,Source may feed parent report — confirm render path
493,parent-report-hebrew-owner-review-10-rows-451-500.xlsx,PR-HE-02280,utils/topic-next-step-phase2.js,663,report_builder,general,,,,המנוע מנסה להסביר להורה את מצב התרגול או את ההמלצה בצורה פשוטה.,"בונה דוח — כללי
לפני החלפה: לצמצם הילד עדיין נעזר ברמזים לפני שמנסים רמה קשה יותר.","בונה דוח — כללי
אחרי החלפה (ללא שינוי מוצע): לצמצם הילד עדיין נעזר ברמזים לפני שמנסים רמה קשה יותר.",medium,Source may feed parent report — confirm render path
494,parent-report-hebrew-owner-review-10-rows-451-500.xlsx,PR-HE-02281,utils/topic-next-step-phase2.js,668,report_builder,general,,,,המנוע מנסה להסביר להורה את מצב התרגול או את ההמלצה בצורה פשוטה.,"בונה דוח — כללי
לפני החלפה: משימות קצרות בלי שעון — דיוק לפני מהירות.","בונה דוח — כללי
אחרי החלפה (ללא שינוי מוצע): משימות קצרות בלי שעון — דיוק לפני מהירות.",medium,Source may feed parent report — confirm render path
495,parent-report-hebrew-owner-review-10-rows-451-500.xlsx,PR-HE-02282,utils/topic-next-step-phase2.js,670,report_builder,general,,,,המנוע מנסה להסביר להורה את מצב התרגול או את ההמלצה בצורה פשוטה.,"בונה דוח — כללי
לפני החלפה: קריאה משותפת של המשימה וניסוח במילים פשוטות לפני חישוב.","בונה דוח — כללי
אחרי החלפה (ללא שינוי מוצע): קריאה משותפת של המשימה וניסוח במילים פשוטות לפני חישוב.",medium,Source may feed parent report — confirm render path
496,parent-report-hebrew-owner-review-10-rows-451-500.xlsx,PR-HE-02283,utils/topic-next-step-phase2.js,672,report_builder,general,,,,המנוע מנסה להסביר להורה את מצב התרגול או את ההמלצה בצורה פשוטה.,"בונה דוח — כללי
לפני החלפה: ניסיון עצמאי קצר ואז השוואה יחד — בלי לבטל עזרה פתאום.","בונה דוח — כללי
אחרי החלפה (ללא שינוי מוצע): ניסיון עצמאי קצר ואז השוואה יחד — בלי לבטל עזרה פתאום.",medium,Source may feed parent report — confirm render path
497,parent-report-hebrew-owner-review-10-rows-451-500.xlsx,PR-HE-02284,utils/topic-next-step-phase2.js,674,report_builder,general,,,,המנוע מנסה להסביר איפה הופיע קושי בתרגול ומה כדאי לבדוק שוב.,"בונה דוח — כללי
לפני החלפה: חזרה על טעות טיפוסית עם הסבר מושגי אחד בכל מפגש.","בונה דוח — כללי
אחרי החלפה (ללא שינוי מוצע): חזרה על טעות טיפוסית עם הסבר מושגי אחד בכל מפגש.",medium,Source may feed parent report — confirm render path
498,parent-report-hebrew-owner-review-10-rows-451-500.xlsx,PR-HE-02285,utils/topic-next-step-phase2.js,676,report_builder,general,,,,המנוע מנסה להסביר להורה את מצב התרגול או את ההמלצה בצורה פשוטה.,"בונה דוח — כללי
לפני החלפה: לכתוב סדר פעולות על טיוטה ולעבור צעד־אחר־צעד.","בונה דוח — כללי
אחרי החלפה (ללא שינוי מוצע): לכתוב סדר פעולות על טיוטה ולעבור צעד־אחר־צעד.",medium,Source may feed parent report — confirm render path
499,parent-report-hebrew-owner-review-10-rows-451-500.xlsx,PR-HE-02286,utils/topic-next-step-phase2.js,678,report_builder,general,,,,המנוע מנסה להסביר איפה הופיע קושי בתרגול ומה כדאי לבדוק שוב.,"בונה דוח — כללי
לפני החלפה: לתעד 2–3 מפגשים קצרים באותה רמה לפני שמזקקים סוג טעות.","בונה דוח — כללי
אחרי החלפה (ללא שינוי מוצע): לתעד 2–3 מפגשים קצרים באותה רמה לפני שמזקקים סוג טעות.",medium,Source may feed parent report — confirm render path
500,parent-report-hebrew-owner-review-10-rows-451-500.xlsx,PR-HE-02287,utils/topic-next-step-phase2.js,683,report_builder,general,,,,המנוע מנסה לתת להורה פעולה פשוטה שאפשר לעשות בבית בלי לחץ.,"בונה דוח — כללי
לפני החלפה: תרגול קצר וחוזר — בלי ציפייה להעברה מהירה.","בונה דוח — כללי
אחרי החלפה (ללא שינוי מוצע): תרגול קצר וחוזר — בלי ציפייה להעברה מהירה.",medium,Source may feed parent report — confirm render path
501,parent-report-hebrew-owner-review-11-rows-501-550.xlsx,PR-HE-02288,utils/topic-next-step-phase2.js,685,report_builder,general,,,,המנוע מנסה להסביר להורה את מצב התרגול או את ההמלצה בצורה פשוטה.,"בונה דוח — כללי
לפני החלפה: לשמור על אותו אופן תרגול שבוע נוסף ולבחון שיפור קטן.","בונה דוח — כללי
אחרי החלפה (ללא שינוי מוצע): לשמור על אותו אופן תרגול שבוע נוסף ולבחון שיפור קטן.",medium,Source may feed parent report — confirm render path
502,parent-report-hebrew-owner-review-11-rows-501-550.xlsx,PR-HE-02289,utils/topic-next-step-phase2.js,687,report_builder,general,,,,המנוע מנסה להסביר להורה את מצב התרגול או את ההמלצה בצורה פשוטה.,"בונה דוח — כללי
לפני החלפה: לשמור על אותו קצב; לשבח התמדה לפני שמוסיפים משתנה.","בונה דוח — כללי
אחרי החלפה (ללא שינוי מוצע): לשמור על אותו קצב; לשבח התמדה לפני שמוסיפים משתנה.",medium,Source may feed parent report — confirm render path
503,parent-report-hebrew-owner-review-11-rows-501-550.xlsx,PR-HE-02290,utils/topic-next-step-phase2.js,689,report_builder,general,,,,המנוע מנסה להסביר להורה את מצב התרגול או את ההמלצה בצורה פשוטה.,"בונה דוח — כללי
לפני החלפה: לחזק חזרה על אותה רמה — השימור עדיין שביר.","בונה דוח — כללי
אחרי החלפה (ללא שינוי מוצע): לחזק חזרה על אותה רמה — השימור עדיין שביר.",medium,Source may feed parent report — confirm render path
504,parent-report-hebrew-owner-review-11-rows-501-550.xlsx,PR-HE-02291,utils/topic-next-step-phase2.js,691,report_builder,general,,,,המנוע מנסה להסביר להורה את מצב התרגול או את ההמלצה בצורה פשוטה.,"בונה דוח — כללי
לפני החלפה: לפשט משימה ולקצר מפגש עד שיתייצב דיוק.","בונה דוח — כללי
אחרי החלפה (ללא שינוי מוצע): לפשט משימה ולקצר מפגש עד שיתייצב דיוק.",medium,Source may feed parent report — confirm render path
505,parent-report-hebrew-owner-review-11-rows-501-550.xlsx,PR-HE-02292,utils/topic-next-step-phase2.js,693,report_builder,topic_card,,שברים,,המנוע מנסה להסביר להורה את מצב התרגול או את ההמלצה בצורה פשוטה.,"בונה דוח — כרטיס נושא | נושא לדוגמה: שברים
אזור בדוח: topic_card
לפני החלפה: אפשר ניסוי קטן בתוך הנושא עם בדיקה מהירה בסוף.","בונה דוח — כרטיס נושא | נושא לדוגמה: שברים
אזור בדוח: topic_card
אחרי החלפה (ללא שינוי מוצע): אפשר ניסוי קטן בתוך הנושא עם בדיקה מהירה בסוף.",medium,Source may feed parent report — confirm render path
506,parent-report-hebrew-owner-review-11-rows-501-550.xlsx,PR-HE-02293,utils/topic-next-step-phase2.js,695,report_builder,general,,,,המנוע מנסה להסביר להורה את מצב התרגול או את ההמלצה בצורה פשוטה.,"בונה דוח — כללי
לפני החלפה: לא לסכם מגמה ארוכה עדיין — לבדוק שוב אחרי עוד קצת תרגול.","בונה דוח — כללי
אחרי החלפה (ללא שינוי מוצע): לא לסכם מגמה ארוכה עדיין — לבדוק שוב אחרי עוד קצת תרגול.",medium,Source may feed parent report — confirm render path
507,parent-report-hebrew-owner-review-11-rows-501-550.xlsx,PR-HE-02294,utils/topic-next-step-phase2.js,755,report_builder,data_health,,,,המנוע אומר שעדיין אין מספיק תרגול כדי להסיק מסקנה ברורה.,"בונה דוח — מצב נתונים
לפני החלפה: עדיין אין מספיק בסיס לדעת אם התמיכה מחזיקה את ההתקדמות — לא לסגור מוקדם מדי.","בונה דוח — מצב נתונים
אחרי החלפה (ללא שינוי מוצע): עדיין אין מספיק בסיס לדעת אם התמיכה מחזיקה את ההתקדמות — לא לסגור מוקדם מדי.",medium,
508,parent-report-hebrew-owner-review-11-rows-501-550.xlsx,PR-HE-02295,utils/topic-next-step-phase2.js,759,report_builder,general,,,,המנוע מנסה לתת להורה פעולה פשוטה שאפשר לעשות בבית בלי לחץ.,"בונה דוח — כללי
לפני החלפה: להמשיך באותו סוג תרגול קצר וקבוע — זה מה שנראה שעובד כרגע, ולבדוק את הדיוק אחרי כל מפגש.","בונה דוח — כללי
אחרי החלפה (ללא שינוי מוצע): להמשיך באותו סוג תרגול קצר וקבוע — זה מה שנראה שעובד כרגע, ולבדוק את הדיוק אחרי כל מפגש.",medium,Source may feed parent report — confirm render path
509,parent-report-hebrew-owner-review-11-rows-501-550.xlsx,PR-HE-02296,utils/topic-next-step-phase2.js,763,report_builder,general,,,,המנוע מנסה להסביר להורה את מצב התרגול או את ההמלצה בצורה פשוטה.,"בונה דוח — כללי
לפני החלפה: התמונה לא משתפרת מספיק עם אותה נוסחה — לדייק מיקוד או לשנות כיוון, לא לחזור על אותו טקסט בלי שינוי.","בונה דוח — כללי
אחרי החלפה (ללא שינוי מוצע): התמונה לא משתפרת מספיק עם אותה נוסחה — לדייק מיקוד או לשנות כיוון, לא לחזור על אותו טקסט בלי שינוי.",medium,
510,parent-report-hebrew-owner-review-11-rows-501-550.xlsx,PR-HE-02297,utils/topic-next-step-phase2.js,767,report_builder,general,,,,המנוע מנסה להסביר להורה את מצב התרגול או את ההמלצה בצורה פשוטה.,"בונה דוח — כללי
לפני החלפה: ההצלחה בעיקר עם הכוונה — עדיין לא נכון להסיק שליטה מלאה בלי תמיכה.","בונה דוח — כללי
אחרי החלפה (ללא שינוי מוצע): ההצלחה בעיקר עם הכוונה — עדיין לא נכון להסיק שליטה מלאה בלי תמיכה.",medium,Source may feed parent report — confirm render path
511,parent-report-hebrew-owner-review-11-rows-501-550.xlsx,PR-HE-02298,utils/topic-next-step-phase2.js,769,report_builder,general,,,,המנוע מנסה להסביר איפה הופיע קושי בתרגול ומה כדאי לבדוק שוב.,"בונה דוח — כללי
לפני החלפה: לשמור על אותה רמת קושי, ולנסות קטע קצר יותר עם פחות הכוונה באמצע — רק אם זה נשאר נוח.","בונה דוח — כללי
אחרי החלפה (ללא שינוי מוצע): לשמור על אותה רמת קושי, ולנסות קטע קצר יותר עם פחות הכוונה באמצע — רק אם זה נשאר נוח.",medium,Source may feed parent report — confirm render path
512,parent-report-hebrew-owner-review-11-rows-501-550.xlsx,PR-HE-02299,utils/topic-next-step-phase2.js,773,report_builder,general,,,,המנוע מנסה להסביר איפה הופיע קושי בתרגול ומה כדאי לבדוק שוב.,"בונה דוח — כללי
לפני החלפה: המידע פחות עדכני — לא להסתמך עליו לבד לפני שמעלים קושי או משנים כיוון.","בונה דוח — כללי
אחרי החלפה (ללא שינוי מוצע): המידע פחות עדכני — לא להסתמך עליו לבד לפני שמעלים קושי או משנים כיוון.",medium,
513,parent-report-hebrew-owner-review-11-rows-501-550.xlsx,PR-HE-02300,utils/topic-next-step-phase2.js,776,report_builder,general,,,,המנוע מנסה להסביר להורה את מצב התרגול או את ההמלצה בצורה פשוטה.,"בונה דוח — כללי
לפני החלפה: תגובה מעורבת לתמיכה — חלק מתקדם, חלק עדיין תלוי; לדייק מבנה קצר.","בונה דוח — כללי
אחרי החלפה (ללא שינוי מוצע): תגובה מעורבת לתמיכה — חלק מתקדם, חלק עדיין תלוי; לדייק מבנה קצר.",medium,Source may feed parent report — confirm render path
514,parent-report-hebrew-owner-review-11-rows-501-550.xlsx,PR-HE-02301,utils/topic-next-step-phase2.js,838,report_builder,general,,,,המנוע מנסה להסביר להורה את מצב התרגול או את ההמלצה בצורה פשוטה.,"בונה דוח — כללי
לפני החלפה: עדיף לא לחזור על אותו סוג תרגול בלי בדיקה מחודשת — אחרת זה נשמע חדש אבל לא באמת משתנה.","בונה דוח — כללי
אחרי החלפה (ללא שינוי מוצע): עדיף לא לחזור על אותו סוג תרגול בלי בדיקה מחודשת — אחרת זה נשמע חדש אבל לא באמת משתנה.",medium,Source may feed parent report — confirm render path
515,parent-report-hebrew-owner-review-11-rows-501-550.xlsx,PR-HE-02302,utils/topic-next-step-phase2.js,841,report_builder,general,,,,המנוע מנסה להסביר להורה את מצב התרגול או את ההמלצה בצורה פשוטה.,"בונה דוח — כללי
לפני החלפה: יש שינוי קטן בכיוון או במטרה — לא רק עוד סיבוב על אותו ניסוח.","בונה דוח — כללי
אחרי החלפה (ללא שינוי מוצע): יש שינוי קטן בכיוון או במטרה — לא רק עוד סיבוב על אותו ניסוח.",medium,
516,parent-report-hebrew-owner-review-11-rows-501-550.xlsx,PR-HE-02303,utils/topic-next-step-phase2.js,845,report_builder,general,,,,המנוע מנסה להסביר להורה את מצב התרגול או את ההמלצה בצורה פשוטה.,"בונה דוח — כללי
לפני החלפה: לפני הפחתת עזרה מלאה: שני מפגשים קצרים עם הצלחה קטנה בלי הכוונה באמצע, ואז בדיקה קצרה בסוף.","בונה דוח — כללי
אחרי החלפה (ללא שינוי מוצע): לפני הפחתת עזרה מלאה: שני מפגשים קצרים עם הצלחה קטנה בלי הכוונה באמצע, ואז בדיקה קצרה בסוף.",medium,Source may feed parent report — confirm render path
517,parent-report-hebrew-owner-review-11-rows-501-550.xlsx,PR-HE-02304,utils/topic-next-step-phase2.js,849,report_builder,general,,,,המנוע מנסה להסביר איפה הופיע קושי בתרגול ומה כדאי לבדוק שוב.,"בונה דוח — כללי
לפני החלפה: סימני הצלחה: דיוק שנשמר באותה רמה ופחות טעויות חוזרות מאותו סוג — גם אם עדיין עם ליווי.","בונה דוח — כללי
אחרי החלפה (ללא שינוי מוצע): סימני הצלחה: דיוק שנשמר באותה רמה ופחות טעויות חוזרות מאותו סוג — גם אם עדיין עם ליווי.",medium,Source may feed parent report — confirm render path
518,parent-report-hebrew-owner-review-11-rows-501-550.xlsx,PR-HE-02305,utils/topic-next-step-phase2.js,853,report_builder,general,,,,המנוע מנסה להסביר להורה את מצב התרגול או את ההמלצה בצורה פשוטה.,"בונה דוח — כללי
לפני החלפה: סימן שאפשר להפחית מעט עזרה: העצמאות קצת עולה או שיש הצלחה קצרה בלי עזרה באמצע — עדיין לא לבד לגמרי, אבל בכיוון טוב.","בונה דוח — כללי
אחרי החלפה (ללא שינוי מוצע): סימן שאפשר להפחית מעט עזרה: העצמאות קצת עולה או שיש הצלחה קצרה בלי עזרה באמצע — עדיין לא לבד לגמרי, אבל בכיוון טוב.",medium,
519,parent-report-hebrew-owner-review-11-rows-501-550.xlsx,PR-HE-02306,utils/topic-next-step-phase2.js,949,report_builder,general,,,,המנוע מנסה לתת להורה פעולה פשוטה שאפשר לעשות בבית בלי לחץ.,"בונה דוח — home recommendations
לפני החלפה: מה שנעשה בבית מתיישר עם מה שניסינו לשפר — אפשר להמשיך בזהירות, בלי להחליף הכל בבת אחת.","בונה דוח — home recommendations
אחרי החלפה (ללא שינוי מוצע): מה שנעשה בבית מתיישר עם מה שניסינו לשפר — אפשר להמשיך בזהירות, בלי להחליף הכל בבת אחת.",medium,
520,parent-report-hebrew-owner-review-11-rows-501-550.xlsx,PR-HE-02307,utils/topic-next-step-phase2.js,953,report_builder,general,,,,המנוע מנסה להסביר להורה את מצב התרגול או את ההמלצה בצורה פשוטה.,"בונה דוח — כללי
לפני החלפה: המטרה הייתה ברורה, אבל בפועל עדיין אין התאמה מספקת לציפייה — לעצור ולבדוק לפני עוד אותו סיבוב.","בונה דוח — כללי
אחרי החלפה (ללא שינוי מוצע): המטרה הייתה ברורה, אבל בפועל עדיין אין התאמה מספקת לציפייה — לעצור ולבדוק לפני עוד אותו סיבוב.",medium,Source may feed parent report — confirm render path
521,parent-report-hebrew-owner-review-11-rows-501-550.xlsx,PR-HE-02308,utils/topic-next-step-phase2.js,957,report_builder,general,,,,המנוע מנסה להסביר להורה את מצב התרגול או את ההמלצה בצורה פשוטה.,"בונה דוח — כללי
לפני החלפה: בלי לבנות על ניחוש: שני מפגשים קצרים עם רישום קטן בסוף — מה הצליח בלי עזרה באמצע.","בונה דוח — כללי
אחרי החלפה (ללא שינוי מוצע): בלי לבנות על ניחוש: שני מפגשים קצרים עם רישום קטן בסוף — מה הצליח בלי עזרה באמצע.",medium,Source may feed parent report — confirm render path
522,parent-report-hebrew-owner-review-11-rows-501-550.xlsx,PR-HE-02309,utils/topic-next-step-phase2.js,960,report_builder,general,,,,המנוע מנסה לתת להורה פעולה פשוטה שאפשר לעשות בבית בלי לחץ.,"בונה דוח — כללי
לפני החלפה: להשאיר את אותו שלד תרגול קצר, ורק לדייק מטרה או טיימינג — בלי להחליף הכל.","בונה דוח — כללי
אחרי החלפה (ללא שינוי מוצע): להשאיר את אותו שלד תרגול קצר, ורק לדייק מטרה או טיימינג — בלי להחליף הכל.",medium,Source may feed parent report — confirm render path
523,parent-report-hebrew-owner-review-11-rows-501-550.xlsx,PR-HE-02310,utils/topic-next-step-phase2.js,1023,report_builder,general,,,,המנוע מנסה להסביר להורה את מצב התרגול או את ההמלצה בצורה פשוטה.,"בונה דוח — כללי
לפני החלפה: לפני שמפחיתים עזרה: שני מפגשים קצרים עם הצלחה בסוף בלי הכוונה באמצע — עדיין לא עצמאות מלאה.","בונה דוח — כללי
אחרי החלפה (ללא שינוי מוצע): לפני שמפחיתים עזרה: שני מפגשים קצרים עם הצלחה בסוף בלי הכוונה באמצע — עדיין לא עצמאות מלאה.",medium,Source may feed parent report — confirm render path
524,parent-report-hebrew-owner-review-11-rows-501-550.xlsx,PR-HE-02311,utils/topic-next-step-phase2.js,1025,report_builder,general,,,,המנוע מנסה להסביר איפה הופיע קושי בתרגול ומה כדאי לבדוק שוב.,"בונה דוח — כללי
לפני החלפה: לפני קפיצת רמה: הצלחה שחוזרת באותה רמת קושי, סיכון שימור לא גבוה, ונתון עדכני.","בונה דוח — כללי
אחרי החלפה (ללא שינוי מוצע): לפני קפיצת רמה: הצלחה שחוזרת באותה רמת קושי, סיכון שימור לא גבוה, ונתון עדכני.",medium,Source may feed parent report — confirm render path
525,parent-report-hebrew-owner-review-11-rows-501-550.xlsx,PR-HE-02312,utils/topic-next-step-phase2.js,1027,report_builder,general,,,,המנוע מנסה להסביר להורה את מצב התרגול או את ההמלצה בצורה פשוטה.,"בונה דוח — כללי
לפני החלפה: אם גם בסבב הבא אותו דפוס בלי שיפור — לעבור לכיוון מעט שונה, לא עוד אותה חזרה.","בונה דוח — כללי
אחרי החלפה (ללא שינוי מוצע): אם גם בסבב הבא אותו דפוס בלי שיפור — לעבור לכיוון מעט שונה, לא עוד אותה חזרה.",medium,
526,parent-report-hebrew-owner-review-11-rows-501-550.xlsx,PR-HE-02314,utils/topic-next-step-phase2.js,1032,report_builder,general,,,,המנוע מנסה להסביר להורה את מצב התרגול או את ההמלצה בצורה פשוטה.,"בונה דוח — כללי
לפני החלפה: מפגש קצר עם רישום קטן בסוף — מה הצליח בפועל.","בונה דוח — כללי
אחרי החלפה (ללא שינוי מוצע): מפגש קצר עם רישום קטן בסוף — מה הצליח בפועל.",high,Source may feed parent report — confirm render path
527,parent-report-hebrew-owner-review-11-rows-501-550.xlsx,PR-HE-02316,utils/topic-next-step-phase2.js,1097,report_builder,general,,,,המנוע מנסה להסביר להורה את מצב התרגול או את ההמלצה בצורה פשוטה.,"בונה דוח — כללי
לפני החלפה: להחמיר מיקוד רק אחרי שבוע עם 2–3 מפגשים קצרים שבהם הדיוק נשמר.","בונה דוח — כללי
אחרי החלפה (ללא שינוי מוצע): להחמיר מיקוד רק אחרי שבוע עם 2–3 מפגשים קצרים שבהם הדיוק נשמר.",medium,Source may feed parent report — confirm render path
528,parent-report-hebrew-owner-review-11-rows-501-550.xlsx,PR-HE-02317,utils/topic-next-step-phase2.js,1099,report_builder,general,,,,המנוע מנסה להסביר להורה את מצב התרגול או את ההמלצה בצורה פשוטה.,"בונה דוח — כללי
לפני החלפה: להוסיף מעט לחץ זמן רק אחרי שני מפגשים רצופים עם דיוק שנשמר באותה רמה.","בונה דוח — כללי
אחרי החלפה (ללא שינוי מוצע): להוסיף מעט לחץ זמן רק אחרי שני מפגשים רצופים עם דיוק שנשמר באותה רמה.",medium,Source may feed parent report — confirm render path
529,parent-report-hebrew-owner-review-11-rows-501-550.xlsx,PR-HE-02318,utils/topic-next-step-phase2.js,1100,report_builder,general,,,,המנוע מנסה להסביר איפה הופיע קושי בתרגול ומה כדאי לבדוק שוב.,"בונה דוח — כללי
לפני החלפה: להוסיף עומס רק אם שני מפגשים רצופים מראים שיפור בדיוק או בפחות טעויות חוזרות.","בונה דוח — כללי
אחרי החלפה (ללא שינוי מוצע): להוסיף עומס רק אם שני מפגשים רצופים מראים שיפור בדיוק או בפחות טעויות חוזרות.",high,Source may feed parent report — confirm render path
530,parent-report-hebrew-owner-review-11-rows-501-550.xlsx,PR-HE-02319,utils/topic-next-step-phase2.js,1103,report_builder,general,,,,"המנוע מזהה שבתקופה האחרונה היו פחות הצלחות, ורוצה שההורה ישים לב בלי להיבהל.","בונה דוח — כללי
לפני החלפה: התנגדות חזקה או ירידה בדיוק — לחזור למפגש קצר יותר ולפשט את המשימה לשבוע.","בונה דוח — כללי
אחרי החלפה (ללא שינוי מוצע): התנגדות חזקה או ירידה בדיוק — לחזור למפגש קצר יותר ולפשט את המשימה לשבוע.",medium,Source may feed parent report — confirm render path
531,parent-report-hebrew-owner-review-11-rows-501-550.xlsx,PR-HE-02327,utils/topic-next-step-phase2.js,1198,report_builder,data_health,,,,המנוע אומר שעדיין אין מספיק תרגול כדי להסיק מסקנה ברורה.,"בונה דוח — מצב נתונים
לפני החלפה: מידע חלקי בלבד","בונה דוח — מצב נתונים
אחרי החלפה (ללא שינוי מוצע): מידע חלקי בלבד",medium,
532,parent-report-hebrew-owner-review-11-rows-501-550.xlsx,PR-HE-00022,components/parent-report-detailed-surface.jsx,43,detailed_report,general,,,,המנוע מנסה להפוך את הנתונים להמלצה קצרה וברורה להורה.,"דוח מפורט — home recommendations
לפני החלפה: ready: מוכנים לשלב הבא","דוח מפורט — home recommendations
אחרי החלפה (ללא שינוי מוצע): ready: מוכנים לשלב הבא",high,
533,parent-report-hebrew-owner-review-11-rows-501-550.xlsx,PR-HE-00025,components/parent-report-detailed-surface.jsx,100,detailed_report,data_health,,,,המנוע מנסה להסביר להורה את מצב התרגול או את ההמלצה בצורה פשוטה.,"דוח מפורט — מצב נתונים
לפני החלפה: אין נתונים להצגה.","דוח מפורט — מצב נתונים
אחרי החלפה (ללא שינוי מוצע): אין נתונים להצגה.",high,
534,parent-report-hebrew-owner-review-11-rows-501-550.xlsx,PR-HE-00180,pages/learning/parent-report-detailed.js,89,detailed_report,data_health,,,,המנוע מנסה להסביר להורה את מצב התרגול או את ההמלצה בצורה פשוטה.,"דוח מפורט — מצב נתונים
לפני החלפה: אין נתונים להצגה.","דוח מפורט — מצב נתונים
אחרי החלפה (ללא שינוי מוצע): אין נתונים להצגה.",high,
535,parent-report-hebrew-owner-review-11-rows-501-550.xlsx,PR-HE-00181,pages/learning/parent-report-detailed.js,111,detailed_report,data_health,,,,המנוע מנסה להסביר להורה את מצב התרגול או את ההמלצה בצורה פשוטה.,"דוח מפורט — מצב נתונים
לפני החלפה: אין נתונים להצגה.","דוח מפורט — מצב נתונים
אחרי החלפה (ללא שינוי מוצע): אין נתונים להצגה.",high,
536,parent-report-hebrew-owner-review-11-rows-501-550.xlsx,PR-HE-00227,pages/learning/parent-report-detailed.renderable.jsx,73,detailed_report,data_health,,,,המנוע מנסה להסביר להורה את מצב התרגול או את ההמלצה בצורה פשוטה.,"דוח מפורט — מצב נתונים
לפני החלפה: אין נתונים להצגה.","דוח מפורט — מצב נתונים
אחרי החלפה (ללא שינוי מוצע): אין נתונים להצגה.",high,
537,parent-report-hebrew-owner-review-11-rows-501-550.xlsx,PR-HE-00228,pages/learning/parent-report-detailed.renderable.jsx,95,detailed_report,data_health,,,,המנוע מנסה להסביר להורה את מצב התרגול או את ההמלצה בצורה פשוטה.,"דוח מפורט — מצב נתונים
לפני החלפה: אין נתונים להצגה.","דוח מפורט — מצב נתונים
אחרי החלפה (ללא שינוי מוצע): אין נתונים להצגה.",high,
538,parent-report-hebrew-owner-review-11-rows-501-550.xlsx,PR-HE-00284,pages/learning/parent-report.js,716,short_report,data_health,,,zero_data,המנוע אומר שעדיין אין מספיק תרגול כדי להסיק מסקנה ברורה.,"דוח קצר — מצב נתונים
לפני החלפה: לא תורגל בתקופה שנבחרה","דוח קצר — מצב נתונים
אחרי החלפה (ללא שינוי מוצע): לא תורגל בתקופה שנבחרה",medium,
539,parent-report-hebrew-owner-review-11-rows-501-550.xlsx,PR-HE-00512,pages/learning/parent-report.js,3904,short_report,data_health,,,,המנוע אומר שעדיין אין מספיק תרגול כדי להסיק מסקנה ברורה.,"דוח קצר — מצב נתונים
לפני החלפה: לא תורגל במקצוע זה בתקופה שנבחרה","דוח קצר — מצב נתונים
אחרי החלפה (ללא שינוי מוצע): לא תורגל במקצוע זה בתקופה שנבחרה",high,
540,parent-report-hebrew-owner-review-11-rows-501-550.xlsx,PR-HE-00516,pages/learning/parent-report.js,4045,short_report,data_health,,,,המנוע אומר שעדיין אין מספיק תרגול כדי להסיק מסקנה ברורה.,"דוח קצר — מצב נתונים
לפני החלפה: לא תורגל בנושא זה בתקופה שנבחרה","דוח קצר — מצב נתונים
אחרי החלפה (ללא שינוי מוצע): לא תורגל בנושא זה בתקופה שנבחרה",high,
541,parent-report-hebrew-owner-review-11-rows-501-550.xlsx,PR-HE-00640,utils/detailed-parent-report.js,1413,short_report,general,,,,המנוע מנסה לתת להורה פעולה פשוטה שאפשר לעשות בבית בלי לחץ.,"דוח קצר — home recommendations
לפני החלפה: שגרת תרגול קצרה בשלב זה.","דוח קצר — home recommendations
אחרי החלפה (ללא שינוי מוצע): שגרת תרגול קצרה בשלב זה.",high,
542,parent-report-hebrew-owner-review-11-rows-501-550.xlsx,PR-HE-00641,utils/detailed-parent-report.js,1413,short_report,general,,,,המנוע מנסה להפוך את הנתונים להמלצה קצרה וברורה להורה.,"דוח קצר — home recommendations
לפני החלפה: [נתון משתנה]: [נתון משתנה]","דוח קצר — home recommendations
אחרי החלפה: …: …",high,
543,parent-report-hebrew-owner-review-11-rows-501-550.xlsx,PR-HE-00725,utils/detailed-report-parent-letter-he.js,142,report_builder,general,,,,המנוע מנסה לתת להורה פעולה פשוטה שאפשר לעשות בבית בלי לחץ.,"בונה דוח — home recommendations
לפני החלפה: [נתון משתנה] בשלב הזה עדיף להימנע מהחלטות גדולות בבית.","בונה דוח — home recommendations
אחרי החלפה: … בשלב הזה עדיף להימנע מהחלטות גדולות בבית.",high,
544,parent-report-hebrew-owner-review-11-rows-501-550.xlsx,PR-HE-00726,utils/detailed-report-parent-letter-he.js,143,report_builder,general,,,,המנוע מנסה לתת להורה פעולה פשוטה שאפשר לעשות בבית בלי לחץ.,"בונה דוח — home recommendations
לפני החלפה: [נתון משתנה] כדאי להמשיך בתרגול קצר לפני שקובעים כיוון ברור.","בונה דוח — home recommendations
אחרי החלפה: … כדאי להמשיך בתרגול קצר לפני שקובעים כיוון ברור.",high,
545,parent-report-hebrew-owner-review-11-rows-501-550.xlsx,PR-HE-00772,utils/detailed-report-parent-letter-he.js,418,report_builder,general,,,,המנוע מנסה לתת להורה פעולה פשוטה שאפשר לעשות בבית בלי לחץ.,"בונה דוח — home recommendations
לפני החלפה: בשברים בשלב זה כדאי לאסוף עוד תרגול קצר לפני החלטה רחבה: [נתוני התרגול]","בונה דוח — home recommendations
אחרי החלפה: ב… בשלב זה כדאי לאסוף עוד תרגול קצר לפני החלטה רחבה: …",medium,
546,parent-report-hebrew-owner-review-11-rows-501-550.xlsx,PR-HE-00774,utils/detailed-report-parent-letter-he.js,430,report_builder,general,,,,המנוע מנסה להפוך את הנתונים להמלצה קצרה וברורה להורה.,"בונה דוח — home recommendations
לפני החלפה: בשלב הזה לא קובעים סופית לגבי שברים. [נתוני התרגול]${rc","בונה דוח — home recommendations
לפני החלפה: בשלב הזה לא קובעים סופית לגבי שברים. [נתוני התרגול]${rc",medium,no suggested replacement in owner-review row
547,parent-report-hebrew-owner-review-11-rows-501-550.xlsx,PR-HE-00779,utils/detailed-report-parent-letter-he.js,442,report_builder,general,,,,המנוע מנסה להפוך את הנתונים להמלצה קצרה וברורה להורה.,"בונה דוח — home recommendations
לפני החלפה: בשברים בשלב זה עדיין חסרים נתוני תרגול, ולכן נשארים עם ניסוח זהיר.","בונה דוח — home recommendations
אחרי החלפה: ב… בשלב זה עדיין חסרים נתוני תרגול, ולכן נשארים עם ניסוח זהיר.",medium,
548,parent-report-hebrew-owner-review-11-rows-501-550.xlsx,PR-HE-00787,utils/learning-patterns-analysis.js,312,report_builder,data_health,,,,המנוע מנסה להסביר להורה את מצב התרגול או את ההמלצה בצורה פשוטה.,"בונה דוח — מצב נתונים
לפני החלפה: חולשה","בונה דוח — מצב נתונים
אחרי החלפה (ללא שינוי מוצע): חולשה",medium,
549,parent-report-hebrew-owner-review-11-rows-501-550.xlsx,PR-HE-00788,utils/learning-patterns-analysis.js,312,report_builder,data_health,,,,המנוע מנסה להסביר להורה את מצב התרגול או את ההמלצה בצורה פשוטה.,"בונה דוח — מצב נתונים
לפני החלפה: שמירה על רמה טובה","בונה דוח — מצב נתונים
אחרי החלפה (ללא שינוי מוצע): שמירה על רמה טובה",medium,
550,parent-report-hebrew-owner-review-11-rows-501-550.xlsx,PR-HE-00789,utils/learning-patterns-analysis.js,312,report_builder,data_health,,,,"המנוע משווה את התוצאות לאורך זמן, ולא מסתמך רק על תרגול אחד.","בונה דוח — מצב נתונים
לפני החלפה: הילד מצליח בנושא הזה לאורך זמן","בונה דוח — מצב נתונים
אחרי החלפה (ללא שינוי מוצע): הילד מצליח בנושא הזה לאורך זמן",medium,
551,parent-report-hebrew-owner-review-12-rows-551-600.xlsx,PR-HE-00797,utils/learning-patterns-analysis.js,355,report_builder,data_health,,,,"המנוע משווה את התוצאות לאורך זמן, ולא מסתמך רק על תרגול אחד.","בונה דוח — מצב נתונים
לפני החלפה: מגמת שיפור","בונה דוח — מצב נתונים
לפני החלפה: מגמת שיפור",medium,no suggested replacement in owner-review row
552,parent-report-hebrew-owner-review-12-rows-551-600.xlsx,PR-HE-00882,utils/learning-patterns-analysis.js,934,report_builder,general,,,,המנוע מנסה להסביר איפה הופיע קושי בתרגול ומה כדאי לבדוק שוב.,"בונה דוח — home recommendations
לפני החלפה: subjectImmediateActionHe: בשברים: משימה אחת קצרה עם חזרה על טעות טיפוסית באותה רמה.","בונה דוח — home recommendations
אחרי החלפה: subjectImmediateActionHe: ב…: משימה אחת קצרה עם חזרה על טעות טיפוסית באותה רמה.",medium,
553,parent-report-hebrew-owner-review-12-rows-551-600.xlsx,PR-HE-00902,utils/learning-patterns-analysis.js,990,report_builder,general,,,,המנוע מנסה להפוך את הנתונים להמלצה קצרה וברורה להורה.,"בונה דוח — home recommendations
לפני החלפה: subjectImmediateActionHe: בשברים: שני מפגשים קצרים בשבוע באותה רמה.","בונה דוח — home recommendations
אחרי החלפה: subjectImmediateActionHe: ב…: שני מפגשים קצרים בשבוע באותה רמה.",medium,
554,parent-report-hebrew-owner-review-12-rows-551-600.xlsx,PR-HE-01054,utils/parent-report-ai/parent-report-ai-adapter.js,409,report_general,general,,,,המנוע מנסה להסביר להורה את מצב התרגול או את ההמלצה בצורה פשוטה.,"ai explainer — ai explainer
לפני החלפה: חלק מהתרגול בוצע בכיתה שונה מהכיתה הרשומה, ולכן הוא מוצג בנפרד.","ai explainer — ai explainer
אחרי החלפה (ללא שינוי מוצע): חלק מהתרגול בוצע בכיתה שונה מהכיתה הרשומה, ולכן הוא מוצג בנפרד.",medium,
555,parent-report-hebrew-owner-review-12-rows-551-600.xlsx,PR-HE-01055,utils/parent-report-ai/parent-report-ai-adapter.js,425,report_general,general,,,,המנוע מנסה להסביר להורה את מצב התרגול או את ההמלצה בצורה פשוטה.,"ai explainer — ai explainer
לפני החלפה: סיכום חכם להורה","ai explainer — ai explainer
אחרי החלפה (ללא שינוי מוצע): סיכום חכם להורה",medium,
556,parent-report-hebrew-owner-review-12-rows-551-600.xlsx,PR-HE-01057,utils/parent-report-ai/parent-report-ai-explainer.js,18,report_general,general,,,zero_data,המנוע מנסה להסביר להורה את מצב התרגול או את ההמלצה בצורה פשוטה.,"ai explainer — ai explainer
לפני החלפה: math: חשבון","ai explainer — ai explainer
אחרי החלפה (ללא שינוי מוצע): math: חשבון",medium,
557,parent-report-hebrew-owner-review-12-rows-551-600.xlsx,PR-HE-01058,utils/parent-report-ai/parent-report-ai-explainer.js,19,report_general,general,,,thin_data,המנוע מנסה להסביר להורה את מצב התרגול או את ההמלצה בצורה פשוטה.,"ai explainer — ai explainer
לפני החלפה: hebrew: עברית","ai explainer — ai explainer
אחרי החלפה (ללא שינוי מוצע): hebrew: עברית",high,
558,parent-report-hebrew-owner-review-12-rows-551-600.xlsx,PR-HE-01059,utils/parent-report-ai/parent-report-ai-explainer.js,20,report_general,general,,,zero_data_science_q0,המנוע מנסה להסביר להורה את מצב התרגול או את ההמלצה בצורה פשוטה.,"ai explainer — ai explainer
לפני החלפה: science: מדעים","ai explainer — ai explainer
אחרי החלפה (ללא שינוי מוצע): science: מדעים",high,
559,parent-report-hebrew-owner-review-12-rows-551-600.xlsx,PR-HE-01060,utils/parent-report-ai/parent-report-ai-explainer.js,21,report_general,general,,,,המנוע מנסה להסביר להורה את מצב התרגול או את ההמלצה בצורה פשוטה.,"ai explainer — ai explainer
לפני החלפה: geometry: גיאומטריה","ai explainer — ai explainer
אחרי החלפה (ללא שינוי מוצע): geometry: גיאומטריה",high,
560,parent-report-hebrew-owner-review-12-rows-551-600.xlsx,PR-HE-01061,utils/parent-report-ai/parent-report-ai-explainer.js,22,report_general,general,,,zero_data_english_q0,המנוע מנסה להסביר להורה את מצב התרגול או את ההמלצה בצורה פשוטה.,"ai explainer — ai explainer
לפני החלפה: english: אנגלית","ai explainer — ai explainer
אחרי החלפה (ללא שינוי מוצע): english: אנגלית",high,
561,parent-report-hebrew-owner-review-12-rows-551-600.xlsx,PR-HE-01062,utils/parent-report-ai/parent-report-ai-explainer.js,23,report_general,general,,,,המנוע מנסה להסביר להורה את מצב התרגול או את ההמלצה בצורה פשוטה.,"ai explainer — ai explainer
לפני החלפה: english: גיאוגרפיה","ai explainer — ai explainer
אחרי החלפה (ללא שינוי מוצע): english: גיאוגרפיה",high,
562,parent-report-hebrew-owner-review-12-rows-551-600.xlsx,PR-HE-01063,utils/parent-report-ai/parent-report-ai-explainer.js,79,report_general,general,,,,המנוע מנסה להסביר להורה את מצב התרגול או את ההמלצה בצורה פשוטה.,"ai explainer — ai explainer
לפני החלפה: המקצוע שנלמד","ai explainer — ai explainer
אחרי החלפה (ללא שינוי מוצע): המקצוע שנלמד",medium,
563,parent-report-hebrew-owner-review-12-rows-551-600.xlsx,PR-HE-01064,utils/parent-report-ai/parent-report-ai-explainer.js,0,report_general,general,,,,המנוע מנסה להסביר להורה את מצב התרגול או את ההמלצה בצורה פשוטה.,"ai explainer — ai explainer
לפני החלפה: לגבי [נתון משתנה]: מהתרגול המועט שנאסף אפשר לקבל כיוון ראשוני בלבד.","ai explainer — ai explainer
אחרי החלפה: לגבי …: מהתרגול המועט שנאסף אפשר לקבל כיוון ראשוני בלבד.",medium,exact source line not resolved; using inventory metadata and string text
564,parent-report-hebrew-owner-review-12-rows-551-600.xlsx,PR-HE-01065,utils/parent-report-ai/parent-report-ai-explainer.js,0,report_general,general,,,,המנוע מנסה להסביר להורה את מצב התרגול או את ההמלצה בצורה פשוטה.,"ai explainer — ai explainer
לפני החלפה: לגבי [נתון משתנה]: הנתונים בתקופה שנבחרה עדיין מצומצמים — מהתרגול שנאסף אפשר לקבל כיוון ראשוני בלבד.","ai explainer — ai explainer
אחרי החלפה: לגבי …: הנתונים בתקופה שנבחרה עדיין מצומצמים — מהתרגול שנאסף אפשר לקבל כיוון ראשוני בלבד.",medium,exact source line not resolved; using inventory metadata and string text
565,parent-report-hebrew-owner-review-12-rows-551-600.xlsx,PR-HE-01066,utils/parent-report-ai/parent-report-ai-explainer.js,0,report_general,general,,,,המנוע מנסה לתת להורה פעולה פשוטה שאפשר לעשות בבית בלי לחץ.,"ai explainer — ai explainer
לפני החלפה: לגבי [נתון משתנה]: מהתרגול שנאסף אפשר לראות תחום שכדאי לחזק בבית — כדאי להמשיך לעקוב ולא לקבוע חד משמעית רק ממפגש בודד.","ai explainer — ai explainer
אחרי החלפה: לגבי …: מהתרגול שנאסף אפשר לראות תחום שכדאי לחזק בבית — כדאי להמשיך לעקוב ולא להחליט על חד משמעית רק ממפגש בודד.",medium,exact source line not resolved; using inventory metadata and string text
566,parent-report-hebrew-owner-review-12-rows-551-600.xlsx,PR-HE-01067,utils/parent-report-ai/parent-report-ai-explainer.js,0,report_general,general,,,,המנוע אומר שעדיין אין מספיק תרגול כדי להסיק מסקנה ברורה.,"ai explainer — ai explainer
לפני החלפה: לגבי [נתון משתנה]: מהתרגול שנאסף אפשר לראות תמונה ברורה יותר של תחומים עם תוצאות טובות יחסית ושל נושאים לחיזוק — כדאי להמשיך לעקוב בעדינות.","ai explainer — ai explainer
אחרי החלפה: לגבי …: מהתרגול שנאסף אפשר לראות תמונה ברורה יותר של תחומים עם תוצאות טובות יחסית ושל נושאים לחיזוק — כדאי להמשיך לעקוב בעדינות.",medium,exact source line not resolved; using inventory metadata and string text
567,parent-report-hebrew-owner-review-12-rows-551-600.xlsx,PR-HE-01068,utils/parent-report-ai/parent-report-ai-explainer.js,0,report_general,general,,,,המנוע מנסה להסביר להורה את מצב התרגול או את ההמלצה בצורה פשוטה.,"ai explainer — ai explainer
לפני החלפה: מה שבולט לטובה: [נתון משתנה]","ai explainer — ai explainer
אחרי החלפה: מה שבולט לטובה: …",medium,exact source line not resolved; using inventory metadata and string text
568,parent-report-hebrew-owner-review-12-rows-551-600.xlsx,PR-HE-01069,utils/parent-report-ai/parent-report-ai-explainer.js,0,report_general,general,,,,המנוע מנסה להפוך את הנתונים להמלצה קצרה וברורה להורה.,"ai explainer — ai explainer
לפני החלפה: כיוון שכדאי לחזק בתרגול הביתי והשיעורי: [נתון משתנה]","ai explainer — ai explainer
אחרי החלפה: כיוון שכדאי לחזק בתרגול הביתי והשיעורי: …",medium,exact source line not resolved; using inventory metadata and string text
569,parent-report-hebrew-owner-review-12-rows-551-600.xlsx,PR-HE-01070,utils/parent-report-ai/parent-report-ai-explainer.js,111,report_general,general,,,,המנוע מנסה להפוך את הנתונים להמלצה קצרה וברורה להורה.,"ai explainer — ai explainer
לפני החלפה: התוצאות עדיין לא אחידות לחלוטין ולכן כדאי להמשיך עם תרגול רגיל ולעקוב אחרי יציבות.","ai explainer — ai explainer
אחרי החלפה: התוצאות עדיין לא אחידות לחלוטין ולכן כדאי להמשיך עם תרגול רגיל ולעקוב אחרי עקביות.",medium,
570,parent-report-hebrew-owner-review-12-rows-551-600.xlsx,PR-HE-01071,utils/parent-report-ai/parent-report-ai-explainer.js,115,report_general,general,,,,המנוע מנסה להסביר להורה את מצב התרגול או את ההמלצה בצורה פשוטה.,"ai explainer — ai explainer
לפני החלפה: לעיתים קצב התשובות מהיר יחסית לכן נשמרת זהירות בפרשנות ולא מסיקים מסקנות חזקות מיד.","ai explainer — ai explainer
אחרי החלפה (ללא שינוי מוצע): לעיתים קצב התשובות מהיר יחסית לכן נשמרת זהירות בפרשנות ולא מסיקים מסקנות חזקות מיד.",medium,
571,parent-report-hebrew-owner-review-12-rows-551-600.xlsx,PR-HE-01072,utils/parent-report-ai/parent-report-ai-explainer.js,0,report_general,general,,,,המנוע מנסה להסביר להורה את מצב התרגול או את ההמלצה בצורה פשוטה.,"ai explainer — ai explainer
לפני החלפה: המלצת המערכת להמשך התרגול: [נתון משתנה]","ai explainer — ai explainer
אחרי החלפה: המלצת המערכת להמשך התרגול: …",medium,exact source line not resolved; using inventory metadata and string text
572,parent-report-hebrew-owner-review-12-rows-551-600.xlsx,PR-HE-01073,utils/parent-report-ai/parent-report-ai-explainer.js,121,report_general,general,,,,המנוע מנסה לתת להורה פעולה פשוטה שאפשר לעשות בבית בלי לחץ.,"ai explainer — ai explainer
לפני החלפה: מהצד של ההורה כדאי לעודד המשך שגרה של תרגול קצר ולשמור על שיח רגוע סביב למידה.","ai explainer — ai explainer
אחרי החלפה (ללא שינוי מוצע): מהצד של ההורה כדאי לעודד המשך שגרה של תרגול קצר ולשמור על שיח רגוע סביב למידה.",medium,
573,parent-report-hebrew-owner-review-12-rows-551-600.xlsx,PR-HE-01256,utils/parent-report-language/grade-aware-recommendation-templates.js,43,report_builder,general,,,,המנוע מנסה להפוך את הנתונים להמלצה קצרה וברורה להורה.,"בונה דוח — home recommendations
לפני החלפה: actionTextHe: כדאי לתרגל חיסור במספרים גדולים או בהקשר רב־שלבי, עם אומדן לפני הפתרון ובדיקת סבירות בסיום. בקשו מהילד להסביר את דרך החישוב ולא רק לכתוב תשובה.","בונה דוח — home recommendations
אחרי החלפה (ללא שינוי מוצע): actionTextHe: כדאי לתרגל חיסור במספרים גדולים או בהקשר רב־שלבי, עם אומדן לפני הפתרון ובדיקת סבירות בסיום. בקשו מהילד להסביר את דרך החישוב ולא רק לכתוב תשובה.",high,
574,parent-report-hebrew-owner-review-12-rows-551-600.xlsx,PR-HE-01262,utils/parent-report-language/grade-aware-recommendation-templates.js,69,report_builder,general,,,,המנוע מנסה להפוך את הנתונים להמלצה קצרה וברורה להורה.,"בונה דוח — home recommendations
לפני החלפה: actionTextHe: כדאי לתרגל חיבור במספרים גדולים או בהקשר רב־שלבי, עם אומדן לפני הפתרון ובדיקת סבירות בסיום. בקשו מהילד להסביר את דרך החישוב ולא רק לכתוב תשובה.","בונה דוח — home recommendations
אחרי החלפה (ללא שינוי מוצע): actionTextHe: כדאי לתרגל חיבור במספרים גדולים או בהקשר רב־שלבי, עם אומדן לפני הפתרון ובדיקת סבירות בסיום. בקשו מהילד להסביר את דרך החישוב ולא רק לכתוב תשובה.",high,
575,parent-report-hebrew-owner-review-12-rows-551-600.xlsx,PR-HE-01276,utils/parent-report-language/grade-aware-recommendation-templates.js,143,report_builder,general,,,,המנוע מנסה להפוך את הנתונים להמלצה קצרה וברורה להורה.,"בונה דוח — home recommendations
לפני החלפה: actionTextHe: כדאי לתרגל חיבור וחיסור שברים עם מכנים שונים בעזרת מציאת מכנה משותף, יצירת שברים שקולים ובדיקת התוצאה לאחר הפעולה. בקשו מהילד להסביר כל שלב לפני שהוא מפשט את התשובה.","בונה דוח — home recommendations
אחרי החלפה (ללא שינוי מוצע): actionTextHe: כדאי לתרגל חיבור וחיסור שברים עם מכנים שונים בעזרת מציאת מכנה משותף, יצירת שברים שקולים ובדיקת התוצאה לאחר הפעולה. בקשו מהילד להסביר כל שלב לפני שהוא מפשט את התשובה.",medium,
576,parent-report-hebrew-owner-review-12-rows-551-600.xlsx,PR-HE-01306,utils/parent-report-language/grade-aware-recommendation-templates.js,437,report_builder,general,,,,המנוע מנסה להפוך את הנתונים להמלצה קצרה וברורה להורה.,"בונה דוח — home recommendations
לפני החלפה: actionTextHe: כדאי לתרגל בעיות מילוליות בשלב אחד או שניים בעזרת תכנון קצר לפני החישוב. בקשו מהילד לכתוב מה ידוע, מה צריך למצוא, איזו פעולה מתאימה לכל שלב, ורק אז לפתור.","בונה דוח — home recommendations
אחרי החלפה (ללא שינוי מוצע): actionTextHe: כדאי לתרגל בעיות מילוליות בשלב אחד או שניים בעזרת תכנון קצר לפני החישוב. בקשו מהילד לכתוב מה ידוע, מה צריך למצוא, איזו פעולה מתאימה לכל שלב, ורק אז לפתור.",high,
577,parent-report-hebrew-owner-review-12-rows-551-600.xlsx,PR-HE-01307,utils/parent-report-language/grade-aware-recommendation-templates.js,439,report_builder,general,,,,המנוע מנסה להפוך את הנתונים להמלצה קצרה וברורה להורה.,"בונה דוח — home recommendations
לפני החלפה: goalTextHe: בשבוע הקרוב התמקדו בתכנון פתרון לבעיה מילולית: מה ידוע, מה מחפשים, ואיזו פעולה מתאימה לכל שלב.","בונה דוח — home recommendations
אחרי החלפה (ללא שינוי מוצע): goalTextHe: בשבוע הקרוב התמקדו בתכנון פתרון לבעיה מילולית: מה ידוע, מה מחפשים, ואיזו פעולה מתאימה לכל שלב.",high,
578,parent-report-hebrew-owner-review-12-rows-551-600.xlsx,PR-HE-01308,utils/parent-report-language/grade-aware-recommendation-templates.js,445,report_builder,general,,,,המנוע מנסה להפוך את הנתונים להמלצה קצרה וברורה להורה.,"בונה דוח — home recommendations
לפני החלפה: actionTextHe: כדאי לתרגל בעיות מילוליות רב־שלביות בעזרת טבלה, תרשים או משוואה פשוטה. בקשו מהילד להסביר את סדר השלבים, מדוע בחר בכל פעולה, ולבדוק בסיום אם התשובה סבירה ביחס לנתוני הבעיה.","בונה דוח — home recommendations
אחרי החלפה (ללא שינוי מוצע): actionTextHe: כדאי לתרגל בעיות מילוליות רב־שלביות בעזרת טבלה, תרשים או משוואה פשוטה. בקשו מהילד להסביר את סדר השלבים, מדוע בחר בכל פעולה, ולבדוק בסיום אם התשובה סבירה ביחס לנתוני הבעיה.",high,
579,parent-report-hebrew-owner-review-12-rows-551-600.xlsx,PR-HE-01309,utils/parent-report-language/grade-aware-recommendation-templates.js,447,report_builder,general,,,,המנוע מנסה להפוך את הנתונים להמלצה קצרה וברורה להורה.,"בונה דוח — home recommendations
לפני החלפה: goalTextHe: בשבוע הקרוב התמקדו בפתרון בעיות רב־שלביות: תכנון דרך, בחירת פעולות, הסבר סדר השלבים ובדיקת סבירות התשובה.","בונה דוח — home recommendations
אחרי החלפה (ללא שינוי מוצע): goalTextHe: בשבוע הקרוב התמקדו בפתרון בעיות רב־שלביות: תכנון דרך, בחירת פעולות, הסבר סדר השלבים ובדיקת סבירות התשובה.",high,
580,parent-report-hebrew-owner-review-12-rows-551-600.xlsx,PR-HE-01318,utils/parent-report-language/grade-aware-recommendation-templates.js,508,report_builder,general,,,,המנוע מנסה להפוך את הנתונים להמלצה קצרה וברורה להורה.,"בונה דוח — home recommendations
לפני החלפה: actionTextHe: כדאי לתרגל סדר פעולות בתרגילים קצרים, במיוחד כאשר מופיעים סוגריים או שילוב של פעולות. בקשו מהילד לסמן מה פותרים קודם, להסביר למה, ואז לחשב שלב אחר שלב.","בונה דוח — home recommendations
אחרי החלפה (ללא שינוי מוצע): actionTextHe: כדאי לתרגל סדר פעולות בתרגילים קצרים, במיוחד כאשר מופיעים סוגריים או שילוב של פעולות. בקשו מהילד לסמן מה פותרים קודם, להסביר למה, ואז לחשב שלב אחר שלב.",high,
581,parent-report-hebrew-owner-review-12-rows-551-600.xlsx,PR-HE-01319,utils/parent-report-language/grade-aware-recommendation-templates.js,510,report_builder,general,,,,המנוע מנסה להפוך את הנתונים להמלצה קצרה וברורה להורה.,"בונה דוח — home recommendations
לפני החלפה: goalTextHe: בשבוע הקרוב התמקדו בסדר פעולות בתרגילים קצרים: זיהוי מה פותרים קודם וחישוב מסודר שלב אחר שלב.","בונה דוח — home recommendations
אחרי החלפה (ללא שינוי מוצע): goalTextHe: בשבוע הקרוב התמקדו בסדר פעולות בתרגילים קצרים: זיהוי מה פותרים קודם וחישוב מסודר שלב אחר שלב.",high,
582,parent-report-hebrew-owner-review-12-rows-551-600.xlsx,PR-HE-01320,utils/parent-report-language/grade-aware-recommendation-templates.js,516,report_builder,general,,,,המנוע מנסה להפוך את הנתונים להמלצה קצרה וברורה להורה.,"בונה דוח — home recommendations
לפני החלפה: actionTextHe: כדאי לתרגל תרגילים עם כמה פעולות, סוגריים ולעיתים גם חזקות, תוך כתיבת שלבי פתרון מסודרים. בקשו מהילד להצדיק את סדר הפעולות ולבדוק שהתוצאה לא השתנתה בגלל דילוג על שלב.","בונה דוח — home recommendations
אחרי החלפה (ללא שינוי מוצע): actionTextHe: כדאי לתרגל תרגילים עם כמה פעולות, סוגריים ולעיתים גם חזקות, תוך כתיבת שלבי פתרון מסודרים. בקשו מהילד להצדיק את סדר הפעולות ולבדוק שהתוצאה לא השתנתה בגלל דילוג על שלב.",high,
583,parent-report-hebrew-owner-review-12-rows-551-600.xlsx,PR-HE-01321,utils/parent-report-language/grade-aware-recommendation-templates.js,518,report_builder,general,,,,המנוע מנסה להפוך את הנתונים להמלצה קצרה וברורה להורה.,"בונה דוח — home recommendations
לפני החלפה: goalTextHe: בשבוע הקרוב התמקדו בסדר פעולות בתרגילים מורכבים יותר, כולל כתיבת שלבים, הצדקת הסדר ובדיקת התוצאה.","בונה דוח — home recommendations
אחרי החלפה (ללא שינוי מוצע): goalTextHe: בשבוע הקרוב התמקדו בסדר פעולות בתרגילים מורכבים יותר, כולל כתיבת שלבים, הצדקת הסדר ובדיקת התוצאה.",high,
584,parent-report-hebrew-owner-review-12-rows-551-600.xlsx,PR-HE-01530,utils/parent-report-language/grade-aware-recommendation-templates.js,2369,report_builder,general,,,,המנוע מנסה להפוך את הנתונים להמלצה קצרה וברורה להורה.,"בונה דוח — home recommendations
לפני החלפה: actionTextHe: כדאי לתרגל משימות מפה מעורבות שבהן משלבים קנה מידה, מרחקים ונתונים חזותיים. בקשו מהילד להסביר אילו נתונים בחר ולמה הם מספיקים כדי לענות.","בונה דוח — home recommendations
אחרי החלפה (ללא שינוי מוצע): actionTextHe: כדאי לתרגל משימות מפה מעורבות שבהן משלבים קנה מידה, מרחקים ונתונים חזותיים. בקשו מהילד להסביר אילו נתונים בחר ולמה הם מספיקים כדי לענות.",high,
585,parent-report-hebrew-owner-review-12-rows-551-600.xlsx,PR-HE-01674,utils/parent-report-language/parent-facing-normalize-he.js,157,report_builder,data_health,,,zero_data,המנוע אומר שעדיין אין מספיק תרגול כדי להסיק מסקנה ברורה.,"בונה דוח — מצב נתונים
לפני החלפה: לא תורגל בתקופה שנבחרה","בונה דוח — מצב נתונים
אחרי החלפה (ללא שינוי מוצע): לא תורגל בתקופה שנבחרה",medium,
586,parent-report-hebrew-owner-review-12-rows-551-600.xlsx,PR-HE-01683,utils/parent-report-language/parent-facing-normalize-he.js,166,report_builder,data_health,,,,המנוע אומר שעדיין אין מספיק תרגול כדי להסיק מסקנה ברורה.,"בונה דוח — מצב נתונים
לפני החלפה: מקצועות שלא תורגלו","בונה דוח — מצב נתונים
אחרי החלפה (ללא שינוי מוצע): מקצועות שלא תורגלו",medium,
587,parent-report-hebrew-owner-review-12-rows-551-600.xlsx,PR-HE-01727,utils/parent-report-language/parent-facing-pattern-label-he.js,16,report_builder,data_health,,,,המנוע מנסה להסביר איפה הופיע קושי בתרגול ומה כדאי לבדוק שוב.,"בונה דוח — מצב נתונים
לפני החלפה: thinFallback: קושי חוזר בחילוק — כדאי לחזק את הקשר לכפל","בונה דוח — מצב נתונים
אחרי החלפה (ללא שינוי מוצע): thinFallback: קושי חוזר בחילוק — כדאי לחזק את הקשר לכפל",high,
588,parent-report-hebrew-owner-review-12-rows-551-600.xlsx,PR-HE-01754,utils/parent-report-language/subject-evidence-policy.js,35,report_builder,data_health,,,zero_data,המנוע אומר שעדיין אין מספיק תרגול כדי להסיק מסקנה ברורה.,"בונה דוח — מצב נתונים
לפני החלפה: חשבון: לא תורגל בתקופה שנבחרה","בונה דוח — מצב נתונים
אחרי החלפה: …: לא תורגל בתקופה שנבחרה",medium,
589,parent-report-hebrew-owner-review-12-rows-551-600.xlsx,PR-HE-01875,utils/parent-report-ui-explain-he.js,203,report_builder,general,,,,המנוע מנסה להפוך את הנתונים להמלצה קצרה וברורה להורה.,"בונה דוח — home recommendations
לפני החלפה: early stage instability: שלב מוקדם — עדיין לא ברור איך זה יתיישב","בונה דוח — home recommendations
אחרי החלפה (ללא שינוי מוצע): early stage instability: שלב מוקדם — עדיין לא ברור איך זה יתיישב",high,
590,parent-report-hebrew-owner-review-12-rows-551-600.xlsx,PR-HE-01877,utils/parent-report-ui-explain-he.js,205,report_builder,data_health,,,,המנוע מנסה להסביר להורה את מצב התרגול או את ההמלצה בצורה פשוטה.,"בונה דוח — מצב נתונים
לפני החלפה: insufficient evidence: עדיין לא ברור מה בדיוק מקשה כאן — צריך עוד כמה דוגמאות","בונה דוח — מצב נתונים
אחרי החלפה (ללא שינוי מוצע): insufficient evidence: עדיין לא ברור מה בדיוק מקשה כאן — צריך עוד כמה דוגמאות",high,
591,parent-report-hebrew-owner-review-12-rows-551-600.xlsx,PR-HE-01878,utils/parent-report-ui-explain-he.js,206,report_builder,general,,,,המנוע מנסה להסביר איפה הופיע קושי בתרגול ומה כדאי לבדוק שוב.,"בונה דוח — home recommendations
לפני החלפה: retention fragility: החומר נשמר בקושי (שלב מוקדם)","בונה דוח — home recommendations
אחרי החלפה (ללא שינוי מוצע): retention fragility: החומר נשמר בקושי (שלב מוקדם)",high,
592,parent-report-hebrew-owner-review-12-rows-551-600.xlsx,PR-HE-01902,utils/parent-report-ui-explain-he.js,242,report_builder,data_health,,,,"המנוע משווה את התוצאות לאורך זמן, ולא מסתמך רק על תרגול אחד.","בונה דוח — מצב נתונים
לפני החלפה: insufficient longitudinal evidence: עדיין חסר מידע לאורך זמן","בונה דוח — מצב נתונים
אחרי החלפה (ללא שינוי מוצע): insufficient longitudinal evidence: עדיין חסר מידע לאורך זמן",high,
593,parent-report-hebrew-owner-review-12-rows-551-600.xlsx,PR-HE-02073,utils/parent-report-ui-explain-he.js,618,report_builder,data_health,,,,המנוע מנסה להסביר להורה את מצב התרגול או את ההמלצה בצורה פשוטה.,"בונה דוח — מצב נתונים
לפני החלפה: insufficient: אין עדיין מספיק בסיס להחלטה מדויקת","בונה דוח — מצב נתונים
אחרי החלפה (ללא שינוי מוצע): insufficient: אין עדיין מספיק בסיס להחלטה מדויקת",high,
594,parent-report-hebrew-owner-review-12-rows-551-600.xlsx,PR-HE-02085,utils/parent-report-ui-explain-he.js,637,report_builder,general,,,,המנוע מנסה להפוך את הנתונים להמלצה קצרה וברורה להורה.,"בונה דוח — home recommendations
לפני החלפה: mixed target: לשלב שני סימנים קצרים — לא הכל בבת אחת","בונה דוח — home recommendations
אחרי החלפה (ללא שינוי מוצע): mixed target: לשלב שני סימנים קצרים — לא הכל בבת אחת",high,
595,parent-report-hebrew-owner-review-12-rows-551-600.xlsx,PR-HE-02196,utils/topic-next-step-engine.js,187,report_builder,topic_card,,שברים,,המנוע מנסה להסביר איפה הופיע קושי בתרגול ומה כדאי לבדוק שוב.,"בונה דוח — כרטיס נושא | נושא לדוגמה: שברים
לפני החלפה: בתקופה שנבחרה נרשמו [נתון משתנה] טעויות בנושא הזה — לקרוא את המשימה לאט לפני מענה.","בונה דוח — כרטיס נושא | נושא לדוגמה: שברים
אחרי החלפה: בתקופה שנבחרה נרשמו … טעויות בנושא הזה — לקרוא את המשימה לאט לפני מענה.",medium,
596,parent-report-hebrew-owner-review-12-rows-551-600.xlsx,PR-HE-02197,utils/topic-next-step-engine.js,193,report_builder,topic_card,,שברים,,המנוע מנסה להסביר איפה הופיע קושי בתרגול ומה כדאי לבדוק שוב.,"בונה דוח — כרטיס נושא | נושא לדוגמה: שברים
לפני החלפה: reasonHe: ב«דני» הופיעו [מספר שאלות] שאלות עם דיוק של כ-[דיוק]%[נתון משתנה]. התמונה מספיק יציבה כדי לנסות דרגת קושי גבוהה יותר — רק בנושא הזה, בלי לשנות את שאר המקצוע.","בונה דוח — כרטיס נושא | נושא לדוגמה: שברים
אחרי החלפה: reasonHe: ב«…» הופיעו … שאלות עם דיוק של כ-…%…. התמונה מספיק יציבה כדי לנסות דרגת קושי גבוהה יותר — רק בנושא הזה, בלי לשנות את שאר המקצוע.",medium,
597,parent-report-hebrew-owner-review-12-rows-551-600.xlsx,PR-HE-02198,utils/topic-next-step-engine.js,194,report_builder,topic_card,,שברים,,המנוע מנסה להסביר איפה הופיע קושי בתרגול ומה כדאי לבדוק שוב.,"בונה דוח — כרטיס נושא | נושא לדוגמה: שברים
לפני החלפה: parentHe: הנושא «דני» נראה מבוסס: [מספר שאלות] שאלות ודיוק [דיוק]%. מומלץ לעלות רמת קושי אחת רק בנושא הזה בתרגול, ולבדוק שההצלחה נשמרת גם בכמה שאלות קצרות נוספות, בלי להפוך את התרגול לארוך מדי.","בונה דוח — כרטיס נושא | נושא לדוגמה: שברים
אחרי החלפה: parentHe: הנושא «…» נראה מבוסס: … שאלות ודיוק …%. מומלץ לעלות רמת קושי אחת רק בנושא הזה בתרגול, ולבדוק שההצלחה נשמרת גם בכמה שאלות קצרות נוספות, בלי להפוך את התרגול לארוך מדי.",medium,
598,parent-report-hebrew-owner-review-12-rows-551-600.xlsx,PR-HE-02199,utils/topic-next-step-engine.js,195,report_builder,topic_card,,שברים,,המנוע מנסה להפוך את הנתונים להמלצה קצרה וברורה להורה.,"בונה דוח — כרטיס נושא | נושא לדוגמה: שברים
לפני החלפה: studentHe: אתה מוכן לאתגר הבא ב«דני» — ננסה רמה אחת מעלה רק שם.","בונה דוח — כרטיס נושא | נושא לדוגמה: שברים
אחרי החלפה: studentHe: אתה מוכן לאתגר הבא ב«…» — ננסה רמה אחת מעלה רק שם.",medium,
599,parent-report-hebrew-owner-review-12-rows-551-600.xlsx,PR-HE-02200,utils/topic-next-step-engine.js,198,report_builder,topic_card,,שברים,,המנוע מנסה להפוך את הנתונים להמלצה קצרה וברורה להורה.,"בונה דוח — כרטיס נושא | נושא לדוגמה: שברים
לפני החלפה: reasonHe: ב«דני» כבר עובדים ברמה קשה יחסית ([נתון משתנה]) עם דיוק טוב ([דיוק]%) וכמות שאלות מספיקה ([מספר שאלות] שאלות). אפשר לנסות כיתה גבוהה יותר דווקא בנושא הזה — לא לכל המקצוע.","בונה דוח — כרטיס נושא | נושא לדוגמה: שברים
אחרי החלפה: reasonHe: ב«…» כבר עובדים ברמה קשה יחסית (…) עם דיוק טוב (…%) וכמות שאלות מספיקה (… שאלות). אפשר לנסות כיתה גבוהה יותר דווקא בנושא הזה — לא לכל המקצוע.",medium,
600,parent-report-hebrew-owner-review-12-rows-551-600.xlsx,PR-HE-02201,utils/topic-next-step-engine.js,199,report_builder,topic_card,,שברים,,המנוע מנסה להפוך את הנתונים להמלצה קצרה וברורה להורה.,"בונה דוח — כרטיס נושא | נושא לדוגמה: שברים
לפני החלפה: parentHe: אם ניתן לבחור כיתה לפי נושא — ב«דני» אפשר לנסות כיתה אחת מעלה. זה רק לנושא הזה; בשאר הנושאים נשארים כרגיל עד שיהיו נתונים דומים.","בונה דוח — כרטיס נושא | נושא לדוגמה: שברים
אחרי החלפה: parentHe: אם ניתן לבחור כיתה לפי נושא — ב«…» אפשר לנסות כיתה אחת מעלה. זה רק לנושא הזה; בשאר הנושאים נשארים כרגיל עד שיהיו נתונים דומים.",medium,
601,parent-report-hebrew-owner-review-13-rows-601-617.xlsx,PR-HE-02202,utils/topic-next-step-engine.js,200,report_builder,topic_card,,שברים,,המנוע מנסה להפוך את הנתונים להמלצה קצרה וברורה להורה.,"בונה דוח — כרטיס נושא | נושא לדוגמה: שברים
לפני החלפה: studentHe: ב«דני» אפשר לנסות כיתה קצת יותר גבוהה — רק שם, צעד אחר צעד.","בונה דוח — כרטיס נושא | נושא לדוגמה: שברים
אחרי החלפה: studentHe: ב«…» אפשר לנסות כיתה קצת יותר גבוהה — רק שם, צעד אחר צעד.",medium,
602,parent-report-hebrew-owner-review-13-rows-601-617.xlsx,PR-HE-02203,utils/topic-next-step-engine.js,203,report_builder,topic_card,,שברים,,המנוע מנסה להסביר איפה הופיע קושי בתרגול ומה כדאי לבדוק שוב.,"בונה דוח — כרטיס נושא | נושא לדוגמה: שברים
לפני החלפה: reasonHe: ב«דני» יש [מספר שאלות] שאלות ודיוק של כ-[דיוק]%[נתון משתנה]. עדיין לא בטוחים מספיק לקפיצה קדימה או אחורה — כדאי להמשיך באותה כיתה ורמת קושי ולחזק עקביות.","בונה דוח — כרטיס נושא | נושא לדוגמה: שברים
אחרי החלפה: reasonHe: ב«…» יש … שאלות ודיוק של כ-…%…. עדיין לא בטוחים מספיק לקפיצה קדימה או אחורה — כדאי להמשיך באותה כיתה ורמת קושי ולחזק עקביות.",medium,
603,parent-report-hebrew-owner-review-13-rows-601-617.xlsx,PR-HE-02204,utils/topic-next-step-engine.js,204,report_builder,topic_card,,שברים,,המנוע מנסה לתת להורה פעולה פשוטה שאפשר לעשות בבית בלי לחץ.,"בונה דוח — כרטיס נושא | נושא לדוגמה: שברים
לפני החלפה: parentHe: בנושא דני מומלץ להמשיך כרגע באותה רמת קושי, להוסיף תרגול קצר וממוקד פעמיים בשבוע. המטרה: ביסוס הנושא ועקביות לפני שמשנים משהו.","בונה דוח — כרטיס נושא | נושא לדוגמה: שברים
אחרי החלפה: parentHe: בנושא … מומלץ להמשיך כרגע באותה רמת קושי, להוסיף תרגול קצר וממוקד פעמיים בשבוע. המטרה: ביסוס הנושא ועקביות לפני שמשנים משהו.",medium,
604,parent-report-hebrew-owner-review-13-rows-601-617.xlsx,PR-HE-02205,utils/topic-next-step-engine.js,205,report_builder,topic_card,,שברים,,המנוע מנסה להפוך את הנתונים להמלצה קצרה וברורה להורה.,"בונה דוח — כרטיס נושא | נושא לדוגמה: שברים
לפני החלפה: studentHe: כדאי להתאמן עוד קצת ב«דני» באותה רמה — ואז נחליט על צעד הבא.","בונה דוח — כרטיס נושא | נושא לדוגמה: שברים
אחרי החלפה: studentHe: כדאי להתאמן עוד קצת ב«…» באותה רמה — ואז נחליט על צעד הבא.",medium,
605,parent-report-hebrew-owner-review-13-rows-601-617.xlsx,PR-HE-02206,utils/topic-next-step-engine.js,208,report_builder,topic_card,,שברים,,המנוע מנסה להסביר איפה הופיע קושי בתרגול ומה כדאי לבדוק שוב.,"בונה דוח — כרטיס נושא | נושא לדוגמה: שברים
לפני החלפה: reasonHe: ב«דני» הדיוק בינוני ([דיוק]%) עם [מספר שאלות] שאלות[נתון משתנה]. עדיף לחזק את הבסיס באותה רמת קושי לפני שמנסים משהו חדש.","בונה דוח — כרטיס נושא | נושא לדוגמה: שברים
אחרי החלפה: reasonHe: ב«…» הדיוק בינוני (…%) עם … שאלות…. עדיף לחזק את הבסיס באותה רמת קושי לפני שמנסים משהו חדש.",medium,
606,parent-report-hebrew-owner-review-13-rows-601-617.xlsx,PR-HE-02208,utils/topic-next-step-engine.js,211,report_builder,topic_card,,שברים,,המנוע מנסה להפוך את הנתונים להמלצה קצרה וברורה להורה.,"בונה דוח — כרטיס נושא | נושא לדוגמה: שברים
לפני החלפה: studentHe: נחזק קודם את הבסיס ב«דני» באותה רמה — ואז נתקדם.","בונה דוח — כרטיס נושא | נושא לדוגמה: שברים
אחרי החלפה: studentHe: נחזק קודם את הבסיס ב«…» באותה רמה — ואז נתקדם.",medium,
607,parent-report-hebrew-owner-review-13-rows-601-617.xlsx,PR-HE-02209,utils/topic-next-step-engine.js,214,report_builder,topic_card,,שברים,,המנוע מנסה להסביר איפה הופיע קושי בתרגול ומה כדאי לבדוק שוב.,"בונה דוח — כרטיס נושא | נושא לדוגמה: שברים
לפני החלפה: reasonHe: ב«דני» הדיוק נמוך ([דיוק]%) והטעויות מהוות חלק משמעותי מהתרגול[נתון משתנה]. כנראה שהקושי יושב על בסיס חסר — עדיף לרדת רמה אחת רק בנושא הזה.","בונה דוח — כרטיס נושא | נושא לדוגמה: שברים
אחרי החלפה: reasonHe: ב«…» הדיוק נמוך (…%) והטעויות מהוות חלק משמעותי מהתרגול…. כנראה שהקושי יושב על בסיס חסר — עדיף לרדת רמה אחת רק בנושא הזה.",medium,
608,parent-report-hebrew-owner-review-13-rows-601-617.xlsx,PR-HE-02211,utils/topic-next-step-engine.js,216,report_builder,topic_card,,שברים,,המנוע מנסה להסביר איפה הופיע קושי בתרגול ומה כדאי לבדוק שוב.,"בונה דוח — כרטיס נושא | נושא לדוגמה: שברים
לפני החלפה: studentHe: נוריד רגע רמת קושי ב«דני» כדי שיהיה יותר ברור — ואז יהיה קל יותר להצליח.","בונה דוח — כרטיס נושא | נושא לדוגמה: שברים
אחרי החלפה: studentHe: נוריד רגע רמת קושי ב«…» כדי שיהיה יותר ברור — ואז יהיה קל יותר להצליח.",medium,
609,parent-report-hebrew-owner-review-13-rows-601-617.xlsx,PR-HE-02212,utils/topic-next-step-engine.js,219,report_builder,topic_card,,שברים,,המנוע מנסה להפוך את הנתונים להמלצה קצרה וברורה להורה.,"בונה דוח — כרטיס נושא | נושא לדוגמה: שברים
לפני החלפה: reasonHe: ב«דני» עובדים כבר ברמה הקלה ביותר ([נתון משתנה]) אבל הדיוק עדיין נמוך ([דיוק]%)[נתון משתנה]. סביר שהפער הוא כיתתי — כדאי לרדת כיתה אחת רק בנושא הזה.","בונה דוח — כרטיס נושא | נושא לדוגמה: שברים
אחרי החלפה: reasonHe: ב«…» עובדים כבר ברמה הקלה ביותר (…) אבל הדיוק עדיין נמוך (…%)…. סביר שהפער הוא כיתתי — כדאי לרדת כיתה אחת רק בנושא הזה.",medium,
610,parent-report-hebrew-owner-review-13-rows-601-617.xlsx,PR-HE-02214,utils/topic-next-step-engine.js,221,report_builder,topic_card,,שברים,,המנוע מנסה להפוך את הנתונים להמלצה קצרה וברורה להורה.,"בונה דוח — כרטיס נושא | נושא לדוגמה: שברים
לפני החלפה: studentHe: ב«דני» ננסה כיתה קצת יותר נוחה — רק שם — כדי שהכל יהיה יותר הוגן.","בונה דוח — כרטיס נושא | נושא לדוגמה: שברים
אחרי החלפה: studentHe: ב«…» ננסה כיתה קצת יותר נוחה — רק שם — כדי שהכל יהיה יותר הוגן.",medium,
611,parent-report-hebrew-owner-review-13-rows-601-617.xlsx,PR-HE-02219,utils/topic-next-step-engine.js,348,report_builder,topic_card,,שברים,,המנוע מנסה להסביר איפה הופיע קושי בתרגול ומה כדאי לבדוק שוב.,"בונה דוח — כרטיס נושא | נושא לדוגמה: שברים
לפני החלפה: reasonHe: יש רק [מספר שאלות] שאלות ב«דני» בתקופה שנבחרה — מוקדם מדי לשנות כיתה או רמת קושי. עדיף עוד מפגשים קצרים באותה הגדרה ואז נבחן מחדש.","בונה דוח — כרטיס נושא | נושא לדוגמה: שברים
אחרי החלפה: reasonHe: יש רק … שאלות ב«…» בתקופה שנבחרה — מוקדם מדי לשנות כיתה או רמת קושי. עדיף עוד מפגשים קצרים באותה הגדרה ואז נבחן מחדש.",medium,
612,parent-report-hebrew-owner-review-13-rows-601-617.xlsx,PR-HE-02221,utils/topic-next-step-engine.js,350,report_builder,topic_card,,שברים,,המנוע מנסה להפוך את הנתונים להמלצה קצרה וברורה להורה.,"בונה דוח — כרטיס נושא | נושא לדוגמה: שברים
לפני החלפה: studentHe: נמשיך עוד קצת באותה רמה ב«דני» — ואז נדע טוב יותר מה הלאה.","בונה דוח — כרטיס נושא | נושא לדוגמה: שברים
אחרי החלפה: studentHe: נמשיך עוד קצת באותה רמה ב«…» — ואז נדע טוב יותר מה הלאה.",medium,
613,parent-report-hebrew-owner-review-13-rows-601-617.xlsx,PR-HE-02255,utils/topic-next-step-phase2.js,491,report_builder,general,,,zero_data_math_q0,המנוע מנסה לתת להורה פעולה פשוטה שאפשר לעשות בבית בלי לחץ.,"בונה דוח — home recommendations
לפני החלפה: עדיין מוקדם לקבוע כיוון ברור — עדיף תרגול קצר ושגרתי באותה רמה.","בונה דוח — home recommendations
אחרי החלפה (ללא שינוי מוצע): עדיין מוקדם לקבוע כיוון ברור — עדיף תרגול קצר ושגרתי באותה רמה.",medium,
614,parent-report-hebrew-owner-review-13-rows-601-617.xlsx,PR-HE-02320,utils/topic-next-step-phase2.js,1190,report_builder,topic_card,,שברים,,המנוע מנסה להפוך את הנתונים להמלצה קצרה וברורה להורה.,"בונה דוח — כרטיס נושא | נושא לדוגמה: שברים
לפני החלפה: המלצה לגבי «דני»: [נתון משתנה].","בונה דוח — כרטיס נושא | נושא לדוגמה: שברים
אחרי החלפה: המלצה לגבי «…»: ….",medium,
615,parent-report-hebrew-owner-review-13-rows-601-617.xlsx,PR-HE-02321,utils/topic-next-step-phase2.js,1191,report_builder,topic_card,,שברים,,המנוע מנסה להפוך את הנתונים להמלצה קצרה וברורה להורה.,"בונה דוח — כרטיס נושא | נושא לדוגמה: שברים
לפני החלפה: הדפוס הנראה בביצוע: [נתון משתנה].","בונה דוח — כרטיס נושא | נושא לדוגמה: שברים
אחרי החלפה: הדפוס הנראה בביצוע: ….",medium,
616,parent-report-hebrew-owner-review-13-rows-601-617.xlsx,PR-HE-02329,utils/topic-next-step-phase2.js,1200,report_builder,topic_card,,שברים,,המנוע מנסה להפוך את הנתונים להמלצה קצרה וברורה להורה.,"בונה דוח — כרטיס נושא | נושא לדוגמה: שברים
לפני החלפה: נקודות לתשומת לב: [נתון משתנה].","בונה דוח — כרטיס נושא | נושא לדוגמה: שברים
אחרי החלפה: נקודות לתשומת לב: ….",medium,
617,parent-report-hebrew-owner-review-13-rows-601-617.xlsx,PR-HE-02333,utils/topic-next-step-phase2.js,1210,report_builder,topic_card,,שברים,,המנוע אומר שעדיין אין מספיק תרגול כדי להסיק מסקנה ברורה.,"בונה דוח — כרטיס נושא | נושא לדוגמה: שברים
לפני החלפה: לאסוף יותר מ־[נתון משתנה] שאלות בתקופה שנבחרה","בונה דוח — כרטיס נושא | נושא לדוגמה: שברים
אחרי החלפה: לאסוף יותר מ־… שאלות בתקופה שנבחרה",medium,